X Field,X轴字段
Y Field,Y轴字段
{0} days ago,{0}天前
Scheduler Inactive,后台任务未启动
{0} records will be exported,将导出 {0} 笔记录
Pick List,拣货单
Search for anything,搜索任何内容
Is Transporter,是物流公司
Attach a web link,添加一个网址
Make {0} Variant,生成{0}个多规格物料
Bank Account Details,银行账户明细
Sales Orders,销售订单
'Recipients' not specified,&#39;收件人&#39;未指定
&lt;head&gt; HTML,&lt;HEAD&gt; HTML
** Failed: {0} to {1}: {2},**失败：{0} {1}：{2}
of,/
0 - Draft; 1 - Submitted; 2 - Cancelled,0 - 草稿; 1 - 已提交; 2 - 已取消
0 is highest,0是最高的
"Permissions at level 0 are Document Level permissions, i.e. they are primary for access to the document.",0级权限是单据级的权限，也就是说，它们是主要用于访问文件。
Oct,10
Nov,11
Dec,12
1 minute ago,1分钟前
1 hour ago,1小时前
1 record will be exported,将导出一笔记录
1 week ago,一周前
Jan,01
Feb,02
Mar,03
Apr,04
May,04
Jun,06
Jul,07
5 Records,5笔记录
Aug,08
Sep,09
Customizations for <b>{0}</b> exported to:<br>{1},<b>{0}的</b>自定义已导出到： <br> {1}
"<h3>About Product Bundle</h3>

<p>Aggregate group of <b>Items</b> into another <b>Item</b>. This is useful if you are bundling a certain <b>Items</b> into a package and you maintain stock of the packed <b>Items</b> and not the aggregate <b>Item</b>.</p>
<p>The package <b>Item</b> will have <code>Is Stock Item</code> as <b>No</b> and <code>Is Sales Item</code> as <b>Yes</b>.</p>
<h4>Example:</h4>
<p>If you are selling Laptops and Backpacks separately and have a special price if the customer buys both, then the Laptop + Backpack will be a new Product Bundle Item.</p>",<h3>套件</h3><p>将一组<b>物料</b>组合成另一个<b>套件物料</b>.适用于套件包含的物料属于库存物料，套件本身只是用于销售，在物料主数据中勾选<code>允许销售</code>，不勾选<code>允许库存</code></p><h4>比如:</h4><p>你单独出售笔记本电脑和电脑包，希望给同时购买笔记本电脑和电脑包的客户特别的优惠，就可以将笔记本电脑和电脑包组合成一个套件</p>
AMC Expiry Date,年底维保合同到期日
API,API
API Key,API密钥
API Secret,API密码
API Endpoint,API端点
API Endpoint Args,API端点参数
BOM {0} does not belong to Item {1},BOM{0}不属于物料{1}
BOM {0} must be active,BOM{0}必须处于生效状态
BOM does not contain any stock item,BOM不包含任何库存物料
BOM Explosion Item,BOM底层物料
BOM Operation,BOM工序
BOM Variance Report,BOM差异报表
BOM Search,物料用途查询(用在哪个物料清单中)
BOM Update Tool,物料清单批量更新工具
BOM Item,BOM明细
BOM Rate,BOM税率
BOM Website Operation,展示在网站上的BOM工序
BOM Website Item,展示在网站上的BOM物料
Beta,Beta版
Path to CA Certs File,CA Certs文件的路径
Ctrl+Enter to add comment,Ctrl + Enter 添加评论
DESC,倒序
DocType must be Submittable for the selected Doc Event,DocType必须为所选Doc事件提交
Doctype required,Doctype需要
ERPNext Settings,设置
Excise Entry,消费税分录
Fw: {0},FW：{0}
Folio no.,股东名册编号
GMail,GMail
Google Contacts,Google通讯录
Help HTML,HTML帮助
Letter Head in HTML,打印表头HTML
Modules HTML,HTML模块
HTML for header section. Optional,HTML的标题区。可选
Idx,IDX
JS,JS
JavaScript Format: frappe.query_reports['REPORTNAME'] = {},JavaScript格式：frappe.query_reports ['REPORTNAME'] = {}
JavaScript,JavaScript的
Javascript,Javascript
LDAP First Name Field,LDAP 姓名字段
LDAP Security,LDAP安全性
LDAP is not enabled.,LDAP未启用。
LDAP Not Installed,LDAP未安装
LDAP Email Field,LDAP电子邮件字段
Interviewer,面试官
Lft,Lft
Logo,Logo
Mx,MX
Min Amt can not be greater than Max Amt,最小金额不能大于最大金额
MyISAM,MyISAM数据
OAuth Bearer Token,OAuth的承载令牌
OAuth Authorization Code,OAuth的授权码
OAuth Provider Settings,OAuth的提供商设置
OTP Secret has been reset. Re-registration will be required on next login.,OTP Secret已被重置。下次登录时需要重新注册。
OTP Issuer Name,OTP发行人名称
OTP App,OTP应用程序
PDF generation failed because of broken image links,PDF生成，因为破碎的图像链接失败
PDF Page Size,PDF页面大小
POS,POS
POS Customer Group,POS客户组
POS Item Group,POS物料组
POS Profile,POS设置
Parent is the name of the document to which the data will get added to.,Parent是将数据添加到的单据的名称。
Prevdoc DocType,Prevdoc的DocType
ProTip: Add <code>Reference: {{ reference_doctype }} {{ reference_name }}</code> to send document reference,ProTip：添加<code>Reference: {{ reference_doctype }} {{ reference_name }}</code>发送单据引用
Expiry time of QR Code Image Page,QR码图像页面的到期时间
Rgt,RGT
Redis cache server not running. Please contact Administrator / Tech support,Redis缓存服务器无法运行。请联系管理员/技术支持
SSL/TLS Mode,SSL / TLS模式
SWIFT number,SWIFT号码
Sendgrid,Sendgrid
Slack Webhook URL,Slack Webhook网址
Slack,Slack(即时通讯工具）
SparkPost,SparkPost
TDS Computation Summary,代扣所得税摘要
Test_Folder,Test_Folder
UID,UID
UIDNEXT,UIDNEXT
UIDVALIDITY,UIDVALIDITY
Verdana,Verdana
Webhook URL,Webhook URL
Webhook Data,Webhook数据
Webhook Header,Webhook头信息
Webhook Headers,Webhook头信息
Webhook Request,Webhook请求
Web Form Field,Web表单字段
Web Form Fields,Web表单字段
Web View,Web视图
XLSX,XLSX
Yandex.Mail,Yandex.Mail
Y Axis Fields,Y轴字段
fairlogin,fairlogin
old_parent,old_parent
Hi {0},您好，{0}
{0} Google Contacts synced.,{0} Google通讯录同步。
{0} {1} created,{0} {1} 已创建
{0} {1} is not active,{0} {1} 未生效
"{0} {1} does not exist, select a new target to merge",{0} {1}不存在，选择一个新的目标合并
"{0} {1} cannot be ""{2}"". It should be one of ""{3}""",{0} {1}不能为“{2}”。只能是“{3}”其中一个
{0} {1} cannot be a leaf node as it has children,{0} {1}不能是一个叶节点，因为它有下级
"{0} {1} is associated with {2}, but Party Account is {3}",待付款源单据 {0} {1} 科目 {2} 与当前收付款凭证科目 {3} 不一致
{0} units of {1} needed in {2} on {3} {4} for {5} to complete this transaction.,本单据 {5} 记账时间点 {3} {4} 发料仓 {2} 物料 {1} 库存不足 {0}。
{0} {1} already exists,{0} {1}已经存在
{0} {1} is cancelled so the action cannot be completed,{0} {1}已被取消，因此操作无法完成
{0} {1} not found,{0} {1}未找到
Assignment for {0} {1},{0} {1}的分派
{0} {1}: 'Profit and Loss' type account {2} not allowed in Opening Entry,{0} {1}：“损益”科目类型{2}不允许开账凭证
{0} {1}: Either debit or credit amount is required for {2},{0} {1}：请为 {2} 输入借方或贷方
{0} {1}: Customer is required against Receivable account {2},{0} {1}：应收账款科目{2}客户信息必填
{0} {1}: Supplier is required against Payable account {2},{0} {1}：应付账款科目{2}供应商信息必填
{0} {1}: Cost Center is mandatory for Item {2},{0} {1}：请为物料 {2} 填写成本中心
{0} is not a valid Email Address,{0} 不是有效的邮箱地址
{0} from {1} to {2},{0} 从 {1} 变更为 {2}
{0} m,{0} 分
{0} d,{0} 天
{0}d,{0} 天
{0} w,{0} 周
{0} added,{0} 成功添加
{0} M,{0} 月
Insufficient Permission for {0},{0} 权限不足
{0} Tree,{0} 树
{0} logged out: {1},{0} 登出: {1}
{0}: Cannot set import as {1} is not importable,{0} ：{1}无法导入所以不能设置“导入”
{0}: No basic permissions set,{0} ：基本权限未设置
{0}: Permission at level 0 must be set before higher levels are set,{0} ：更高级别的权限设置前请先设置0级权限
{0}: Cannot set Import without Create,{0} ：没有“创建”的情况下不能分派“导入”
{0}: Cannot set Amend without Cancel,{0} ：没有“取消”的情况下不能设置“修订”
{0}: Cannot set Assign Amend if not Submittable,{0} ：没有“提交”的情况下不能分派“修订”
{0}: Cannot set Cancel without Submit,{0} ：没有“提交”的情况下不能分派“取消”
{0}: Cannot set Assign Submit if not Submittable,{0} ：没有“提交”的情况下不能分派“提交”
"{0}: Cannot set Submit, Cancel, Amend without Write",{0} ：没有写入的情况下不能设置“提交”，“取消”，“修订”
{0} '{1}' is disabled,{0}“{1}”已禁用
{0} not allowed to be renamed,{0}不允许改名
{0} is not in Optional Holiday List,{0}不在选休假假期表中
{0} does not exist in row {1},{0}不存在于第{1}行中
{0} is not a stock Item,{0}不是库存物料
{0} is not a raw printing format.,{0}不是原生打印命令格式。
{0} is not a valid Workflow State. Please update your Workflow and try again.,{0}不是有效的工作流状态。请更新您的工作流，然后重试。
Value for {0} cannot be a list,{0}不能是列表值
Field type cannot be changed for {0},{0}不能更改字段类型
No records present in {0},{0}中没有记录
{0} payment entries can not be filtered by {1},{0}收付款凭证不能由{1}过滤
{0} Dashboard,{0}数据面板
{0} un-shared this document with {1},{0}关闭了此单据对{1}的分享
{0} self assigned this task: {1},{0}分派了待办给自己：{1}
{0} to {1},{0}到{1}
merged {0} into {1},{0}合并为{1}
{0} Name,{0}单据编号(名称)
{0} shared this document with {1},{0}向{1}分享了此单据
"{0} field cannot be set as unique in {1}, as there are non-unique existing values",{0}字段不能在{1}中设置为唯一，因为这里存在非唯一的数值
{0} against Bill {1} dated {2},{0}对日期为{2}的发票{1}
{0} shared this document with everyone,{0}将本单据分享给了所有人
{0} hours ago,{0}小时前
{0} has already assigned default value for {1}.,{0}已为{1}分派了默认值。
{0} assigned {1}: {2},{0}已分派{1}：{2}
{0} already exists. Select another name,{0}已存在。选择其他名称
{0} changed {1} to {2},{0}已将{1}更改为{2}
{0} saved successfully,{0}已成功保存
{0} created successfully,{0}已成功创建
{0} has left the conversation in {1} {2},{0}已经离开对话{1} {2}
{0} already unsubscribed,{0}已经退订
{0} already unsubscribed for {1} {2},{0}已经退订了{1} {2}
{0} must be submitted,{0}必须先提交
{0} must be one of {1},{0}必须属于{1}
{0} must be unique,{0}必须是唯一的
{0} must be set first,{0}必须首先设置
{0} Report,{0}报表
Qty for {0},{0} 数量
{0} subscribers added,{0}新增用户
{0} is an invalid email address in 'Recipients',{0}是“收件人”中的无效电子邮件地址
{0} is mandatory. Maybe Currency Exchange record is not created for {1} to {2},{0}是强制性的。可能没有为{1}到{2}创建货币兑换记录
{0} is a mandatory field,{0}是必填字段
{0} is not the default supplier for any items.,{0}未被设置为任一物料的的默认供应商。
{0} items produced,{0}物料已完工
{0} items in progress,{0}物料生产中
{0} is now default print format for {1} doctype,{0}现在是{1}类型的默认打印格式
Sum of {0},{0}的总和
Incoming call from {0},{0}的来电
"{0} currently has a {1} Supplier Scorecard standing, and RFQs to this supplier should be issued with caution.",{0}当前供应商评分等级为{1}，请谨慎向该供应商询价。
"{0} currently has a {1} Supplier Scorecard standing, and Purchase Orders to this supplier should be issued with caution.",{0} 当前供应商评分等级为{1}，请谨慎下单给该供应商。
{0} Digest,{0}统计信息
{0} is on hold till {1},{0}被临时冻结至{1}
{0} is blocked so this transaction cannot proceed,{0}被临时冻结，所以此交易无法继续
{0} record deleted,{0}记录已删除
{0} asset cannot be transferred,{0}资产不得转移
Reference No & Reference Date is required for {0},{0}需要参考单据编号与参考日期
Illegal Document Status for {0},{0}非法单据状态
{0}% Delivered,{0}％已出库
{0}% Billed,{0}％已开票
{0} ({1}) cannot be greater than planned quantity ({2}) in Work Order {3},{0}（{1}）不能大于生产工单{3}中的计划数量（{2}）
"On {0}, {1} wrote:",{0}，{1}写道：
{0}: {1} is set to state {2},{0}：{1} 状态已变更为 {2}
{0}: Fieldtype {1} for {2} cannot be unique,{0}：{2}的字段类型{1}不能是唯一的
"{0}: '{1}' ({3}) will get truncated, as max characters allowed is {2}",{0}：“{1}”（{3}）将被截断，因最大允许字符数为{2}
"{0}: Only one rule allowed with the same Role, Level and {1}",{0}：具有相同的角色，级别和允许只有一个规则{1}
{0}: Field '{1}' cannot be set as Unique as it has non-unique values,{0}：字段“{1}”无法设置为“唯一”，因为它具有非唯一值
{0}: Fieldname {1} appears multiple times in rows {2},{0}：字段名{1}在行{2}中多次出现
{0}:Fieldtype {1} for {2} cannot be indexed,{0}：无法为{2}的字段类型{1}生成索引
"{0}: Employee email not found, hence email not sent",{0}：未设置员工电子邮箱，未发电子邮件通知
{0}: Field {1} of type {2} cannot be mandatory,{0}：类型{2}的字段{1}不能是必需的
{0}: Field {1} in row {2} cannot be hidden and mandatory without default,{0}：行{2}中的字段{1}无法隐藏，并且在没有默认情况下是必需的
{0}: Options required for Link or Table type field {1} in row {2},{0}：请为第{2}行中的链接或表类型字段{1}维护选项信息
{0}: Options {1} must be the same as doctype name {2} for the field {3},{0}：选项{1}必须与字段{3}的单据类型名称{2}相同
{0}: Options must be a valid DocType for field {1} in row {2},{0}：选项必须是行{2}中字段{1}的有效DocType
Quarter {0} {1},{1} {0}季度
Week {0} {1},{1} 第{0}周
{{{0}}} is not a valid fieldname pattern. It should be {{field_name}}.,{{{0}}} 不是有效的字段名格式，应为 {{field_name}}。
"""Parent"" signifies the parent table in which this row must be added",“parent”表示本条记录必须依赖添加的父表
"""Team Members"" or ""Management""",“团队成员”或“管理”
"""Customer Provided Item"" cannot be Purchase Item also",“受托加工材料”不能设置为允许采购
"""Customer Provided Item"" cannot have Valuation Rate",“受托加工材料”不允许有成本价
'From Date' must be after 'To Date',“开始日期”必须早于'终止日期'
'From Date' is required,“开始日期”是必需的
The field To Shareholder cannot be blank,“转入股东”字段不能为空
An icon file with .ico extension. Should be 16 x 16 px. Generated using a favicon generator. [favicon-generator.org],一个图标文件扩展名为.ico。应为16×16像素。使用图标生成器生成。 [favicon-generator.org]
Single Variant,一个多规格物料
One customer can be part of only single Loyalty Program.,一个客户只能参与一个积分方案。
1 month ago,一个月前
You cannot credit and debit same account at the same time,同一科目不可同时有借方和贷方。
There can be only one Fold in a form,一个表单只能有一个折叠
1 year ago,一年前
"Once set, this invoice will be on hold till the set date",一旦设置，该发票将被临时冻结至设定的日期
JAN,01
You can only upload upto 5000 records in one go. (may be less in some cases),一次最多只能上传5000条记录(某些情况下可能更少)
"As a best practice, do not assign the same set of permission rule to different Roles. Instead, set multiple Roles to the same User.",一种最佳的做法是，不要给不同的角色分派同样的权限规则，而是向同一用户分派多个角色。
July,7月
on,上
Parent Territory,上一级区域
Previous Financial Year is not closed,上一财年未关闭
Last Month,上个月
Upload {0} files,上传了{0}份文件
Uploaded To Dropbox,上传到Dropbox
Cannot match column {0} with any field,上传文件中的字段{0}无法匹配目标单据字段
"If you are uploading new records, ""Naming Series"" becomes mandatory, if present.",上传新纪录时，如果有单据编号模板字段，那么“单据编号模板”必须填写。
Half Day Date,上半天班日期
Parent Item,上层物料
Last Modified On,上次修改
Last Modified Date,上次修改日期
Last synced {0},上次同步{0}
Last Sync On,上次同步开启
Last Password Reset Date,上次密码重置日期
Last Carbon Check,上次年检日期
Last Sync of Checkin,上次签到同步时间
Shift Start,上班
The time before the shift start time during which Employee Check-in is considered for attendance.,上班前签到视作出勤。
Begin check-in before shift start time (in minutes),上班前签到（分钟）
Working hours below which Absent is marked. (Zero to disable),上班时间低于视为缺勤时间。（设为零不启用此功能）
Parent Sales Person,上级业务员
Parent Detail docname,上级物料名
Next Sync Token,下一个同步令牌
Next Action Email Template,审批邮件模板
Number of Order,下单次数
Select,单选
Next Schedule Date,下次执行日期
Next Depreciation Date,下次折旧日期
Shift End,下班
The time before the shift end time when check-out is considered as early (in minutes).,下班前签退视为早退（分钟）。
Time after the end of shift during which check-out is considered for attendance.,下班后签退视为早退。
Download Report,下载报表
Insert Below,下面插入
Skip Material Transfer,不从工单触发工单发料
Not allowed for {0}: {1},不允许{0}：{1}
Not allow to set alternative item for the item {0},不允许为物料{0}设置替代物料
Prevent POs,不允许创建采购订单
Prevent Purchase Orders,不允许创建采购订单
You are not allowed to delete a standard Website Theme,不允许删除标准网站主题
Standard roles cannot be renamed,不允许变更标准角色名
User {0} cannot be renamed,不允许变更用户名{0}
Login not allowed at this time,不允许在这个时候登录
Multiple root nodes not allowed.,不允许多个根节点。
Transaction not allowed against stopped Work Order {0},生产工单 {0} 已停止，不允许操作
Not allowed to update stock transactions older than {0},库存变动日期不能早于库存设置-库存变动锁账天数 {0} 限定的最晚可动帐日期
Not allowed to print cancelled documents,不允许打印已取消的单据
Not allowed to print draft documents,不允许打印草稿状态单据
Self approval is not allowed,不允许申请者自己批准
Prevent RFQs,不允许询价
Not Like,不含关键字
Do Not Include in Total,不包含在总计中
Not In,不包括
Different UOM for items will lead to incorrect (Total) Net Weight value. Make sure that Net Weight of each item is in the same UOM.,不同单位的物料会导致不正确的（总）净重值。请确保每个物料的净重使用同一个单位。
Do not update variants on save,不在保存时更新多规格物料
Print Without Amount,不打印金额
Single DocTypes cannot be customized.,不支持定制单笔记录单据类型
Not a valid Comma Separated Value (CSV File),不是一个有效的CSV文件
Not Descendants Of,不是后代
Not a valid Workflow Action,不是有效的工作流操作
Not Ancestors Of,不是祖先
Disable In Words,不显示大写金额
Incorrect User or Password,不正确的用户或密码
"Standard DocType cannot have default print format, use Customize Form",不能为标准DocType设置默认打印格式，请使用定制表单功能
Work Order cannot be raised against a Item Template,不能为模板物料创建新生产工单
'Has Serial No' can not be 'Yes' for non-stock item,不能为非库存物料勾选'启用序列号管理'
Fold can not be at the end of the form,不能在表单的末端折叠
No Copy,不能复制
Core DocTypes cannot be customized.,不能定制系统核心单据类型。
Cannot have multiple printers mapped to a single print format.,不能将多个打印机映射到单个打印格式。
Cannot change state of Cancelled Document. Transition row {0},不能改变已取消单据的状态。状态转换第{0}行
Standard Print Format cannot be updated,不能更新标准打印格式
Cannot move row,不能移动行
Cannot edit standard fields,不能编辑标准字段
Cannot edit a standard report. Please duplicate and create a new report,不能编辑标准的报表。请复制并创建一个新的报表
Cannot covert to Group because Account Type is selected.,科目类型字段须为空才能转换为组。
Rename Not Allowed,不能重命名
Cannot link cancelled document: {0},不能链接到已取消单据{0}
"Don't HTML Encode HTML tags like &lt;script&gt; or just characters like &lt; or &gt;, as they could be intentionally used in this field",后台不进行HTML编码过滤，即可以直接使用HTML标签，如&lt;SCRIPT&gt;或者就像字符&lt;或&gt;
Don't Send Emails,不要发电子邮件
Do not edit headers which are preset in the template,不要编辑模板中预设的标题
Don't Override Status,不要覆盖状态
N/A,不适用
Login with LDAP,与LDAP登录
Warehouses with existing transaction can not be converted to group.,与现有的交易仓库不能转换为组。
Merge with Existing Account,与现有科目合并
Sales Person,业务员
Sales Person-wise Transaction Summary,业务员业绩统计表
Sales Person Commission Summary,业务员佣金汇总表
Sales Person Name,业务员姓名
Sales Person Targets,业务员销售目标
Lost,未成交
Lost Reason,未成交原因
Lost Reasons,未成交原因
Opportunity Lost Reason,商机未成交原因
Quotation Lost Reason,报价未成交原因
Lost Reason Detail,未成交原因说明
Company currencies of both the companies should match for Inter Company Transactions.,两家公司的本币应匹配关联公司交易。
Strictly based on Log Type in Employee Checkin,严格基于员工签到与签退记录
Nos,个
Profile,个人信息
A Lead requires either a person's name or an organization's name,个人姓名或机构名称是线索的必填信息
Personal Data Download Request,个人资料下载请求
Center,中心
Intermediate,中级
Temporarily on Hold,临时冻结
Provisional Profit / Loss (Credit),利润/(亏损）（贷方）
Set Role For,权限对象
Select an image of approx width 150px with a transparent background for best results.,为了最佳效果，请选择一个宽度约150像素，背景透明的图片。
Track separate Income and Expense for product verticals or divisions.,为产品线或事业部单独跟踪收入和费用。
Adds a custom field to a DocType,为单据类型添加一个自定义字段
Bypass Two Factor Auth for users who login from restricted IP Address,为受限IP地址登录的用户绕过双重验证
{0} units of {1} needed in {2} to complete this transaction.,为完成此交易，在{2}中的物料{1}数量还缺{0}。
"For the convenience of customers, these codes can be used in print formats like Invoices and Delivery Notes",为方便客户，这些代码可以在打印格式(如发票和销售出库)中使用
Set targets Item Group-wise for this Sales Person.,为本业务员设置物料组级的销售目标
Set Item Group-wise budgets on this Territory. You can also include seasonality by setting the Distribution.,为此区域设置物料组层级的预算。还可以设置“每月分摊比例模板”，按季节设置不同的预算。
Sets 'Warehouse' in each row of the Items table.,为物料明细行设置仓码
Sets 'Source Warehouse' in each row of the items table.,为物料明细行设置发料仓
Sets 'Target Warehouse' in each row of the items table.,为物料明细行设置收料仓
Reserved for Production,生产预留数量
Reserved for POS Transactions,POS机预留数量
Main Section,主分区
Primary,首选
Master,主数据
Responsible,主管
Primary Contact,首选联系人
Primary Address,首选地址
Primary Address Details,首选地址信息
Primary Address and Contact,首选地址和联系人信息
Primary Contact Details,首选联系方式
Primary Settings,首选设置
Home/Test Folder 1,主页/测试文件夹1
Home/Test Folder 1/Test Folder 3,主页/测试文件夹1 /测试文件夹3
Home/Test Folder 2,主页/测试文件夹2
Theme URL,主题网址
One of,之一
Between,自
Transaction ID,银行业务编号
Transaction reference no {0} dated {1},交易参考编号 {0} 日期 {1}
Transaction currency must be same as Payment Gateway currency,交易货币必须与支付网关货币相同
Lead Time Days,交期天数
Lead Time,交期天数
Fees,交费记录
Transportation,交通
Mode of Travel,交通方式
Item {0} ignored since it is not a stock item,{0}不是库存产品，已被忽略
Products,产品
Product Discount Slabs,产品折扣率表
Product Bundle,套件
Product Bundle Balance,套件余额
Product Bundle Help,套件帮助
Bundle Qty,套件数量
Product Bundle Item,套件物料
Finished Good Item Code,产成品物料代码
Production Capacity,产能
Capacity Planning,产能计划
Capacity Planning For (Days),产能计划期限（天）
Dear,亲爱的
Dear {0},亲爱的{0}
"Dear User,",亲爱的用户，
"Dear System Manager,",亲爱的系统管理员，
Manually,人工选择
HR Manager,人资经理
HR User,人资职员
Maximum {0} rows allowed,仅允许最多{0}行
Allow user to login only before this hour (0-24),仅允许用户在此时前登录（0-24时）
Allow user to login only after this hour (0-24),仅允许用户在此时后登录（0-24时）
Can refer row only if the charge type is 'On Previous Row Amount' or 'Previous Row Total',仅在收费模式为“基于上一行金额”或“前一行的总计”才能参考（这一）行
Automatic Linking can be activated only if Incoming is enabled.,仅当勾选“收邮件”时，才能激活自动链接。
Showing only Numeric fields from Report,仅显示来自报表的数字字段
Only show Items from these Item Groups,仅显示这些物料组中的物料
Restrict user from this IP address only. Multiple IP addresses can be added by separating with commas. Also accepts partial IP addresses like (111.111.111),仅此IP地址限制用户。多个IP地址，可以通过用逗号分隔的补充。也接受像（111.111.111）部分的IP地址
If different than customer address,仅限客户地址不同
Today,今天
No alerts for today,今天无预警通知
Events in Today's Calendar,今日历中的活动
Upcoming Events for Today,今日活动
Received From,来自
Get your globally recognized avatar from Gravatar.com,从Gravatar.com网站获取您的个人图标，
Accrual Journal Entry for salaries from {0} to {1},从{0}到{1}的薪资预提日记账凭证
From {0} to {1},从{0}至 {1}
No template found at path: {0},从{0}路径中找不到模板
Get Items from Product Bundle,从套件选物料
Fetch attached images from document,从单据中获取添加的图像
Set Banner from Image,从图像设置横幅
renamed from {0} to {1},从更名{0}到{1}
Get Items from BOM,从物料清单选物料
Get Details From Declaration,从申报获取明细
New Message from Website Contact Page,从网站的联系页面新消息
From Range has to be less than To Range,从范围必须小于要范围
Accepted Warehouse,仓库
Warehouse {0} can not be deleted as quantity exists for Item {1},仓库{0}无法删除，因为产品{1}还有库存
Warehouse cannot be changed for Serial No.,仓库不能为序列号变更
Set Warehouse,仓码
Available Batch Qty at Warehouse,仓库内可用批号数量
Stock Manager,仓库经理
Stock User,仓管员
Outward,付款
Pay,付款
Payment Details,付款信息
Bank Entries,银行凭证
Payment Entries,收付款凭证
Payment Entry,收付款凭证
Payment Entries {0} are un-linked,收付款凭证{0}已被取消关联
Payment Entry is already created,收付款凭证已创建
Payment Entry already exists,收付款凭证已存在
Payment Document Type,收付款凭证类型
Payment Entry Reference,付款参考
Payment Account,付款科目
Payment Ordered,付款指令已下达
"Payment Type must be one of Receive, Pay and Internal Transfer",付款方式必须是收、付或转
Payment Date,付款日期
Payment Term,付款条款
Payment Terms Template Detail,付款条款模板信息
Payment Reconciliation,收付款核销
Account Paid From,贷方科目
Payment Schedule,付款计划
Paid Amount,付款金额
Paid amount + Write Off Amount can not be greater than Grand Total,付款金额+销账金额不能大于总金额
Paid Amount cannot be greater than total negative outstanding amount {0},付款金额不能大于总未付金额{0}
Paid Amount (Company Currency),付款金额（本币）
Deduct Tax For Unsubmitted Tax Exemption Proof,代扣未提交免税证明的税款
Tax Withholding Rate,代扣税款税率
Tax Withholding Rates,代扣税款税率
Tax Withholding Category,代扣税款类别
Agent,代理商
Represents the states allowed in one document and role assigned to change the state.,代表一个单据和角色分派给改变国家允许的状态。
Token is missing,令牌丢失
This is based on stock movement. See {0} for details,以上数据面板信息基于物料移动。详见{0}信息
Records for following doctypes will be filtered,以下单据类型的记录将被过滤
Following fields have missing values:,以下字段值缺失：
New {} releases for the following apps are available,以下应用程序有新版本{}了
Previous,上一个
Beginning with,以此开头
In points. Default is 9.,以点为单位。默认值是9。
Meter,仪表
dashboard,数据面板
Dashboards,数据面板
Dashboard,数据面板
Dashboard Name,统计图表名称
Dashboard Chart,统计图表
Dashboard Chart Source,统计图表数据源
Dashboard Chart Link,统计图表链接
Dashboard Manager,数据面板管理员
Value Based On,金额字段
Price or Product Discount,价格/产品折扣
Price or product discount slabs are required,价格或产品折扣表是必需的
For Price List,价格表
Price List,价格表
Price List {0} is disabled or does not exist,价格表{0}已禁用或不存在
Currency of the price list {0} must be {1} or {2},价格表{0}的货币必须是{1}或{2}
Price List Name,价格表名称
Price List Country,价格表国家
Price List must be applicable for Buying or Selling,价格表必须适用于采购或销售
Price List Exchange Rate,价格表汇率
Price List Currency,价格表货币
Price List Currency not selected,价格表货币没有选择
Rate at which Price list currency is converted to company's base currency,价格表货币转换为公司本币后的单价
Rate at which Price list currency is converted to customer's base currency,价格表货币转换成客户货币后的单价
Any other details,补充信息
Timesheet for tasks.,任务工时表。
Companies,公司
Org History,企业发展史
Company Email,公司邮箱
Leaves,休假
Leave,休假
"Leave cannot be allocated before {0}, as leave balance has already been carry-forwarded in the future leave allocation record {1}",休假不能在之前{0}分配，因为休假余额已经结转到未来的假期分配记录{1}
Leave Details,休假信息
Leave Status Notification Template,休假状态通知模板
Leave Type {0} cannot be carry-forwarded,休假类型{0}不支持结转
Total leaves allocated is mandatory for Leave Type {0},休假类型{0}：总已分配休假天数必填
Priority,优先级
Vouchers,凭证
Stock Ledger Entries and GL Entries are reposted for the selected Purchase Receipts,会为所选采购入库重新生成物料移动和会计总账凭证
Will also apply for variants,也将应用于多规格物料。
Accounts User,会计
Accounting Masters,会计主数据
Accounting Details,会计信息
Journal Entry,日记账凭证
Against Journal Entry {0} does not have any unmatched {1} entry,日记账凭证{0}没有不符合的{1}分录
Journal Entries {0} are un-linked,日记账凭证{0}没有关联
Journal Entry {0} does not have account {1} or already matched against other voucher,日记账凭证{0}没有科目{1}或已经匹配其他凭证
Journal Entry Account,日记账凭证科目
Accounting Entry for {0}: {1} can only be made in currency: {2},{0} {1} 相关的会计凭证：货币只能是：{2}
Accounting Ledger,会计凭证
General Ledger,会计总账
Ledger,会计凭证
Accounting Dimension,辅助核算
Accounting Dimensions,辅助核算
Accounting Dimensions ,辅助核算
Session Expiry must be in format {0},会话到期格式必须是{0}
Lower Income,低收入
Balance must be,余额方向
Activity Name,作业名称
Activity Cost,作业成本
Activity Type,作业类型
Default Activity Cost exists for Activity Type - {0},作业类型 -  {0}的默认作业成本已存在
Show Preview Popup,显示链接字段鼠标悬停预览弹窗
Disable Report,禁用报表
You are not allowed to send emails related to this document,你不允许发送与此单据相关的电子邮件
You are not allowed to update this Web Form Document,你不允许更新此Web表单
You cannot unset 'Read Only' for field {0},你不能为字段{0}取消“只读”设置
You are not allowed to create columns,你无权创建列
You are not authorized to add or update entries before {0},你未被授权在会计设置->会计关账 中设置的冻结记账截止日 {0} 前新增或变更会计凭证。
You don't have permission to get a report on: {0},你没有权限获得{0}的报表
You are not permitted to access this page.,你没有权限访问此页面。
You are not connected to Internet. Retry after sometime.,你没有连接到互联网。在某个时间后重试。
Your Country,国家
Your Language,语言
Are you sure?,你确定吗？
You need to be in developer mode to edit a Standard Web Form,你需要在开发模式编辑标准Web窗体
"You need to have ""Share"" permission",你需要有“分享”权限
Use ASCII encoding for password,使用ASCII编码作为密码
Send Print as PDF,使用PDF格式发送打印
Send Email Print Attachments as PDF (Recommended),使用PDF格式发送打印附件（推荐）
Use POST,使用POST
Use Google Maps Direction API to optimize route,使用地图导航API优化配送路线
Use Google Maps Direction API to calculate estimated arrival times,使用地图导航API计算预估到达时间
Use this fieldname to generate title,使用该字段名来生成标题
Header HTML set from attachment {0},使用附件{0}设置HTML文件头
use % as wildcard,使用％作为通配符
Exception,例外
Example,例如
e.g. pop.gmail.com / imap.gmail.com,例如pop.gmail.com / imap.gmail.com
e.g. replies@yourcomany.com. All replies will come to this inbox.,例如replies@yourcomany.com。所有的回复将被发送到这个收件箱。
"e.g. ""Support"", ""Sales"", ""Jerry Yang""",例如“支持“，”销售“，”杨杰“
"Example: ABCD.#####. If series is set and Batch No is not mentioned in transactions, then automatic batch number will be created based on this series. If you always want to explicitly mention Batch No for this item, leave this blank. Note: this setting will take priority over the Naming Series Prefix in Stock Settings.",例如：ABCD.##### 如果已设置批号模板且单据中未手工输入批号，则将根据此批号模板创建批号。如果您希望手工输入此物料的批号，请将此栏位留空。注意：此设置将优先于库存设置中的批号模板前缀。
"Example: ABCD.#####
If series is set and Serial No is not mentioned in transactions, then automatic serial number will be created based on this series. If you always want to explicitly mention Serial Nos for this item. leave this blank.",例如：ABCD.##### 如果设置了序列号模板且未在单据中输入序列号，系统会基于序列号模板自动生成序列号。如果序列号都是手工输入，请将此栏位留空。
Eg. smsgateway.com/api/send_sms.cgi,例如：smsgateway.com/API/send_sms.cgi
"For example: If you want to include the document ID, use {0}",例如：如果要包括文件ID，使用{0}
For Supplier,供应商
Supplier Reference,供应商介绍
Supplier Warehouse,委外仓
Supplier Invoice No exists in Purchase Invoice {0},供应商发票号已被采购发票{0}引用
Supplier Invoice Date,供应商发票日期
Supplier Invoice No,供应商发票号
Supplier Ledger Summary,供应商台账汇总
Supplier Addresses And Contacts,供应商地址与联系人
Average time taken by the supplier to deliver,供应商交付所需的平均时间。
Supplier Quotation Item,供应商报价明细
Supplier delivers to Customer,供应商直运给客户
Supplier Group,供应商组
Supplier Group Name,供应商组名称
Supplier Naming By,供应商号字段
Supplier Scorecard Variable,供应商评分变量
Supplier Scorecard,供应商评分卡
Supplier Scorecard Scoring Standing,供应商当前评分
Supplier Scorecard Standing,供应商评分等级
Supplier Scorecard Period,供应商评分期间
Supplier Scorecard Criteria,供应商评分指标
Supplier Scorecard Setup,供应商评分卡设置
Supplier Scorecard Scoring Variable,供应商评分变量
Supplier Scorecard Scoring Criteria,供应商评分指标
Supplier Delivery Note,供应商送货单
Supplier Part Number,供应商物料号
Supplied Items,委外原材料
Supplied Item,委外原材料
Contributed,供稿
Round Robin,依序轮流
Dependencies,依赖关系
Campaign Name,促销活动名称
Campaign Naming By,促销活动号字段
Campaign Schedules,促销计划
Warranty / AMC Details,年度维保合同信息
Warranty / AMC Status,年度维保合同状态
Warranty Period (Days),保修期天数
Warranty Period (in days),保修期天数
Insurance Details,保单信息
Policy No,保单号
Saving,保存
Saving...,保存...
Save filters,保存过滤条件
There was an error saving filters,保存过滤条件时出错
Insurance Start Date,保险生效日
Insurance End Date,保险失效日
Insured value,保额
Letter,信
Rename {0},修改{0}的单据编号
Edit DocType,修改单据类型
Rename,修改单据编号(名称)
"Allowing DocType, DocType. Be careful!",修改核心单据类型：DocType 。请格外小心！
Edit Auto Email Report Settings,修改自动电子邮件-报表设置
Edit Posting Date and Time,修改记账日期与时间
Amended From,修订自(上一版单据编号)
Sort Descending,倒序
Debit and Credit not equal for {0} #{1}. Difference is {2}.,借{0}贷{1}不相等。差额为{2}。
Debit in Company Currency,借方(本币)
Debit Amount,借方
Debit ({0}),借方（{0}）
Debit To is required,借记科目必填
Debit A/C Number,借记科目号
Debit To,借记科目（应收账款）
Value cannot be changed for {0},值不能被改变为{0}
Value Change,金额变动
Value Changed,值变更的字段
Applicable Holiday List,假期表
Holiday List,假期表
Holiday List Name,假期表名称
Preference,偏好
Downtime,停机
Failure Date,停机日期
Complete Job,停止计时
Loan Repayment,偿还借款
Close Loan,偿还借款
Bin,实时库存
Slideshow like display for the website,像幻灯片那样显示，用于网站。
Child warehouse exists for this warehouse. You can not delete this warehouse.,因仓库已是其它仓库的父仓库。不允许删除。
Child Docname,子单据名称/编号
Allow Google Contacts Access,允许Google通讯录访问
Allow Item to be added multiple times in a transaction,物料明细表允许相同物料号在不同行重复出现
Allow check-out after shift end time (in minutes),允许下班后签退（分钟）
Allow Account Creation Against Child Company,允许为子公司创建科目
Allowed To Transact With,允许交易
Allow Resetting Service Level Agreement from Support Settings.,允许从售后支持设置重置服务水平协议。
Allow the following users to approve Leave Applications for block days.,允许以下用户批准在禁止休假日的休假申请。
Allow Rename,允许修改单据编号(名称)
In Global Search,允许全局全文检索
Allow page break inside tables,允许列表中有分页符
Allow approval for creator of the document,允许单据创建者审批单据
Allow Production on Holidays,允许在假期内生产
Allow Print for Draft,允许在草稿状态下打印
Allow document creation via Email,允许基于收到的邮件创建单据
Allow Multiple Material Consumption,允许多次耗用物料
Allow Import (via Data Import Tool),允许导入（数据导入工具）
Allow in Quick Entry,包含在快速录入弹窗中
Allow Print for Cancelled,允许打印已取消的单据
Allow Tax Exemption,允许扣除免税额
Allow Bulk Edit,允许批量修改
Allow on Submit,允许提交后修改
Allow only one session per user,允许每个用户只有一个会话
Allow Self Approval,允许自已批准
Allow Read On All Link Options,允许读取所有链接选项
Allow Zero Valuation Rate,成本价为0
Meta Tags,元标记
Full,全
LIFO,后进先出
Exemption Sub Category,免税子类别
Exemption Category,免税类别
Free Item,免费物料
Is Free Item,免费？
Redeem Loyalty Points,兑换积分
Material Receipt,其他入库
Incoming Rate,入库成本价
Joining Date,入校日期
Started,入门
From Full Name,全名
All-uppercase is almost as easy to guess as all-lowercase.,全大写几乎一样容易猜到全部小写。
All Day,全天
Global Shortcuts,全局访问
Is Global,全局有效？
Full Page,全屏显示
Edit Full Form,全屏编辑
Catch All,全部
Unselect All,全部不选
"Total {0} for all items is zero, may be you should change 'Distribute Charges Based On'",全部分摊基准{0}合计为零，可能你需要修改“费用分摊基准”
Collapse All,全部折叠
Global Unsubscribe,全部退订
Gram,公克
For Company,公司
Company Name,公司名
Company name not same,公司名不一样
Company Name cannot be Company,公司名不能作为公司
Company registration numbers for your reference. Tax numbers etc.,其它参考信息，如公司注册号、税号等
Company Abbreviation,公司简称
Company Abbreviation cannot have more than 5 characters,公司简称不能超过5个字符
Fiscal Year Company,公司财年
Company Bank Account,公司银行户头
Public,公开
Non Profit,公益组织
June,6月
About Us Team Member,关于我们 团队成员
About Us Settings,关于我们设置
Settings for the About Us Page,关于我们页面的设置
Document Follow,关注单据
Inter Company Journal Entry Reference,关联公司业务日记账凭证参考
No {0} found for Inter Company Transactions.,关联公司交易没有找到{0}。
Inter Company Journal Entry,关联公司日记账凭证
Inter Company Invoice Reference,关联公司发票参考
Inter Company Order Reference,关联公司订单参考号
Reference Document,源单据
Related,关联单据
Reference Owner,源单据制单人
Reference Name,源单据
Reference name,源单据
Reference DocType,源单据类型
Reference Type,源单据类型
Reference DocName,源单据
Link a new bank account,关联新的银行户头
Against Blanket Order,框架订单
Against Stock Entry,源物料移动单
Reference Purchase Receipt,采购入库单
Key Reports,关键报表
KRA,关键结果领域(绩效指标)
Key Performance Area,关键绩效领域
Closed order cannot be cancelled. Unclose to cancel.,关闭的定单不能被取消。 Unclose取消。
Closed Documents,已关闭单据类型
Interests,兴趣爱好
Rows with duplicate due dates in other rows were found: {0},其他行已存在相同的付款到期日：{0}
Other Details,其他详细信息
Others,其它
Other,其它
Discount on Other Item,其它物料的折扣
Other Taxes and Charges,其它税费
"Another {0} with name {1} exists, select another name",具有相同名称{1}的{0}已存在，请更名。
Part-time,兼职
Write,写
Compose Email,写邮件
Reverse Journal Entry,冲销日记账凭证
Period based On,决定期间的日期
Hold,临时冻结
On Hold,临时冻结
Block Supplier,临时冻结供应商
Reason For Putting On Hold,临时冻结原因
Reason for Hold,临时冻结原因
Block Invoice,冻结发票
Hold Invoice,冻结发票
Hold Type,临时冻结类型
Net Rate,净价
Net Rate (Company Currency),净价（本币）
Net Total (Company Currency),净总计(本币)
Net Hour Rate,净工费率
Net Total,净总计
Net Profit/Loss,净损益
Net pay cannot be negative,实付金额不能为负数
Net Weight UOM,净重单位
Net Amount (Company Currency),净额（本币）
Preparing Report,准备报表
Send After (days),几天后发送
Begin On (Days),几天后开始
Close Issue After Days,几天后自动关闭问题
Voucher #,凭证号
Voucher Detail No,凭证明细ID
Document Type is not importable,凭证类型不可导入
Voucher No,凭证号
Something went wrong,出了些问题
Travel From,出发地
Outgoing Rate,出库成本价
Goods are already received against the outward entry {0},出库移动物料{0}已收货
Date of Birth cannot be greater than today.,出生日期不能晚于今天。
Delivery,出货
Delivery Warehouse,出货仓
Delivery Details,出货信息
Delivery Date,出货日期
Lead Time Date,出货时间日期
Outgoing,发件
Shipping Rule Country,出货规则国家
Delivery Settings,出货设置
Out of AMC,年度维保合同失效日
Function Based On,函数基准字段
Share,分享
Share With,分享
Shared,分享
share,分享
Share this document with,分享给
Split,分拆
Distribution Name,分摊名称
Percentage Allocation,分摊百分比
Subsidiary,分支机构
Branch Code,分行
Assign,分派
Assigned,分派
Assignment,分派
Assignment Completed,分派已完成
Assignment Days,分派日
Assign Condition,分派条件
Allocated To,执行人
Assign To,执行人
Assigned To,创建待办
Assigned To/Owner,执行人/发起人
Assign to Name,执行人姓名
Assign to the one who has the least assignments,指派给待办最少的用户
Assign to me,自己认领
Assign To Users,指派给用户
Assigned By,发起人
Assigned By Full Name,发起人姓名
Assignment Rule,分派规则
Assignment Rules,分派规则
Assignment Rule User,分派规则用户
Group by,分组字段
Group By,分组字段
Res: {0},分辨率：{0}
Leave Allocations,分配可休假配额
Allocated amount cannot be greater than unadjusted amount,已分配金额不能大于未调整金额
Assigning Structures...,分配结构......
In Minutes,分钟
In minutes,分钟
Minutes,会议记录
Page Break,分页符
Cut,切
Toggle Full Width,切换全宽
Switch To Desk,切换到主页（桌面）
Toggle Grid View,切换到图标视图
Toggle Sidebar,切换边栏
Column <b>{0}</b> already exist.,列<b>{0}</b>已经存在。
No of Columns,列编号
List Filter,列表过滤条件
In List Filter,列表过滤条件
Created,创建
Make,新建
Creating {0},创建{0}
Make {0},新建{0}
created,创建于
{0} variants created.,新建了{0}个多规格物料。
Created On,创建于
Create Payment Entry,创建收付款凭证
Creating Payment Entries......,创建收付款凭证......
Document type is required to create a dashboard chart,创建数据面板图表需要单据类型
Create Journal Entry,创建日记账凭证
Setting up company,创建公司
Failed to setup company,创建公司失败
Create Inter Company Journal Entry,创建关联公司交易日记账凭证
Before Insert,创建前
There were errors while creating the document. Please try again.,创建单据时出错。请再试一次。
Request for Raw Materials,原材料物料需求
After Insert,创建后
Create Employee Records,创建员工档案
Create Variant,创建多规格物料
Create Variants,创建多规格物料
Variant creation has been queued.,创建多规格物料任务已添加到后台资料更新队列中。
Create Timesheet,创建工时表
Create Job Card,创建生产任务单
Create Missing Party,创建往来单位（供应商或客户）
Make Depreciation Entry,创建折旧凭证
Make Quotation,创建报价
Create Pick List,创建拣货单
Open a new ticket,创建新客服工单
New {0} pricing rules are created,创建新{0}动态规则
Create New Employee Id,创建新的员工号
Start new Format,创建新的打印格式
Add A New Rule,创建新规则
Add a New Role,创建新角色
Warn for new Purchase Orders,创建新采购订单时弹出警告信息
Material Request used to make this Stock Entry,创建此物料移动的物料需求
Make Stock Entry,创建物料移动
A logical Warehouse against which stock entries are made.,创建物料移动所依赖的逻辑仓库。
Create User Permission,创建用户权限限制
Create User Email,创建用户电子邮件
Creating Accounts...,创建科目......
Create Tax Template,创建税费模板
Create Leads,创建线索
Creating Dimensions...,创建辅助核算......
Check Vacancies On Job Offer Creation,创建聘书时检查职位空缺
Create Delivery Trip,创建配送单
Make Purchase Invoice,创建采购发票
Warn POs,创建采购订单时弹出警告信息
Warn Purchase Orders,创建采购订单时弹出警告信息
Make Sales Invoice,创建销售发票
Create Sales Orders to help you plan your work and deliver on-time,创建销售订单以帮助您规划工作并按时出货
Getting Started,初始资料准备
Deleting {0},删除{0}
The process for deletion of {0} data associated with {1} has been initiated.,删除与{1}关联的{0}数据的过程已启动。
Remove Section,删除分区
Deleted Name,删除名称
Remove Field,删除字段
Remove all customizations?,删除所有定制？
It is risky to delete this file: {0}. Please contact your System Manager.,删除此文件有风险：{0}。请联系您的系统管理员。
Delete this record to allow sending to this email address,删除此记录允许发送此邮件地址
Deleted DocType,源单据类型
Deleted Document,已删除单据(垃圾桶)
Remove Filter,删除过滤条件
Interest Income Account,利息收入科目
Make use of longer keyboard patterns,利用较长的键盘模式
Interest,利息
To Date cannot be before From Date,到日期不能早于日期
To Date must be greater than From Date,到日期必须晚于从日期
Days Until Due,到期天数
Expires On,到期日
Date Based On,日期基于
Arrival Datetime,到达时间
Owner,制单人
Manufacturer Part Number,制造商产品号
Refreshing,刷新
Reload,刷新
Available Leaves,剩余休假天数
Credit Balance,剩余信用额度
Share Balance,剩余股份
Force,力
Margin Rate or Amount,上浮率或金额
Margin Type,上浮类型
Fuel Qty,加油数量
Fuel Price,加油金额
Loading import file...,加载上传文件...
Property Depends On,动态必填与只读属性
Dynamic Report Filters,动态报表过滤条件
Workday,工作日
"Check columns to select, drag to set order.",勾选列选择，拖动列排序。
Value for a check field can be either 0 or 1,勾选字段值可以为0或1
Check,勾选框
Like,含关键字
In Preview,包含在链接字段鼠标悬停预览弹窗中
Include Exploded Items,包含物料清单底层物料
This covers all scorecards tied to this Setup,包含已设置的所有评分卡
In,包括
All communications including and above this shall be moved into the new Issue,包括及以上的所有通信均应移至新问题中
Include Subcontracted Items,包含委外物料
Include Reconciled Entries,包括已核销单据
Include indentation,包括缩进
Repack,重新包装
Packing Unit,包装数量
Available Stock for Packing Items,包装物料库存
The net weight of this package. (calculated automatically as sum of net weight of items),包裹净重。（根据包裹内物料净重自动计算）
The gross weight of the package. Usually net weight + packaging material weight. (for print),包裹总重量，通常是净重+包装材料的重量。 （用于打印）
Area UOM,区域UOM
Medical,医疗
Kg,千克
Litre,升
Sort Ascending,升序
Half,半
Half Day Date should be in between Work From Date and Work End Date,半天工作日应介于开始日与结束日之间
Half Day Date should be between From Date and To Date,半天工作日应介于开始日与结束日之间
Working Hours Threshold for Half Day,半天的工时门槛
Half day date should be in between from date and to date,半天工作日应介于开始日与结束日之间
Single Tier Program,单一等级积分方案
Rate With Margin,单价(含上浮)
Rate With Margin (Company Currency),单价(含上浮，本币)
Apply Discount on Rate,单价上的折扣
Rate (Company Currency),单价（本币）
"There are inconsistencies between the rate, no of shares and the amount calculated",单价，股份数量和计算的金额之间不一致
Include UOM,单位
UOM,单位
Unit of Measure,单位
Unit of Measure {0} has been entered more than once in Conversion Factor Table,单位{0}已经在换算系数表内
UOM Name,单位名称
UOM Conversion Detail,单位换算信息
UOM Conversion Factor,单位换算系数
Click on {0} to generate Refresh Token.,单击{0}以生成刷新令牌。
Click to Set Filters,单击设置过滤条件
Document,单据
Documents,单据
Export From,单据
Document {0} has been set to state {1} by {2},单据{0}已被{2}设置为状态{1}
"Different ""States"" this document can exist in. Like ""Open"", ""Pending Approval"" etc.",单据允许多种不同状态，例如“处理中”，“待审批”等。
Document Follow Notification,单据关注通知
DocShare,单据分享
Document Share Report,单据分享报表
Against Docname,单据编号
Document Name,单据编号
DocField,单据字段
Document Queued,单据排队
Docs Search,单据搜索
DocPerm,单据权限
Doc Status,单据状态
Document States,单据状态
Document Status,单据状态
Against Doctype,单据类型
DocType,单据类型
Doctype,单据类型
Document Type,单据类型
Document Types,单据类型
For Document Type,单据类型
From Document Type,单据类型
Document Type is not submittable,单据类型不可提交
DocType can not be merged,单据类型不能合并
Both DocType and Name required,单据类型和名称是必须项
DocType is a Table / Form in the application.,单据类型在应用中里是一个表/表单。
Single Types have only one record no tables associated. Values are stored in tabSingles,单笔记录单据类型只有一条记录，适用于存储系统或模块配置信息，没有独立的后台数据库表。所有单笔记录类型的数据被统一保存在名为tabSingles后台数据库表内。
Cards,卡片
"Even if there are multiple Pricing Rules with highest priority, then following internal priorities are applied:",即使有多个动态定价规则都是最高优先级，系统会使用以下的内部优先级：
Upcoming Calendar Events,即将到来的日历事件
Country of Origin,原产国
Original Value,原值
Raw Printing,原生打印
Raw Commands,原生命令
Raw Email,原始电子邮件
Raw Material Item Code,原材料物料号
Backflush Raw Materials Based On,工单(原材料)耗用(倒扣账)方式
Primary Color,原色
County,县
Shipping County,县（出货）
Billing County,县（开票）
Reference Doc,源单据
Against Document No,源单据
Ref DocType,源单据类型
Reference Document Type,源单据类型
Reference Doctype,源单据类型
Reference Doctype must be one of {0},源单据类型必须是一个{0}
Reference Report,参考报表
Reference Document Name,源单据
Send days before or after the reference date,参考日几天前或后发送
Days Before,参考日期前
Days After,参考日期后
From Template,参考模板
"Reference: {0}, Item Code: {1} and Customer: {2}",参考：{0}，物料代号：{1}和客户：{2}
Donut,双层圆环图
Two Factor Authentication,双重验证
Two Factor Authentication method,双重验证方法
UNSEEN,反转已查看
Feedback Ratings,反馈评级
Sender Email,发件人电子邮箱
Outgoing email account not correct,发件人邮箱帐号不正确
Issue Date,发出日期
Issue Credit Note,退款
Out Value,发出金额
Issued Items Against Work Order,发到工单的物料
Raw Materials Supplied,发委外原材料给供应商？
Post Route Key List,发布路径密钥列表
Disburse Loan,发放借款
Material Issue,其他出库
From Warehouse,发料仓
Set Source Warehouse,发料仓
Source Warehouse,发料仓
Available Batch Qty at From Warehouse,发料仓可用批号数量
Available Qty at Source Warehouse,发料仓可用数量
Source Warehouse Address,发料仓地址
Source and target warehouse must be different,发料和收料仓不同相同
Billing,发票
Invoice,发票
Invoices,发票
Linked Invoices,发票
Opening Invoice Creation Tool,发票创建工具
Opening Invoice Creation Tool Item,发票创建工具明细
Invoice Portion,付款比例
Invoice No,发票号码
Invoice Number,发票号码
Billing Address,发票地址
Month(s) after the end of the invoice month,发票月底 + 授信月数
Invoice Ref,发票号
Invoice Posting Date,发票记账日期
Invoiced Amount,发票金额
Material to Supplier,委外原材料
Deduct Full Tax on Selected Payroll Date,发薪日扣税
Issued,已发料
Shipments,发货
Issuing Date,发货日期
Send After,发送后
Send Notifications For Documents Followed By Me,发送我关注单据变更通知给我
New Email,发邮件
Send Welcome Email,发送欢迎电子邮件
Send Email,发电子邮件
This document has been modified after the email was sent.,发电子邮件后，此单据已被修改。
Send unsubscribe message in email,发电子邮件退订消息
Send SMS,发送短信
Message for Supplier,发送给供应商的消息
Send Notifications For Email Threads,发送邮件沟通通知给我
Send Read Receipt,发送阅读回执
Sent Read Receipt,发送阅读回执
Round to the Nearest Integer,取整数
Cancelling {0},取消{0}
Permanently Cancel {0}?,取消{0} ？
Cancel {0} documents?,取消{0}笔单据？
Unassign Condition,取消分派条件
Unblock Invoice,取消发票冻结
Cancel Material Visit {0} before cancelling this Warranty Claim,取消此保修申请之前请先取消维护巡修{0}
Cancel Material Visits {0} before cancelling this Maintenance Visit,取消此维护巡修之前请先取维护巡修{0}
Fetch From,自动带出关联字段
Transfer Date,变动日期
Logout From All Devices After Changing Password,变更密码后登出所有设备
Another transaction is blocking this one. Please try again in a few seconds.,另一个交易正在进行中。请稍后再试。
Another Sales Person {0} exists with the same Employee id,另外销售人员{0}存在具有相同员工号
Only standard DocTypes are allowed to be customized from Customize Form.,只允许从“定制表单”定制标准DocType。
Only Administrator is allowed to use Recorder,只允许管理员使用记录器
Only Send Records Updated in Last X Hours,只发送最后X小时更新的记录
Only 200 inserts allowed in one request,只有200将允许一个请求
Run scheduled jobs only if checked,只有勾选后，才会运行计划任务
Only leaf nodes are allowed in transaction,只有子节点才可用于业务单据中
Only Administrator can save a standard report. Please rename and save.,只有管理员可以保存标准报表。请修改为新报表名后保存。
Only Administrator can delete Email Queue,只有管理员可以删除邮件队列
Only Administrator can edit,只有管理员可以编辑
Merging is only possible between Group-to-Group or Leaf Node-to-Leaf Node,只有组和组，叶节点和叶节点之间能合并
Automatic Linking can be activated only for one Email Account.,只能为一个电子邮箱帐号激活自动链接。
DocType can only be renamed by Administrator,只能由管理员修改单据类型名称
Maximum Samples - {0} can be retained for Batch {1} and Item {2}.,可以为批号{1}和物料{2}保留最大样本数量{0}。
Any string-based printer languages can be used. Writing raw commands requires knowledge of the printer's native language provided by the printer manufacturer. Please refer to the developer manual provided by the printer manufacturer on how to write their native commands. These commands are rendered on the server side using the Jinja Templating Language.,可以使用任何基于字符串的打印机语言。编写原始命令需要了解打印机制造商提供的打印机本机语言。请参阅打印机制造商提供的开发人员手册，了解如何编写本机命令。这些命令使用Jinja模板语言在服务器端呈现。
You can use Customize Form to set levels on fields.,可以使用定制表单设置字段的权限级别。
"Scorecard variables can be used, as well as:
{total_score} (the total score from that period),
{period_number} (the number of periods to present day)
","可以使用评分变量，以及：
{total_score}（当期总分数），
{period_number}（截止当天期数）"
Roles can be set for users from their User page.,可以在用户主数据页面为用户分派角色。
"Here you can maintain family details like name and occupation of parent, spouse and children",可以登记家庭详细信息，如姓名，父母、配偶及子女的职业等
Can be approved by {0},可以被 {0} 批准
"Here you can maintain height, weight, allergies, medical concerns etc",可以记录身高，体重，是否对某药物过敏等
Maximum sample quantity that can be retained,可以保留的最大样本数量。
Invoice can't be made for zero billing hour,可开票时间为0，无法开具发票
Collapsible Depends On,可折叠先决条件
"Available quantity is {0}, you need {1}",可用数量 {0}，需求数量 {1}
Available,可用数量
Editable Grid,可编辑表格
This may get printed on multiple pages,可能会打印多页
Optional: The alert will be sent if this expression is true,可选：在这个表达式为真时发送通知
Optional: Always send to these ids. Each Email Address on a new row,可选：总是发送给这些ID。每一行一个电子邮件地址
"A Product or a Service that is bought, sold or kept in stock.",购买、销售或库存中保存的产品或服务。
Predictable substitutions like '@' instead of 'a' don't help very much.,可预见的替换像&#39;@&#39;而不是&#39;一&#39;不要太大帮助。
Right,右
Delay between Delivery Stops,各交货点之间的时间
Cost of various activities,各种作业费用
Contract Details,合同信息
Contract Fulfilment Checklist,合同履行点检表
Combined invoice portion must equal 100%,合计付款比例必须是100％
Merge Account,合并科目
Authorized,合法
Total Payable Amount,合计应付额
Syncing,同步
First Name,名
Background Jobs,后台任务
Scheduler is inactive. Cannot import data.,后台任务未启动，无法导入数据
Background Workers,后台进程
Descendants Of,后裔
Send enquiries to this email address,向此邮件地址发送询价
Introduce your company to the website visitor.,向网站访客介绍贵公司。
No,否
Enable Raw Printing,启用原生打印命令
Enable Two Factor Auth,启用双重验证
Enable Report,启用报表
Available-for-use Date should be after purchase date,启用日应晚于采购日
Enable Perpetual Inventory,启用永续盘存（物料移动实时生成会计凭证）
Enable Automatic Linking in Documents,启用自动链接单据功能
Enable Scheduled Jobs,启用计划任务
Enable Outgoing,启用该邮箱帐号发送邮件
Enable Deferred Revenue,启用递延收入
Enable Deferred Expense,启用递延费用
Send Alert On,通知发送时机
From Employee,员工
Training Event Employee,员工
Training Result Employee,员工
Employee {0} is on Leave on {1},员工{0} {1}在休假中
Employee {0} is not active or does not exist,员工{0}未生效或不存在
Activity Cost exists for Employee {0} against Activity Type - {1},员工{0}的作业类型 -  {1}成本已存在
Activity Cost per Employee,员工作业成本
Employee Tax Exemption Declaration,员工税前扣除申报
Employee Tax Exemption Declaration Category,员工税前扣除类别
Employee Tax Exemption Category,员工税前扣除类别
Employee Tax Exemption Proof Submission,员工税前扣除证明提交
Employee Tax Exemption Proof Submission Detail,员工税前扣除提交明细
Employee Boarding Activity,员工入职待办事项
Employee Transfer cannot be submitted before Transfer Date,员工变动无法在变动日期前提交
Employee Checkin,员工打卡
Employee Skill Map,员工技能矩阵
Employee cannot report to himself.,员工不能是自己的上级主管。
Salary Slip of employee {0} already created for time sheet {1},员工的工资单{0}已为工时表创建{1}
Salary Structure Assignment for Employee already exists,员工的薪资结构分配已经存在
Employee Benefit Claim,员工福利领取
Employee Number,员工号
Employee Loan,员工借款
Employee Transfer Details,员工转移详情
Sum,汇总
Brand Image,品牌形象
Item Details,物料详细信息
Repeat on Day,自动重复日
Support,售后支持
Support Team,售后支持团队
Support Hour Distribution,售后支持时间分布
Get Started Sections,售后支持服务简介
Support Settings,售后支持设置
Support Portal,售后支持门户
Unique,唯一
Stores the JSON of last known versions of various installed apps. It is used to show release notes.,商店的最后为人所知的版本的安装的应用程序的JSON。它是用来显示发布说明。
Liked,喜欢
Round Off,小数精度尾差
Rounding,小数精度尾差
Round Off Cost Center,小数精度尾差成本中心
Round Off Account,小数精度尾差科目
Rounding Adjustment (Company Currency,小数精度尾差调整（本币）
Rounding Adjustment (Company Currency),小数精度尾差调整（本币）
In Reply To,回复
Response By,回复人
Traceback,回溯
"Asset {0} cannot be scrapped, as it is already {1}",因为已经{1}，资产{0}不能报废，
Leave Type {0} cannot be allocated since it is leave without pay,因为是无薪假，无法分配休假类型{0}
Cannot convert Cost Center to ledger as it has child nodes,因为有下级成本中心，不能将其转换为记账成本中心，。
"Difference Account must be a Asset/Liability type account, since this Stock Reconciliation is an Opening Entry",因为此库存调账是开账凭证，差异科目必须是资产/负债类科目，
'Update Stock' can not be checked because items are not delivered via {0},因为退货源单{0}未勾选“更新库存“，退货/退款单也不能勾选“更新库存“
Default Unit of Measure for Item {0} cannot be changed directly because you have already made some transaction(s) with another UOM. You will need to create a new Item to use a different Default UOM.,因为该物料已经有使用别的单位的交易记录存在了，不再允许直接修改其默认单位{0}了。如果需要请创建一个新物料，以使用不同的默认单位。
"Material Request not created, as quantity for Raw Materials already available.",因原材料可用数量足够，物料需求未创建，。
Series for Asset Depreciation Entry (Journal Entry),固定资产折旧凭证号模板（日记账凭证）
Fixed,固定金额
Deletion is not permitted for country {0},国家{0}不能被删除
Shipping Country,国家（出货）
Billing Country,国家（开票）
Image field must be a valid fieldname,图像字段必须是有效的字段名
Image field must be of type Attach Image,图像字段的类型必须为附着图像
Image,图片
Image Field,图片字段
Charts,图表
Rounded Total,圆整后总金额
Rounded Total (Company Currency),圆整后金额（本币）
"Added HTML in the &lt;head&gt; section of the web page, primarily used for website verification and SEO",在&lt;head&gt;在头部分区已添加HTML网页，主要用于网站的验证和搜索引擎优化
Process Attendance After,在...之后处理出勤
Insert Column Before {0},在{0}之前插入列
"Leave cannot be applied/cancelled before {0}, as leave balance has already been carry-forwarded in the future leave allocation record {1}",在{0}之前，休假不能创建或取消，因为休假天数已经被结转到未来的休假分配中{1}
The holiday on {0} is not between From Date and To Date,在{0}这个节日之间不在开始日期和结束日期之间
Find {0} in {1},在{1}中找到{0}
Created Custom Field {0} in {1},在{1}创建了自定义字段{0}
The time after the shift start time when check-in is considered as late (in minutes).,在上班时间之后签到被视为迟到（以分钟为单位）。
Insert Above,在上面插入
Something went wrong during the token generation. Click on {0} to generate a new one.,在令牌生成期间出了点问题。单击{0}以生成新的。
Leave Approver Mandatory In Leave Application,在休假申请中休假审批人字段必填
In List View,在列表视图中显示
Work In Progress,进行中
WIP Warehouse,车间仓
Work-in-Progress Warehouse,车间仓
Available Qty at WIP Warehouse,车间仓可用数量
Material Transferred for Manufacturing,发料数量(成品套数)
Work Orders in Progress,在制生产工单
Number of columns for a field in a List View or a Grid (Total Columns should be less than 11),在单据列表或子表单列表中所占列数（合计列数应小于11）
Number of days after invoice date has elapsed before canceling subscription or marking subscription as unpaid,在取消订阅或将订阅标记为未付之前，发票日期之后的天数已过
Alternating entries as IN and OUT during the same shift,在同一班次期间交替签到和签退
Insert After,在后边插入
Insert After cannot be set as {0},在后边插入不能设置为{0}
Please enter Client ID before social login is enabled,在启用社交登录之前，请输入客户端ID
Please enter Client Secret before social login is enabled,在启用社交登录之前，请输入客户端密码
"Include symbols, numbers and capital letters in the password",在密码中加入符号，数字和大写字母
Under AMC,有年度维保养合同
This goes above the slideshow.,在幻灯片上面。
Open your authentication app on your mobile phone.,在手机上打开授权认证应用程序。
Type something in the search box to search,在搜索框中输入一些文字开始搜索
Show Leaves Of All Department Members In Calendar,在日历中显示部门所有成员的休假
"Trigger on valid methods like ""before_insert"", ""after_update"", etc (will depend on the DocType selected)",在有效的方法如：“before_insert”，“after_update”触发（取决于所选的单据类型）
Time in seconds to retain QR code image on server. Min:<strong>240</strong>,在服务器上保留QR码图像的秒数。最小： <strong>240</strong>
Cancel At End Of Period,订阅期结束后自动取消订阅
Plan material for sub-assemblies,子装配件作为虚拟物料，本工单直接耗用底层原材料
Login and view in Browser,在浏览器中登录和查看
View this in your browser,在浏览器查看
Apply Rule On Item Group,在物料组上应用规则
No active or default Salary Structure found for employee {0} for the given dates,在给定日期员工{0}没有分配薪资结构
Hide footer in auto email reports,在自动电子邮件报表中隐藏页脚
"Insert After field '{0}' mentioned in Custom Field '{1}', with label '{2}', does not exist",在自定义字段“{1}”中参照的标题为“{2}”字段“{0}”不存在
Allow events in timeline,在表单下方的日志记录区启用事件追踪功能
In Grid View,在表格视图中显示
Show in filter,在过滤条件中显示
Please select Posting Date before selecting Party,在选择往来单位之前请先选择记账日期
In Transit,在途中
Goods In Transit,在途物料
Stock Received But Not Billed,暂估库存(已收货，未开票)
"Ordered Qty: Quantity ordered for purchase, but not received.",在途订单数量：已下采购订单尚未收货的数量。
Asset Received But Not Billed,暂估资产（已收货，未开票）
Capital Work in Progress,在建工程
CWIP Account,在建工程科目
Capital Work In Progress Account,在建工程科目
Include Search in Top Bar,在顶栏添加搜索框
Update Consumed Material Cost In Project,在项目中更新物料消耗成本
Address And Contacts,地址与联系人
Address Title is mandatory.,地址名称是必填项。
Address and other legal information you may want to put in the footer.,地址和其他法律信息最好放进页脚。
Addresses And Contacts,地址和联系方式
There is an error in your Address Template {0},地址模板有一个错误{0}
Location,地点
Location / Device ID,地点/设备号
Location Details,地点详情
Average Rate,均价
Load Balancing,均衡分派
Trash,垃圾
Model,型号
Training Event,培训
Training Events,培训
Academics User,培训教管
Create Chart Of Accounts Based On,科目表模板
Set rate of sub-assembly item based on BOM,子装配件物料单价取其BOM成本
"Filtered by ""{0}""",基于“{0}”过滤
Reorder level based on Warehouse,基于仓库的重订货点
Depends on Payment Days,基于付款天数
Based On Payment Terms,显示付款计划明细
Coupon Code Based,基于优惠券
Columns based on,基于列
Discount (%) on Price List Rate with Margin,基于含上浮标价的折扣（％）
Salary Slip Based on Timesheet,基于工时表
Variable Based On Taxable Salary,基于应纳税工资浮动
Bank Statement balance as per General Ledger,总账银行余额
Qty of raw materials will be decided based on the qty of the Finished Goods Item,基于成品数量计算原材料数量
Time Series Based On,时间跨度字段
Discount on Price List Rate (%),基于标价的折扣（％）
Make project from a template.,基于模板创建项目。
On Item Quantity,基于物料数量
From BOM,基于物料清单
Territory Target Variance Based On Item Group,分区域物料组业绩达成分析
Sales Person Target Variance Based On Item Group,业务员物料组业绩达成分析
Manufacture against Material Request,基于物料需求生产
This is based on transactions against this Sales Person. See timeline below for details,基于该业务员经手交易量，详情请参阅表单下方日志记录
Return Against Purchase Invoice,源采购发票
Quantity  that must be bought or sold per UOM,以指定包装单位采购或销售，即订单数量须是包装数量的倍数，价格才生效
Total Applicable Charges in Purchase Receipt Items table must be same as Total Taxes and Charges,基于采购入库信息计算的总税费必须与采购单（单头）的总税费一致
Return Against Delivery Note,源销售出库
This is based on the Time Sheets created against this project,基于项目工时表
Base Hour Rate(Company Currency),基准工费率（本币）
Basic,基本工资
Base Distinguished Name (DN),基本专有名称（DN）
Base,基本
Basic Amount,基准金额
Base Amount (Company Currency),金额（本币）
Taxes and Charges Added,税费
Taxes and Charges Added (Company Currency),税费（本币）
Add Contact,增加联系人
Processing,处理
Processing...,处理...
Error while processing deferred accounting for {0},处理{0}的延迟记账时出错
Ongoing,处理中
Working,处理中
Backups,备份
Backup job is already queued. You will receive an email with the download link,备份作业已经排队。您将收到一封包含下载链接的电子邮件
Notes,备注
Note,备注
Note:,备注：
Copied to clipboard.,复制到剪贴板。
Role Profile,岗位
Sub-contracting,委外
Subcontract,委外
Raw Materials Supplied Cost,委外原材料成本
Send to Subcontractor,委外发料
Subcontracted Item,委外物料
Purchase Receipt Item Supplied,委外订单外发物料
Reserved for Sub Contracting,委外预留数量
Raw Materials Consumed,外发原材料
Foreign Trade Details,外贸信息
Multiple Variants,多个多规格物料
Cross Listing of Item in multiple groups,多个组物料交叉显示
Multiple fiscal years exist for the date {0}. Please set company in Fiscal Year,多个财年的日期{0}存在。请设置公司财年
Operation completed for how many finished goods?,多少成品工序已完成？
1 Loyalty Points = How much base currency?,多少钱积1分
For how much spent = 1 Loyalty Point,多少钱积1分
Multi Currency,多货币
Multiple Tier Program,多等级积分方案
Item Variant,多规格物料
Variant,多规格物料
Variants,多规格物料
Variant Based On,多规格物料基于
Variant Field,多规格物料字段
Item Variants updated,多规格物料已更新
Default Unit of Measure for Variant '{0}' must be same as in Template '{1}',多规格物料的默认单位“{0}”必须与模板物料默认单位一致“{1}”
Item Variant Details,多规格物料清单
Variant Details Report,多规格物料清单报表
Working Hours Threshold for Absent,多长时间未到视同缺勤
Messages greater than 160 characters will be split into multiple messages,超过160字符的消息将被分割为多条消息
In Words will be visible once you save the Delivery Note.,大写金额将在销售出库保存后显示。
In Words will be visible once you save the Sales Invoice.,大写金额将在销售发票保存后显示。
In Words (Company Currency),大写金额（本币）
In Words (Export) will be visible once you save the Delivery Note.,大写金额（导出）将在销售出库保存后显示。
Size,大小
In Days,天数
Days Before or After,天数(前或后)
Day(s) after invoice date,发票日 + 授信天数
Day(s) after the end of the invoice month,发票月底 + 授信天数
Mrs,太太
Madam,夫人
Lost Opportunity,未成交商机
Inactive,失效
End of Life,失效日期
Expiry Date,失效日期
Expiration time,失效时间
Header,头
Headers,头
Check if material transfer entry is not required,如不需从工单触发工单发料，请勾选
"Reselect, if the chosen address is edited after save",如所选地址保存后被修改请重新选择
Notify if unreplied for (in mins),如果一分钟内未回复，则发出通知
"If disable, 'In Words' field will not be visible in any transaction",如果不显示大写金额，任何交易页面都不会显示大写金额字段
If non standard port (e.g. 587),如果为非标准端口（如587）
"If you are uploading new records, leave the ""name"" (ID) column blank.",如果你在上传新纪录，那么单据编号(ID)列必须留空。
"If your data is in HTML, please copy paste the exact HTML code with the tags.",如果你的数据是HTML，请复制粘贴的标签准确的HTML代码。
"If you think this is unauthorized, please change the Administrator password.",如果你认为这是未经授权的，请更改管理员密码。
Leave blank if the Supplier is blocked indefinitely,如果供应商被无限期冻结，请留空
"If multiple Pricing Rules continue to prevail, users are asked to set Priority manually to resolve conflict.",如果几条动态定价规则同时使用，系统将提醒用户设置优先级。
"If checked, all other workflows become inactive.",如果勾选，本单据类型其他工作流将变为失效状态。
"If Auto Opt In is checked, then the customers will be automatically linked with the concerned Loyalty Program (on save)",如果勾选，则新客户将自动被分配该积分方案
"If selected, the value specified or calculated in this component will not contribute to the earnings or deductions. However, it's value can be referenced by other components that can be added or deducted. ",如果勾选，则此薪资构成项中指定或计算的值不影响收入或扣除。但是，其值可被其它添加或扣除薪资构成项引用。
"If checked, the tax amount will be considered as already included in the Print Rate / Print Amount",如果勾选，打印的单价/总额就含税
If more than one package of the same type (for print),如果同类包裹超过一个
"If enabled, users who login from Restricted IP Address, won't be prompted for Two Factor Auth",如果启用，从受限制IP地址登录的用户无需双重验证
"If enabled, changes to the document are tracked and shown in timeline",如果启用，对单据的变更会被追踪记录，显示在表单下方的日志记录里
"If enabled, all users can login from any IP Address using Two Factor Auth. This can also be set only for specific user(s) in User Page",如果启用，所有用户都可以使用双因素身份验证从任何IP地址登录。这也可以只为用户页面中的特定用户设置
"If enabled,  user can login from any IP Address using Two Factor Auth, this can also be set for all users in System Settings",如果启用，用户从任何IP地址登录都需要双重验证，可以在系统设置中为所有用户启用双重验证
"If enabled, the document is marked as seen, the first time a user opens it",如果启用，用户第一次打开单据，系统就会记录单据被查看过
"If enabled, document views are tracked, this can happen multiple times",如果启用，系统会记录单据被查看过多少次
"If two or more Pricing Rules are found based on the above conditions, Priority is applied. Priority is a number between 0 to 20 while default value is zero (blank). Higher number means it will take precedence if there are multiple Pricing Rules with same conditions.",如果存在多个动态定价规则，则会用优先级来区分。优先级是介于0到20的数字，默认值是零（或留空）。数字越大，优先级越高。
"Reselect, if the chosen contact is edited after save",如所选联系人在保存后被修改请重新选择
Send alert if date matches this field's value,如果日期匹配该字段的值则发送预警通知
"If not checked, the list will have to be added to each Department where it has to be applied.",如果未勾选，需手动将此禁止休假日表添加到部门。
"If not set, the currency precision will depend on number format",如果未设置，则货币精度将取决于数字格式
Notify if unreplied,如果没有回复的通知
"If item is a variant of another item then description, image, pricing, taxes etc will be set from the template unless explicitly specified",如果物料是另一物料的变体，则除非明确指定，否则描述、图像、定价、税务等将从模板中设置。
"If the user has any role checked, then the user becomes a ""System User"". ""System User"" has access to the desktop",如果用户检查了任何角色，则该用户将成为“系统用户”。 “系统用户”可以访问桌面
"If disabled, this role will be removed from all users.",如果禁用了，这个角色将会从所有用户中删除。
"If the account is frozen, entries are allowed to restricted users.",如果科目被冻结，只允许有编辑冻结凭证角色的用户过账
"If unlimited expiry for the Loyalty Points, keep the Expiry Duration empty or 0.",如果积分无失效日期，请将失效日期设为空或0。
Will only be shown if section headings are enabled,如果章节标题启用才会显示
If Checked workflow status will not override status in list view,如勾选，工作流状态不会覆盖列表视图中的状态字段
"If you set this, this Item will come in a drop-down under the selected parent.",如果维护此上级菜单信息，本菜单项仅作为下级菜单。
"If a Role does not have access at Level 0, then higher levels are meaningless.",如果角色没有0级的访问权限，那么无需设置更高级权限
Daily Event Digest is sent for Calendar Events where reminders are set.,如果设置了日历事件提醒会发送每日事件摘要。
Reference No is mandatory if you entered Reference Date,如果输入参考日期，参考单据编号必填
Send alert if this field's value changes,如果这个字段的值改变则发送预警通知
"If these instructions where not helpful, please add in your suggestions on GitHub Issues.",如果这些说明没有帮助，请在Github提交你的建议。
"If Apply Strict User Permission is checked and User Permission is defined for a DocType for a User, then all the documents where value of the link is blank, will not be shown to that User",如果勾选了“加严用户权限限制”，并为用户定义了“用户权限限制”，则该链接字段值为空的所有单据将不会显示给该用户
"If checked, users will not see the Confirm Access dialog.",如果选中，用户将不会看到确认访问对话框。
"If selected Pricing Rule is made for 'Rate', it will overwrite Price List. Pricing Rule rate is the final rate, so no further discount should be applied. Hence, in transactions like Sales Order, Purchase Order etc, it will be fetched in 'Rate' field, rather than 'Price List Rate' field.",如果在价格/产品折扣字段选择“价格”，则动态定价规则单价会带到业务单据单价而非标价字段。也就是说动态定价规则的单价会覆盖物料价格中定义的单价，也会忽略其它动态定价规则中的折扣或上浮，此单价就是最终单价。
System will fetch all the entries if limit value is zero.,如果限额为0，系统会抓取所有记录
"If non standard port (e.g. 587). If on Google Cloud, try port 2525.",如果非标准端口（例如587）。如果在Google Cloud上，请尝试使用端口2525。
Name cannot contain special characters like {0},名称不能包含特殊字符，如{0}
Name and Employee ID,姓名和员工号
Account {0} is added in the child company {1},子公司{1}中添加了科目{0}
Use of sub-query or function is restricted,子查询或函数的使用受到限制
Child nodes can be only created under 'Group' type nodes,子节点只可创建在组类节点下
"Sub-currency. For e.g. ""Cent""",子货币，例如分
Font Size,字体大小
Fields Multicheck,字段Multicheck
"Field that represents the Workflow State of the transaction (if field is not present, a new hidden Custom Field will be created)",单据工作流状态字段（如果字段不存在，系统会创建一个隐藏的自定义字段）
"Fields separated by comma (,) will be included in the ""Search By"" list of Search dialog box",字段以逗号分隔（，），将可通过全局搜索框进行搜索
Value To Be Set,字段值
"Field ""value"" is mandatory. Please specify value to be updated",字段值必填。请指定值进行更新
Read Only Depends On,是否只读先决条件
Fieldname {0} cannot have special characters like {1},字段名{0}不能有特殊字符，如{1}
Fieldname {0} is restricted,字段名{0}受限制
Fieldname which will be the DocType for this link field.,字段名将作为这个单据类型的链接字段。
Invalid field name {0},字段名称{0}无效
Fieldname is limited to 64 characters ({0}),字段名被限制为64个字符（{0}）
Mandatory Depends On,是否必填先决条件
Field Description,字段说明
Stock In Hand,存货
Stock Assets,存货资产
Cannot change Variant properties after stock transaction. You will have to make a new Item to do this.,存货业务发生后不能更改多规格物料的属性。需要创建新物料。
Stock Expenses,存货费用
Graduate,学位
Qualification,资质
Setup Complete,安装完成
Installation Note Item,安装通知单项
Installing presets,安装预置参数
Failed to install presets,安装预设值失败
Arial,宋体
Manufactured Qty,完工数量
Produced,完工数量
Produced Qty,完工数量
Completed Work Orders,完工生产工单
Complete By,完成日期
Completed By,执行人
Completion By,完成日期
Done,完成
Is Completed,完成了
Total Completed Qty,总完工数量
Defines actions on states and the next step and allowed roles.,定义切换到工作流状态的操作，下一个状态和被允许的角色。
Defines workflow states and rules for a document.,定义单据工作流状态和规则。
Pricing,定价
Jump to field,定位到字段
Customization,定制
Customize,定制
Customize Form,定制表单
Customize Form Field,定制表单字段
Fixed Deposit Number,定期存款号
Implementation Partner,实施服务商
Shift Actual Start,实际上班时间
Shift Actual End,实际下班时间
Actual Operation Time,实际工序时间
Actual Qty {0} / Waiting Qty {1},实际数量{0} /在途数量{1}
Actual Qty: Quantity available in the warehouse.,实际数量：仓库中的可用数量。
Actual type tax cannot be included in Item rate in row {0},实际税额不能包含在第{0}行的物料单价中
Actual Operating Cost,实际工费成本
Approver,审批人
Verified By,审批人
Approval Status must be 'Approved' or 'Rejected',审批状态必须被“已批准”或“已拒绝”
Customers,客户
Customer / Lead Address,客户/线索地址
Customer Primary Contact,客户首选联系人
Customer Primary Address,客户首选地址
Client Information,客户信息
Customer Credit Balance,客户剩余信用额度
Customer Ledger Summary,客户台账汇总
Customer Addresses And Contacts,客户地址和联系方式
Customer Mobile No,客户手机号
Customer isn't enrolled in any Loyalty Program,客户未参与任何积分方案
Item Customer Detail,客户物料信息
Customer's Item Code,客户物料号
Client URLs,客户端网址
Customer Group,客户组
Customer Groups,客户组
Customer Group Name,客户组名称
Customer Naming By,客户号生成方式
Customer Contact,客户联系人
Rate at which Customer Currency is converted to customer's base currency,客户货币转换为客户货币后的单价
Customer's Purchase Order No,客户采购订单号
Customer's Purchase Order Date,客户采购订单日期
Support Tickets,客服工单
Widths can be set in px or %.,宽度可以设置为px像素或%百分比。
Password for Base DN,密码基础DN
Brute Force Security,密码安全强化措施
Markdown Editor,富文本编辑器
Pair,对
"For row {0} in {1}. To include {2} in Item rate, rows {3} must also be included",对于{1}的第{0}行。要在物料单价中包括{2}，也必须包括第{3}行
"For 'Product Bundle' items, Warehouse, Serial No and Batch No will be considered from the 'Packing List' table. If Warehouse and Batch No are same for all packing items for any 'Product Bundle' item, those values can be entered in the main Item table, values will be copied to 'Packing List' table.",对于“套件”物料，仓库，序列号和批号信息维护在“装箱单”中。如果仓库和批号是“套件”中所含物料共用的，可以在订单物料清单表中输入这些值，系统会自动将其复制到“装箱单”。
"In the case of multi-tier program, Customers will be auto assigned to the concerned tier as per their spent",对于多等级积分方案，系统会根据客户消费金额自动匹配相应积分等级
Against Document Detail No,单据明细ID
For {0} at level {1} in {2} in row {3},对行{3}，{2}中级别{1}的{0}
Against Voucher,对销凭证
Against Journal Entry {0} is already adjusted against some other voucher,对销凭证{0}已经被其他凭证调整
Against Voucher Type,对销凭证类型
Contra Entry,内部转账
Align Value,对齐方式
Import Zip,导入压缩文件
Import Email From,导入电子邮件..
Export 1 record,导出 1 笔记录
Export {0} records,导出 {0} 笔记录
Export Errored Rows,导出出错记录
Export Custom Permissions,导出客户许可
Export Report: {0},导出报表 {0}
Export Customizations,导出自定义
Closed Document,封闭文件
Submit After Import,将上传单据状态设为已提交
Copy Fields to Variant,将字段复制到多规格物料
Will be your login ID,将是您的登录ID
The name that will appear in Google Calendar,将显示在Google日历中的名称
Setting this Address Template as default as there is no other default,将此地址模板设置为默认，因为没有其他的默认项
"This will be appended to the Item Code of the variant. For example, if your abbreviation is ""SM"", and the item code is ""T-SHIRT"", the item code of the variant will be ""T-SHIRT-SM""",将追加到多规格物料。例如，如果你的英文简称为“SM”，而该物料号是“T-SHIRT”，该多规格物料将是“T-SHIRT-SM”
Block Holidays on important days.,将重要日期设为禁止休假日。
<=,小于等于
Less Than Amount,小于金额
Miss,小姐
Not Saved,尚未保存
Try to use a longer keyboard pattern with more turns,尝试使用更多的匝数较长的键盘模式
Attempting Connection to QZ Tray...,尝试连接QZ托盘......
Tree Details,层级结构
Exhibition,展会
Child Tables are shown as a Grid in other DocTypes,嵌入其它单据类型中作为表格，一对多关系中的多这一方
Nested set error. Please contact the Administrator.,嵌套错误。请联系管理员。
No of Visits,巡修次数
Job Offer,工作邀请
Workflow Document State,工作流单据状态
Workflow Action Master,工作流操作主数据
Workflow state represents the current state of a document.,工作流状态表明单据目前的状态。
Workflow State not set,工作流状态未设置
Workflow Transition,工作流状态转换
Shift Request,工作班次申请
Material Transfer for Manufacture,工单发料
Material Transferred for Manufacture,工单发料
Work Order Operation,工单工序
Qty To Manufacture,工单数量
Work Order Item,工单明细
Registration Details,工商注册信息
Operations,工序
Operation,工序
Operation ID,工序ID
"Operation {0} longer than any available working hours in workstation {1}, break down the operation into multiple operations",工序{0}时间超过任何工站开工时间{1}，请分解成多个工序
Operation Time must be greater than 0 for Operation {0},工序{0}的时间必须大于0
Operation Time,工序时间
Operation Description,工序说明
Working hours below which Half Day is marked. (Zero to disable),工时低于标记的半天。 （设为零不启用此功能）
Time Sheet,工时表
Time Sheets,工时表
Timesheet,工时表
Timesheets,工时表
Timesheet Detail,工时表明细
Max working hours against Timesheet,工时表最长工时
Time Sheet List,工时表清单
Working Hours Calculation Based On,工时计算基准
Time Logs,工时记录
Types of activities for Time Logs,工时记录作业类型
Duration (Days),工期(天）
For Job Card,生产任务单
Job Card,生产任务单
Job Card Time Log,生产任务单工时记录
Job Card Item,生产任务单明细
Job Card Operation,生产任务单工序
Workstation,工站
Workstation Name,工站名称
Workstation Working Hour,工站工作时时
Workstation is closed on the following dates as per Holiday List: {0},工站的假期表{0}设定以下日期停工
Routing,工艺路线
Routing Name,工艺路线名称
Salary Slip Timesheet,工资单工时表
Salary Slip ID,工资单号
Salary Slip Loan,工资单借款
Payroll,薪资
Left,左
Difference,差异
Variance,差异
Difference Amount (Company Currency),差异金额（本币）
Difference Amount must be zero,差异金额必须是零
% Ordered,已下单%
Ordered Quantity,采购数量
Lost Quotation,未成交报价
A new account has been created for you at {0},已为您创建新账户{0}
Enabled email inbox for user {0},已为用户{0}启用电子邮件收件箱
Cost Center with existing transactions can not be converted to ledger,已产生业务交易的成本中心不能转化为记账成本中心
Is Paid,已付款
Supplied Qty,已发料数量
Filters saved,已保存过滤条件
Booked Fixed Asset,已入账固定资产
Fully Delivered,已全部出货
Account with existing transaction cannot be converted to ledger,已关联过账交易的科目不能被转换为记账科目
Frozen,已冻结？
Sold,已出售
Delivered,已出货
%  Delivered,已出货%
Delivered Qty,已出货数量
Delivered Amount,已出货金额
Delivered: {0},已出货：{0}
Allocated Amount,已分配金额
Job card {0} created,已创建生产任务单{0}
Work Orders Created: {0},已创建生产工单：{0}
Initiated,已发起
Rows Removed,已删除行
Published,已发
Is Published Field must be a valid fieldname,已发布字段必须是有效字段
Print Sent to the printer!,已发送到打印机！
Sent or Received,已发送或已接收
Cancelled,已取消
Cancelled Document restored as Draft,已取消的单据已恢复为草稿
"Renamed files and replaced code in controllers, please check!",已变更文件名并替换了控制器类中的代码，请检查！
Active Domains,已启用的行业
Replied,已回复
Wrapping up,已圆满完成
Account Number {0} already used in account {1},已在科目{1}中使用的科目代码{0}
Staffing Plan {0} already exist for designation {1},已存在人员配置计划{0}以用于指定{1}
Archived,已存档
% Installed,已安装％
% Completed,已完成%
Completed Qty,完工数量
Fulfilled,已履行
List of patches executed,已应用补丁列表
Job Started,已开始
% Amount Billed,已开票%
% Billed,已开票%
Structures have been assigned successfully,已成功分配薪资结构
{0} has been submitted successfully,已成功提交{0}
Packed Item,套件明细
Packed Items,套件明细
"Cannot declare as lost, because Quotation has been made.",已报价，不能更改状态为未成交。
Scrapped,已报废
Accepted Quantity,收货数量
Received and Accepted,已接收
Accepted Qty,收货数量
% Received,已收货%
Delivery Notes {0} updated,已更新出货单{0}
Warehouses with existing transaction can not be converted to ledger.,已有业务交易的仓库不能转换到记账仓库。
Cannot change Attributes after stock transaction. Make a new Item and transfer stock to the new Item,已有物料移动交易后不能更改物料的属性。请创建一个新物料并将库存转移到新物料
Cannot set as Lost as Sales Order is made.,已有销售订单时不能更改其状态为未成交。
Sanctioned Amount,已核准金额
Reconciled,已核销
Following Material Requests have been raised automatically based on Item's re-order level,已根据物料的重订货点设置自动生成了以下物料需求
Registered but disabled,已注册但被禁用
Consumed,已耗用
Consumed Qty,已耗用数量
{0} {1} added,已添加{0} {1}
Attached To DocType,关联单据类型
Attached To Name,关联单据名
Is Active,生效
Requested Items To Be Transferred,待调拨物料需求
Material Requested,已申请物料
Attendance Marked,已登记考勤
Signed,已签
Lapsed,已终止
Settled,已结清
You are connected to internet.,已联网。
Auto Material Requests Generated,已自动生成物料需求
Odometer Value (Last),已行驶里程
Is Discounted,已贴现
Discounted Invoice,已贴现发票
Goods Transferred,已调拨
Converted,已转化
Per Transferred,调拨%
Material Transferred,已调拨物料
Visited,已送达
{0} items selected,已选{0}条记录
{0} values selected,已选择{0}个值
Overdue,已逾期
Ordered Qty,采购与委外数量
Seen,已阅
Shipping City,市（出货）
Billing City,市（开票）
Account: {0} with currency: {1} can not be selected,科目：{0}货币：{1}不能选择
Post,帖子
Privilege Leave,带薪年假
URL for documentation or help,在线帮助网址
Documentation Link,帮助文档的链接
Help Section,帮助
Common names and surnames are easy to guess.,常见名字和姓氏很容易被猜到。
Permanent,常驻
Average,平均值
Average of {0},平均值{0}
Avg Daily Outgoing,日均出库
Avg. Buying Price List Rate,平均采购标价
Avg. Selling Rate,平均销售价
Avg. Selling Price List Rate,平均销售标价
Weekdays,平日
Rate of Interest (%) Yearly,年利率（％）
Year Start Date,年度开始日期
Annual Income,年营收
Simultaneous Sessions,并发会话
Slideshow Items,幻灯片条目
Advertisement,广告
Serial No Warranty Expiry,序列号质保到期
Serial No Service Contract Expiry,序列号合同期满
Serial No / Batch,序列号/批号
Serial No {0} does not belong to Delivery Note {1},序列号{0}不属于销售出库{1}
Maintenance start date can not be before delivery date for Serial No {0},序列号为{0}的开始日期不能早于出货日期
Serial No and Batch,序列号和批号
Serial Number Series,序列号模板
Sr,序号
Stock and Account Value Comparison,库存与会计账金额对账
Raise Material Request when stock reaches re-order level,库存低于重订货点时生成物料需求
Stock Balance,库存余额
Quick Stock Balance,库存余额速查
Stock Value,库存金额
Stock UOM,库存单位
Available Qty at Warehouse,仓库即时库存
Valuation Rate is mandatory if Opening Stock entered,库存开账凭证中成本价字段必填
Qty as per Stock UOM,数量(库存单位)
Stock Reconciliation,库存调账
Stock Reconciliation Item,库存调账明细
Stock Summary,库存汇总
Accounting Entry for Stock,库存会计分录
Stock Analytics,库存统计分析
Stock Ageing,库龄
Accounts Payable,应付账款
Creditors,应付账款
Payable,应付账款
Accounts Payable Summary,应付账款汇总表
Net Change in Accounts Payable,应付账款净变动
Payment Period Based On Invoice Date,应收/应付款账龄(基于发票日)
Accounts Receivable,应收账款
Debtors,应收账款
Receivables,应收账款
Accounts Receivable Credit Account,应收账款备抵科目
Accounts Receivable Unpaid Account,应收账款未付科目
Invoice Discounting,应收账款融资(发票贴现)
Net Change in Accounts Receivable,应收账款净变动
Accounts Receivable Discounted Account,应收账款贴现科目
Apply Strict User Permissions,启用加严用户权限限制
Apply Multiple Pricing Rules,应用多个动态定价规则
App Name,应用程序名称
Apply Rule On Item Code,动态定价规则适用的物料号
Taxable Salary Slab,应税工资税率表
Taxable Salary Slabs,应税工资税率表
Chargeable,应课
Delay in payment (Days),付款逾期（天）
Threshold for Suggestion,建议阀值
Opened,开业
Starting Frappe ...,开始Frappe ...
From Invoice Date,开始发票日期
From Date,开始日期
Work From Date,开始日期
From Date {0} cannot be before employee's joining Date {1},开始日期{0}不能早于员工入职日{1}
From Date {0} cannot be after employee's relieving Date {1},开始日期{0}不能晚于员工离职日{1}
From date can not be less than employee's joining date,开始日期不得早于员工的加入日期
From Date cannot be greater than To Date,开始日期不能晚于结束日期
From Date and To Date lie in different Fiscal Year,开始日期和结束日期位不能跨财年
From Date Field,开始日期字段
Start Date Field,开始日期字段
Date of Commencement should be greater than Date of Incorporation,开始日期应晚于公司注册日期
From Date should be within the Fiscal Year. Assuming From Date = {0},开始日期应该在财年之内。财年开始日是{0}
From Datetime,开始时间
From Time,开始时间
Starts on,开始时间
From Time Should Be Less Than To Time,开始时间应该早于结束时间
Start Job,开始计时
From Fiscal Year,开始财年
Opening and Closing,开账与关账
Opening Entry,开账凭证
Is Opening,开账凭证？
Billing currency must be equal to either default company's currency or party account currency,开票(发票)货币必须等于默认公司的货币或科目货币
Billing Rate,开票单价
Billing Address Name,开票地址名称
Billing Hours,开票工时
Bill Date,发票日期
Billing Details,开票信息
Archived Columns,归档列
Start date of current invoice's period,当前发票周期的开始日期
End date of current invoice's period,当前发票周期的结束日期
Current Invoice Start Date,当前发票开始日期
Current Invoice End Date,当前发票结束日期
Current BOM and New BOM can not be same,当前和新物料清单不能相同
Private,当前帐号可见
Current Qty,当前库存数量
Current Valuation Rate,当前成本价
Current BOM,当前物料清单
Current Status,当前状态
Current Amount,当前金额
Recorder,程序运行记录
Delete {0} items permanently?,彻底删除{0}条记录？
Delete {0} item permanently?,彻底删除{0}条记录？
Party Details,往来单位信息
Party Information,往来单位信息
Party Account Currency,往来单位科目货币
Party Type,往来类型
Party Bank Account,往来单位银行户头
Pending Amount,待付款金额
Qty to Deliver,待出货数量
Opening Invoices,待创建发票
Opening Invoices Summary,待创建发票汇总
Open To Do,未关闭待办
Pending Activities,待办事项
To Do,待办
ToDo,待办
Subcontracted Raw Materials To Be Transferred,待发委外原材料
Pending,待处理
Open,待处理
Opening Invoice Item,待处理发票明细
Workflow Action,待审批工作流
Open Quotations,待处理报价单
Pending Qty,待处理数量
Pending Quantity,待处理数量
To Bill,待开票
Received Items To Be Billed,待开票采购入库明细
Purchase Orders to Bill,待开票采购订单
Amount to Bill,待开票金额
Delivered Items To Be Billed,待开票销售出库明细
Sales Orders to Bill,待开票销售订单
Pending Approval,待批准
Qty to Receive,待收数量
To Receive and Bill,待入库与开票
Subcontracted Item To Be Received,待入库委外成品
Purchase Orders to Receive,待入库采购订单
Outstanding Cheques and Deposits to clear,待清账支票及存款
Items To Be Requested,待创建物料需求物料
Field to Track,待追踪字段
Pending SO Items For Purchase Request,待采购销售订单明细
A word by itself is easy to guess.,很容易猜到的一个字
Required for Employee Creation,必做任务(创建新员工时)
Mandatory,必填字段
Missing Fields,必填字段信息缺失
Missing Values Required,必填字段信息缺失
Mandatory Information missing:,必填字段信息缺失：
Allow saving if mandatory fields are not filled,必填字段未填完整允许保存
Fieldname not set for Custom Field,必须为自定义字段设置设置字段名
Mandatory field: set role for,必须填写：用于设置角色
Required Skills,必需技能
Attendance From Date and Attendance To Date is mandatory,必须指定考勤开始日期和结束日期
Must have report permission to access this report.,必须有报表权限才能访问此报表。
Both Trial Period Start Date and Trial Period End Date must be set,必须设置试用开始日期和试用结束日期
Mandatory:,必须项：
Forgot Password?,忘了密码？
Your Shortcuts,快速访问
Quick Entry,快速录入
Quick Journal Entry,快速简化日记账凭证
Ignore XSS Filter,忽略XSS过滤条件
Ignore Workstation Time Overlap,忽略工站时间重叠
Ignore Existing Ordered Qty,忽略已采购数量
Ignore User Permissions,忽略用户权限限制
Ignore Pricing Rule,忽略动态定价规则
Total Payment,总付款
Total Paid Amount,总付款金额
Total Achieved,总体上实现
Total Debit must be equal to Total Credit. The difference is {0},总借方必须等于总贷方，差异{0}。
Total Debit,借方合计
Total Present,总出勤
Total Outgoing Value (Consumption),总发出金额 (耗用)
Total Billable Amount,总可开票金额
Total Produced Qty,总完工数量
Total Actual,总实际
Total Working Hours,总工时
Total working hours should not be greater than max working hours {0},总工时不应超过每天最大工时{0}
Total Allocated Leaves,总已分配休假天数
Total Allocated Amount (Company Currency),总已分配金额（本币）
Total Billed Hours,总已开票工时
Total Billed Amount,总已开票金额
Incorrect number of General Ledger Entries found. You might have selected a wrong Account in the transaction.,总账分录发现错误数字，可能是选择了错误的科目。
GL Account,总账科目
Total Outgoing,总出库
Total Outstanding Amount,总未付金额
Total Costing Amount,总成本
Total Equity,总所有者权益
Total Number of Depreciations,总折旧期数
Total Incoming Value (Receipt),总收到金额 (入库)
Total Time in Mins,总时间(分)
Total Unpaid: {0},总未付：{0}
Total Taxes and Charges,总税费
Total Taxes and Charges (Company Currency),总税费（本币）
Tax Total,总税额
Total Billing Amount,总开票金额
Total Absent,总缺勤
Total,总计
Total(Amt),总金额
Totals Row,总计行
Total Billable Hours,总计费工时
Grand Total (Company Currency),总计（本币）
Total(Qty),总数量
Total (Credit),总计（贷方）
Total Order Value,总订单金额
Total Credit/ Debit Amount should be same as linked Journal Entry,总贷方/借方应与关联的日记账凭证相同
Total Credit,贷方合计
Total Loan Repayment,总借款还款
Total Expense Claim (via Expense Claim),总费用报销（费用报销）
Total Expense Claim (via Expense Claims),总费用报销（费用报销）
Total Late Entries,总迟到
Total Purchase Cost (via Purchase Invoice),总采购成本（采购发票）
Total Purchase Amount,总采购额
Total Weight,总重
Total Amount in Words,总金额(大写)
Total Value Difference (Incoming - Outgoing),总金额差异（入库 - 耗用）
Total Amount Currency,总金额货币
Total (Company Currency),总金额（本币）
Total Sales Amount,总销售额
Total Sales Amount (via Sales Order),总销售额（销售订单）
Total advance amount cannot be greater than total sanctioned amount,总预付不得超过总核准金额
Total Estimated Distance,总预估距离
Total Advance,总预收/付
Restored,恢复
restored {0} as {1},恢复{0}为{1}
Restore to default settings?,恢复到默认设置？
Restore Original Permissions,恢复原权限
You are not allowed to print this report,您未被授权打印此报表
You can't set 'Options' for field {0},您不能为字段{0}设置“选项”
You cannot delete Project Type 'External',您不能删除“外部”类型项目
You can not enter current voucher in 'Against Journal Entry' column,您不能在“对日记账凭证”列中选择此凭证。
You unfollowed this document,您取消了对该单据的关注
"For updating, you can update only selective columns.",您只能更新选择的列。
You can add dynamic properties from the document by using Jinja templating.,您可以通过Jinja模板来添加单据的动态属性。
You have already selected items from {0} {1},您已经从{0} {1}选择了物料
You have to enable auto re-order in Stock Settings to maintain re-order levels.,您必须在库存设置中启用自动重订货才能维护重订货点。
You must login to submit this form,您必须登录才能提交此表单
You are not authorized to approve leaves on Block Dates,您无权批准禁止休假日期内的休假
You can't set 'Translatable' for field {0},您无法为字段{0}设置“可翻译”
The resource you are looking for is not available,您正在查找的资源不可用
You don't have access to Report: {0},您没有权限访问报表：{0}
You don't have permission to access this file,您没有权限访问该文件
You don't have the permissions to access this document,您未被授权访问此单据
You do not have enough permissions to complete the action,您未被授权完成此操作
You do not have enough permissions to access this resource. Please contact your manager to get access.,您没有足够的权限来访问该资源。请联系您的经理，以获得访问权。
You are now following this document. You will receive daily updates via email. You can change this in User Settings.,您现在正在关注此单据。您将通过电子邮件收到每日更新。您可以在“用户设置”中进行更改。
Your connection request to Google Calendar was successfully accepted,您的Google日历连接请求已成功接受
"Your session has expired, please login again to continue.",您的会话已过期，请再次登录以继续。
Your tickets,您的客服工单
Your account has been locked and will resume after {0} seconds,您的账户已被锁定，并将在{0}秒后恢复
Some of the features might not work in your browser. Please update your browser to the latest version.,您的浏览器中的某些功能可能无法正常工作。请将您的浏览器更新到最新版本。
Your email address,您的电子邮件地址
"Your query has been received. We will reply back shortly. If you have any additional information, please reply to this mail.",您的问题已收到。我们将尽快回复邮件。如果您还有任何其他的信息，请回覆此邮件。
Are you sure you want to delete the attachment?,您确定要删除附件？
Are you sure you want to relink this communication to {0}?,您确定要重新链接该通信{0}？
Do you want to submit the material request,创建的物料需求直接提交? 选否只保存(草稿状态)
You selected Draft or Cancelled documents,您选择了草稿或已取消的单据
You need to be logged in and have System Manager Role to be able to access backups.,您需要先登录，并具有系统管理员角色才能够访问备份。
You need to install pycups to use this feature!,您需要安装pycups才能使用此功能！
You need to be logged in to access this {0}.,您需要登录才能访问此{0}。
You need to be logged in to access this page,您需要登录才能访问该页面
Link to the page you want to open. Leave blank if you want to make it a group parent.,想要打开的链接。如果仅作为上级菜单项，请留空。
Success Action,成功后的操作
Successfully imported {0} records.,成功导入{0}笔记录
Successfully updated translations,成功更新翻译
Successful: {0} to {1},成功：{0} {1}
Team Member,成员
BOM No. for a Finished Good Item,成品物料清单号
Costing Amount,成本
Cost Center and Budgeting,成本中心与预算
Cost Center Number,成本中心号
Costing Rate,成本价
Valuation,成本价
Valuation Rate,成本价
Negative Valuation Rate is not allowed,成本价不可以为负数
Valuation and Total,成本价与总计
Valuation Method,成本价计算方法
Basic Rate (Company Currency),单价（本币）
Basic Rate (as per Stock UOM),单价（按库存单位）
Costing Details,成本核算信息
Costing and Billing,成本核算和结算
We have received a request from you to download your {0} data associated with: {1},我们已收到您的请求，要求您下载与{1}相关联的{0}数据
We have received a request for deletion of {0} data associated with: {1},我们收到了删除与以下相关的{0}数据的请求：{1}
To Value,截止值
To Package No.,截止包裹号
To Invoice Date,截止发票日期
End Year cannot be before Start Year,截止年不能早于开始年
To date can not greater than employee's relieving date,截止日期不能晚于员工离职日期
To Range,截止范围
To Fiscal Year,截止财年
House rented dates required for exemption calculation,房子租用日期计算免责
All,全部
All Sales Person,所有业务员
All Supplier Contact,所有供应商
All Supplier Groups,所有供应商
All Territories,所有区域
Invoice already created for all billing hours,所有可开票工时均已开票
All Employee (Active),所有员工（在编）
All fields are necessary to submit the comment.,所有字段都必须提交评论。
All customizations will be removed. Please confirm.,所有定制都将被删除，请确认
All Customer Contact,所有客户联系人
All Customer Groups,所有客户组
All items have already been transferred for this Work Order.,所有物料已发料到该生产工单。
All Item Groups,所有物料组
All Lead (Open),所有线索（跟进中）
Net Change in Equity,所有者权益净变动
Opening Balance Equity,所有者权益期初余额
All Jobs,全部任务
All Images attached to Website Slideshow should be public,所有连接到网站幻灯片的图片应该是公开的
All Sales Partner Contact,所有业务伙伴联系人
The selected item cannot have Batch,所选物料不能启用批号管理
Required Quantity,需求数量
Manual,手动
Change this date manually to setup the next synchronization start date,手工修改后下次同步由此日期开始
Cellphone Number,手机号
Mobile No,手机号
Mobile Number,手机号
Printing,打印
Print Documents,打印单据
"Always add ""Draft"" Heading for printing draft documents",打印草稿状态单据时添加“草稿”标题
Print with letterhead,打印表头
Print Hide,不打印
Open Awesomebar,打开Awesomebar
Open BOM {0},打开BOM {0}
Payment Entry Deduction,扣款
Debit Note,扣款
Debit Note Issued,已扣款
Payment Deductions or Loss,扣款或损失
Debit Note Amount,扣款金额
Tax Amount After Discount Amount (Company Currency),折后税额（本币）
Taxes and Charges Deducted,抵扣税费
Taxes and Charges Deducted (Company Currency),抵扣税费（本币）
Execution Time: {0} sec,运行时间：{0}秒
Scan the QR Code and enter the resulting code displayed.,扫描QR码并输入显示的结果代码。
Approve,批准
Approving User  (above authorized value),审批人用户（上述授权值）
Approving Role (above authorized value),审批人角色（上述授权值）
Distributor,分销商
Batch,批号
Batch ID,批号
Maximum Samples - {0} have already been retained for Batch {1} and Item {2} in Batch {3}.,批号{1}和批号{3}中的物料{2}已保留最大样本数量{0}。
Batch Details,批号信息
Batch Number Series,批号模板
Batch Description,批号说明
Batch Size,批量
Could not find {0},找不到{0}
"No fields found that can be used as a Kanban Column. Use the Customize Form to add a Custom Field of type ""Select"".",找不到可用作看板列的字段。使用“定制表单”添加“选择”类型的自定义字段。
Field {0} not found.,找不到字段{0}。
Page not found,找不到网页
Could not find path for ,找不到路径
Base Change Amount (Company Currency),找零金额（本币）
Transporter Info,物流信息
Transporter Name,物流公司名
CC,抄送
Send me a copy,抄送给自己
Proposal/Price Quote,投标/报价
Net Cash from Investing,投资净现金
Fold must come before a Section Break,折叠须在段之前
Tax Amount After Discount Amount,折后税额
Apply Discount On,折扣
Discount and Margin,折扣与上浮
Discount Percentage can be applied either against a Price List or for all Price List.,折扣百分比可以应用于一个或所有的价格表。
Price Discount Scheme,折扣规则
Value After Depreciation,资产净值
Depreciation Row {0}: Expected value after useful life must be greater than or equal to {1},折旧行{0}：资产使用年限结束残值必须大于或等于{1}
Quot/Lead %,报价/线索％
Quot Count,报价数量
Quotation Item,报价明细
Scrap Warehouse,报废品仓
Journal Entry for Scrap,报废记账日记账凭证
Scrap Asset,报废资产
Report,报表
Reports,报表
Report {0},报表{0}
This report was generated {0}.,报表{0}已生成。
Report {0} is disabled,报表{0}无效
Report cannot be set for Single types,报表不能单类型设置
Reports & Masters,报表与主数据
Report Name,报表名称
Report was not saved (there were errors),报表尚未保存（有错误）
Report updated successfully,报表已成功更新
Report Builder,报表生成器
Report Manager,报表管理
Report Type,报表类型
Report Filters,报表过滤条件
Report Hide,报表隐藏
Report:,报表：
Sorry! You are not permitted to view this page.,抱歉，你不允许查看此页面。
Sorry! I could not find what you were looking for.,抱歉，无法找你要的信息。
Secured Loans,抵押借款
Split Batch,拆分批号
Take Photo,拍照
Rejected Warehouse,拒收仓
Drop files here,拖拽文件到这儿
Arrear,拖欠
Visit,拜访
ID (name) of the entity whose property is to be set,拟被设定属性的记录ID(名称)
No pending Material Requests found to link for the given items.,指定物料没有对应的待处理物料需求。
Indicator,指示符
Press Alt Key to trigger additional shortcuts in Menu and Sidebar,按Alt键可在菜单和侧边栏中触发其他快速访问
Ctrl + Up,按Ctrl +向上
Ctrl + Down,按Ctrl +向下
Press Enter to save,按Enter键保存
"Can not filter based on Voucher No, if grouped by Voucher",按凭证分类后不能根据凭证号过滤
Group by Voucher,按凭证分组
Salary Component for timesheet based payroll.,按工时表付薪的薪资构成项。
As per Stock UOM,按库存单位
Group by Party,按往来单位分组
Search by filename or extension,按文件名或后缀搜索
"Assign one by one, in sequence",按顺序逐个用户分派
Profit & Loss,损益表
Picked Qty,拣货数量
Combination of Grant Type (<code>{0}</code>) and Response Type (<code>{1}</code>) not allowed,授予类型（ <code>{0}</code> ）和响应类型（ <code>{1}</code> ）的组合不允许
Credit Days,授信天数
Credit Months,授信月数
Authorize Google Contacts Access,授权Google通讯录访问权限
A third party distributor / dealer / commission agent / affiliate / reseller who sells the companies products for a commission.,授权销售公司产品的第三方分销商/经销商/授权代理商/分支机构/转销商
Standing Name,排名
Sort Order,排序
Sort field {0} must be a valid fieldname,排序字段{0}必须是有效的字段名
Queued for backup. You will receive an email with the download link,排队备份。您将收到一封包含下载链接的电子邮件
Control Action,控制措施
Action Initialised,控制措施已启动
Mask,掩码
Submit {0} documents?,提交 {0} 个单据？
Report an Issue,提交一个问题
Before Validate,校验前
Cannot cancel before submitting. See Transition {0},提交前不能取消，详情参考状态转换{0}
Feedback Submitted,提交反馈
Before Save (Submitted Document),保存前(已提交)
After Save (Submitted Document),保存后(已提交)
"Once submitted, submittable documents cannot be changed. They can only be Cancelled and Amended.",一旦提交后无法再修改。只能先取消再点修订按钮，生成新版本后修改。
Salary Slips Submitted,提交工资单
Submit this Work Order for further processing.,提交此生产工单以进行后续操作。
Submit this document to confirm,点提交按钮进行确认
Provider Name,提供者名称
Raised By (Email),提单人（电子邮件）
Incentives,提成
Incentive,激励
Reminded,提醒
Reminder,提醒
Remind Before,提醒之前
Script to attach to all web pages.,插入到所有网页的脚本
Expose Recipients,揭露收件人
Search results for,搜索...
Searching ...,搜索中...
Search Sub Assemblies,搜索子装配件
Search field {0} is not valid,搜索字段{0}无效
User Remark,摘要
Revoked,撤销
Action,操作
Is Tree,支持树形结构
Cheque/Reference Date,业务日期
Cheque/Reference No,业务单号
Pay To / Recd From,收/付款方
Sent/Received Email,收/发电子邮件
To,收件人
Recipient Unsubscribed,收件人取消订阅
To and CC,收件人和抄送
Email Inbox,收件箱
Income,收入
If Income or Expense,收入或费用
Earning Component,收入类型
Against Income Account,收入账目
Received,已收货
In Qty,收到数量
Received On,收到日期
Received Amount (Company Currency),收款金额（本币）
Received Amount,收款金额
Set Target Warehouse,收料仓
Target Warehouse,收料仓
To Warehouse,收料仓
Target Warehouse Address,收料仓地址
To Warehouse (Optional),收料仓（可选）
Inward,收款
Incoming Payment,收款
Payment Request,收付款申请
Payment Request for {0},收付款申请{0}
Payment Request Type,收付款申请类型
Account Paid To,借方科目
Set Accepted Warehouse,收货仓库
Receipt Document,入库单号
Receipt Document Type,入库单类型
Received Quantity,收到数量
Received Stock Entries,收货记录
Collapse,收起
Enable Incoming,收邮件
Cashier Closing,收银结账
Policy,政策
Breakdown,故障
Education,教育培训
Data Import and Settings,数据导入与设置
Batch Quantity,数量
Int,整数
File '{0}' not found,文件&#39;{0}&#39;未找到
Doc Event,单据事件
Doc Events,单据事件
Internal record of document shares,文件分享的内部记录
Filename,文件名
File backup is ready,文件备份就绪
File size exceeded the maximum allowed size of {0} MB,文件大小超过允许的{0} MB
File too big,文件太大
Folder name should not include '/' (slash),文件夹名称不应包含“/”（斜杠）
Document Restored,单据恢复
File not attached,文件未添加
No file attached,文件未添加
File URL,文件的URL
Not in Stock,断货
New,新建
New Sales Person Name,业务员姓名
New Event,新事件
New Purchase Invoice,新供应商发票
New Company,新公司
New Employee ID,新员工号
New Location,新地点
Auto Opt In (For all customers),新客户默认积分方案（适用于所有客户）
New Serial No cannot have Warehouse. Warehouse must be set by Stock Entry or Purchase Receipt,新序列号不能有仓库，仓库只能通过物料移动和采购入库设置。
Add New Permission Rule,新建权限规则
New Cost Center Name,新成本中心名称
"Number of new Cost Center, it will be included in the cost center name as a prefix",新成本中心号，添加为成本中心名前缀
Name of the new Print Format,新打印格式的名称
New Batch Qty,新批号数量
Default Role at Time of Signup,新注册用户默认角色
New Activity,新活动
New BOM,新物料清单
New Email Account,新电子邮箱帐号
New Print Format Name,新的打印格式名称
New Report name,新的报表名称
New release date should be in the future,新的解除临时冻结日期必须晚于今天
New Kanban Board,新看板
New Account Name,新科目名称
New Contact,新联系人
New Custom Print Format,新自定义打印格式
Only mandatory fields are necessary for new records. You can delete non-mandatory columns if you wish.,新记录中只有必填字段是必须的。可以删除非必填字段。
New Department,新建 部门
New Purchase Orders,新采购订单
New Sales Invoice,新销售发票
New Sales Orders,新销售订单
Flag,旗
Customers Without Any Sales Transactions,无交易客户
Print Hide If No Value,无值不打印
No failed logs,无出错信息
Cannot Optimize Route as Driver Address is Missing.,无司机地址，无法优化配送路线
Cannot Calculate Arrival Time as Driver Address is Missing.,无司机地址，无法计算预估到达时间
No Items with Bill of Materials.,无已维护物料清单的物料。
Material Requests for which Supplier Quotations are not created,无报价物料需求
Unsecured Loans,无担保借款
Invalid Login Token,无效登录令牌
Invalid Home Page,无效的主页
Invalid Password,无效的密码
Invalid Search Field {0},无效的搜索字段{0}
Invalid file path: {0},无效的文件路径：{0}
Invalid User Name or Support Password. Please rectify and try again.,无效的用户名或支持密码。请纠正然后重试。
Invalid Output Format,无效的输出格式
Invalid Mail Server. Please rectify and try again.,无效的邮件服务器，请纠正后重试。
Invalid Request,无效请求
Invalid Link,无效链接
Nothing to show,无数据
No permission to {0} {1} {2},无权{0} {1} {2}
No permission for {0},无权限操作{0}
Cannot set multiple Item Defaults for a company.,无法为公司设置多个物料默认值。
Cannot create a {0} against a child document: {1},无法创建{0}子单据：{1}
Cannot Remove,无法删除
Cannot remove ID field,无法删除ID字段
Cannot delete {0} as it has child nodes,无法删除{0} ，因为它有子节点
Cannot delete Home and Attachments folders,无法删除主文件和附件文件夹
"Cannot delete Serial No {0}, as it is used in stock transactions",无法删除已在库存业务单据中使用过的序列号{0}
Cannot delete standard field. You can hide it if you want,标准字段只能隐藏，不能删除
Unable to load camera.,无法加载相机。
Unable to load: {0},无法加载： {0}
Failed to complete setup,无法完成设置
Unable to open attached file. Did you export it as CSV?,无法打开附件单据，您确认导出文件并存为了CSV格式？
Unable to find DocType {0},无法找到DocType {0}
Cannot change Service Stop Date for item in row {0},无法更改第{0}行中服务停止日期
The document could not be correctly assigned,无法正确分派单据
Cannot edit cancelled document,无法编辑已取消单据
"Cannot edit Standard Notification. To edit, please disable this and duplicate it",无法编辑标准通知。要进行编辑，请勾选禁用然后复制它
"Could not create Credit Note automatically, please uncheck 'Issue Credit Note' and submit again",无法自动创建退款单，请取消选中&#39;退款&#39;并再次提交
Cannot set the field <b>{0}</b> for copying in variants,无法设置允许字段<b>{0}</b>复制到多规格物料
Failed to connect to server,无法连接服务器
Nothing to update,无需更新
"No need for symbols, digits, or uppercase letters.",无需符号，数字和大写字母。
Project-wise data is not available for Quotation,无项目数据，无法报价
Skip Material Transfer to WIP Warehouse,不进行工单发料
Logs,日志
Timeline DocType,日志单据类型
Timeline,日志记录
As On Date,日期
Date {0} must be in format: {1},日期{0}必须采用格式：{1}
To Date should be within the Fiscal Year. Assuming To Date = {0},截止日期应早于财年截止日 {0}
Dates are often easy to guess.,日期往往容易被猜中。
Older backups will be automatically deleted,旧的备份将被自动删除
Early Exit,早退
Early Exit Grace Period,早退宽限期
Time Zones,时区
Hour Rate,工费率
Duration,时长(分）
Hrs,时长(小时)
Time In Mins,时间(分)
Datetime,时间日期
Timeline field must be a Link or Dynamic Link,时间线字段必须是一个链接或动态链接
Timeline field must be a valid fieldname,时间线字段必须是有效的字段名
Age (Days),账龄天数
Clear,清除
Row Values Changed,明细表变更
yesterday,昨天
Is Home Folder,主文件夹
Is Primary,首选
Is Primary Phone,首选联系电话
Is Primary Mobile,首选联系手机
Is Primary Contact,首选
Is Your Company Address,是公司地址
Is Company Account,是本公司户头
If Owner,是制单人？
Is Billing Contact,是发票联系人
Is Optional State,是可选状态
Is Submittable,可提交(审批)
Is Published Field,是否发布字段
Is Mandatory Field,必填字段
Is Cancelled,已取消
Is Advance,是预付款
Is Default,默认
Is Fixed Asset,允许资产
"""Is Fixed Asset"" cannot be unchecked, as Asset record exists against the item",已有关联的固定资产记录，不能取消勾选允许资产
Is Spam,是垃圾邮件
Is Subcontracted,委外
Is Child Table,是子表
Is Table,是子表
Is Customer Provided Item,是受托加工材料
Maintain Stock,允许库存
Is Account Payable,是应付账款
Is Opening Entry,是开账凭证
Is Folder,是文件夹
Is Standard,系统自带
In Standard Filter,是标准过滤字段
Is Single,是单笔记录？
Include in gross,是毛利相关科目
Include Item In Manufacturing,按工单发料
Is Custom Field,是自定义字段
Is Custom,定制?
In Filter,是自定义过滤字段
Is Return (Debit Note),红冲(借记单)
Is Return (Credit Note),红冲(贷记单)
Is Milestone,是里程碑
Is Attachments Folder,是附件文件夹
Marked Attendance HTML,显着的考勤HTML
Show Sales Person,显示业务员信息
Show as cc,显示为CC
Show Warehouse-wise Stock,显示仓库级库存
Show Payment Details,显示付款详情
Show Dashboard,显示数据面板
Show Linked Delivery Notes,显示关联的销售出库
Show Failed Logs,显示出错信息
Show in Website,显示在网站上
Website Description,显示在网站上的描述
Show Variants,显示多规格物料
Show Variant Attributes,显示多规格物料属性
Show Full Error and Allow Reporting of Issues to the Developer,显示完整错误并允许向开发人员报告问题
Show Operations,显示工序
Show Sidebar,显示左边栏
Show Cancelled Entries,显示已冲销单据
Show Opening Entries,显示开账分录
Show unclosed fiscal year's P&L balances,含未期末结账财年损益余额
Show Open,显示未完成
Show Future Payments,显示未来(报表记账日期后)付款金额
Display Depends On,是否显示先决条件
Show Section Headings,显示节标题
Show Warnings,显示警告信息
Filters Display,显示过滤条件
Show Return Entries,显示退货单
Attendance will be marked automatically only after this date.,晚于此日期才会自动标记为出勤
Temporarily Disabled,暂时禁用
BCC,暗送
More articles on {0},更多的文章{0}
"Further accounts can be made under Groups, but entries can be made against non-Groups",更多的科目可以归属到一个组类的科目下，但日记账凭证中只能使用非组类的科目
Replace,替换
Replace BOM,替换物料清单
The new BOM after replacement,替换后的物料清单
Change,更改
Change Password,更改密码
Change Label (via Custom Translation),更改标签（自定义转换）
Change Release Date,更改解除冻结日期
Updating,更新
Updating {0},更新{0}
updated to {0},更新{0}
Updating global settings,更新全局设置
Updating Variants...,更新多规格物料......
Update Clearance Date,更新清账日期
Update Rate and Availability,更新物料成本价和可用数量
Update Items,订单变更
Update Account Number / Name,更新科目代码/名称
Update Account Name / Number,更新科目名称/代码
Update Series Number,更新单据编号模板
Permissions at higher levels are Field Level permissions. All Fields have a Permission Level set against them and the rules defined at that permissions apply to the field. This is useful in case you want to hide or make certain field read-only for certain Roles.,更高级权限是字段级权限。可以为每个字段设置所需的权限等级，特定的角色被分配对应的权限等级，据此就可以用不同的角色限制不同的用户有不同的字段访问权限。
Item Alternative,替代物料
Alternative item must not be same as item code,替代物料不能与原物料号相同
Alternative Item Code,替代物料号
Min Grade,最低分
Minimum Password Score,最低密码分数
Minimum Total Spent,最低消费金额
Minimum Lead Age (Days),最低线索时长 天）
Days Since Last Order,最后一次下单至今天数
Last carbon check date cannot be a future date,最后一次尾气检查日期不能是未来的日期
Last,最后一页
Last Order Date,最后下单日期
Last Synced On,最后同步
Last Updated On,最后更新日期
Last Active,最后活动
Last User,最后用户
Last Login,最后登录
Overproduction Percentage For Work Order,工单超量入库百分比
Maximum Invoice Amount,最大发票金额
Max Taxable Income,最大应税收入
Max Benefits (Yearly),最大福利金额（每年）
Max Benefits (Amount),最大福利（金额）
Max Amt,最大金额
Max Attachments,最大附件数量
Better add a few more letters or another word,最好加几个字母或一个字
Minimum Invoice Amount,最小发票金额
Min Taxable Income,最小应税收入
Smallest circulating fraction unit (coin). For e.g. 1 cent for USD and it should be entered as 0.01,最小货币(分数)单位（硬币）。如最小货币是分，这里就输入0.01
Smallest Currency Fraction Value,最小货币分数值
Min Amount,最小金额
Min Amt,最小金额
Last Purchase Rate,最新采购价
Last Integration Date,最近同步日期
"Too many users signed up recently, so the registration is disabled. Please try back in an hour",最近有太多用户注册，导致注册功能被自动临时禁用了，请一个小时后重试。
Max Length,最长长度
Maximum Exempted Amount,最高免税金额
Max Grade,最高分
Monthly Distribution,每月分摊比例模板
Name of the Monthly Distribution,每月分摊比例模板名称
Monthly Distribution Percentage,每月分摊比例
Monthly Distribution Percentages,每月分摊比例
Has Web View,有Web视图
There is some problem with the file url: {0},有一些问题与文件的URL：{0}
Warehouses with child nodes cannot be converted to ledger,有下级子节点仓库的仓库不能转换为记账仓库
Account with child nodes cannot be converted to ledger,有下级科目(子节点)的科目不能转换为记账科目
Set,有值
Not Set,空值
Interested,有兴趣
Has Domain,有域名
Has Variants,有多种规格
Account with child nodes cannot be set as ledger,有子节点的科目不能被设置为记账科目
With Operations,有工艺路线
Has Serial No,启用序列号管理
Has Batch No,启用批号管理
Prospects Engaged But Not Converted,有跟进未转化线索
Validity in Days,有效天数
Valid till date cannot be before transaction date,失效日期不得早于交易日
Valid From,生效日期
Valid Till,失效日期
Valid Upto,失效日期
New updates are available,有新的更新
Item variant {0} exists with same attributes,有相同属性的多规格物料{0}已存在
There must be atleast one permission rule.,至少要一个权限规则。
With Letter head,有打印表头
Has Role,有角色
Have an account? Login,有账户？登录
In stock,有货
Has Expiry Date,启用失效日期管理
Duplicate Entry. Please check Authorization Rule {0},有重复记录，请检查授权规则{0}
There were errors,出错了
Has  Attachment,有附件
Service Stop Date cannot be after Service End Date,服务停止日不能晚于服务结束日
Path to Server Certificate,服务器证书的路径
Service Level Priority,服务水平优先级
Service Item,服务物料
Opening,期初
Closing (Dr),期末(借方)
Closing (Cr),期末(贷方)
Closing Balance,期末余额
Period Closing Voucher,期末结账凭证
Total allocated leaves {0} cannot be less than already approved leaves {1} for the period,期间内总分配休假{0}不能小于已经批准休假{1}
Period Score,本期得分
Unpaid and Discounted,已贴现未付
Not Delivered,未出货
No Email Accounts Assigned,未分派电子邮箱帐号
Not in Developer Mode,未在开发模式下
Unhandled Email,未处理的邮件
Open Notifications,未处理通知
Open Issues,未处理问题
App {0} is not installed,未安装应用程序{0}
Unfulfilled,未履行
Not in Developer Mode! Set in site_config.json or make 'Custom' DocType.,未开启开发模式！请在site_config.json中设置或创建一个自定义单据类型
Open Work Orders,未开始生产工单
Open Orders,未开始订单
Purchase Order Items not received on time,未按时收货采购订单物料
Future Payment Ref,报表日后付款参考
Future Payment Amount,报表日后付款金额
Future dates not allowed,不允许晚于当前日期
Unreconciled,未核销
No address added yet.,未添加地址。
Unknown Column: {0},未知列： {0}
Unsigned,未签
Open Projects,未结案项目
Password policy for Salary Slips is not set,未设置工资单密码策略
Unread Notification Sent,未读发送通知
Free item code is not selected,未选择免费物料代码
Missing email template for dispatch. Please set one in Delivery Settings.,未配置外发电子邮件模板。请在“出货设置”中设置。
Not Linked to any record,未链接到任何记录
Not Seen,未阅
List items that form the package.,本套件内物料列表。
"This field will appear only if the fieldname defined here has value OR the rules are true (examples):
myfield
eval:doc.myfield=='My Value'
eval:doc.age&gt;18","本字段仅在以上代码框中定义的字段有值或表达式(js代码)结果为真时显示，如案例1：字段等于指定值；<br>
eval:doc.myfield=='my value'
案例2：年龄大于18 <br>
eval:doc.age&gt;18"
Profit This Year,本年利润
Annual Billing: {0},本年总账单金额：{0}
Total Income This Year,本年收入
Total Expense This Year,本年费用
No data for this period,本时间段无数据
Summary for this month and pending activities,本月和待处理事项汇总
The system provides many pre-defined roles. You can add new roles to set finer permissions.,本系统提供了许多预定义角色。您可以添加新角色设定更精细的权限。
You have unsaved changes in this form. Please save before you continue.,本表单中存在未保存的修改，请先保存。
Principal Amount,本金
Opportunities,商机
Opportunity,商机
Opp/Lead %,商机 / 线索％
Opp Count,商机数量
Opportunity Date,商机日期
Opportunity Item,商机明细
Opportunity From,商机来源
Opportunity Type,商机类型
Opportunity Amount,商机金额
Organization Name,机构名称
Criteria Weight,权重
Permissions are automatically applied to Standard Reports and searches.,权限会自动应用于标准报表和搜索。
Permissions get applied on Users based on what Roles they are assigned.,权限检查基于已分派给用户的角色。
"Permissions are set on Roles and Document Types (called DocTypes) by setting rights like Read, Write, Create, Delete, Submit, Cancel, Amend, Report, Import, Export, Print, Email and Set User Permissions.",权限设置基于用户角色和单据类型，可设置的权限包括读，写，创建，删除，提交，取消，修改，报表，导入，导出，打印，电子邮件和设置用户权限限制。
Quick Help for Setting Permissions,权限设置的快速帮助
Restrictions,权限限制清单
Material Consumption is not set in Manufacturing Settings.,生产设置中未勾选启用工单耗用。
The Condition '{0}' is invalid,条件“{0}”无效
Condition and Formula Help,条件与公式说明
Conditions will be applied on all the selected items combined. ,条件将适用于所有选定物料。
Barcodes,条码
Barcode {0} is not a valid {1} code,条码{0}不是有效的{1}代码
Source,来源
From Folio No,来自Folio No
Check Out,结账
Checkout,结账
View Permitted Documents,查看被授权单据
View document,查看单据
See all open tickets,查看所有未完成客服工单
View Ledger,查看总账
Query Report,查询报表
Query Route String,查询路径字符串
Diesel,柴油
Proposal Writing,标书制作
Price List Rate,标价
Price List Rate (Company Currency),标价（本币）
Standard Working Hours,标准工作时长
Standard Sidebar Menu,标准工具栏菜单
Standard Print Style cannot be changed. Please duplicate to edit.,标准打印样式无法更改。请重复编辑。
Standard roles cannot be disabled,标准角色不能被禁用
Criteria weights must add up to 100%,标准权重合计必须为100％
Label is mandatory,标签信息必填
Align Labels to the Right,标签右对齐
Label and Type,标签和类型
Mark as {0},标记为{0}
Mark as Spam,标记为垃圾邮件
Marked As Spam,标记为垃圾邮件
Group Warehouses cannot be used in transactions. Please change the value of {0},标识为组的仓库不可被用于业务交易中，请修改所选的仓库{0}
Header HTML,标题HTML
Title field must be a valid fieldname,标题字段必须是有效的字段名
"Show title in browser window as ""Prefix - title""",标题显示在浏览器窗口中的“前缀 - 标题”
Column Break,栏
Tree,树
Tree structures are implemented using Nested Set,树形结构是一种多层结构
Validate Applied Rule,校验应用的规则
Sample Retention Warehouse,样品仓
Sanctioned Amount cannot be greater than Claim Amount in Row {0}.,核准金额不能大于申报额行{0}。
Successfully Reconciled,核销/对账成功
Reconcile,核销（对账）
Reconcile Entries,核销凭证
Before reconciliation,调账前
Root {0} cannot be deleted,根{0}无法删除
Select Items based on Delivery Date,根据出货日期选择物料
Mark attendance based on 'Employee Checkin' for Employees assigned to this shift.,根据分配给此班次的员工的“员工签到”登记考勤。
There can be multiple tiered collection factor based on the total spent. But the conversion factor for redemption will always be same for all the tier.,根据总消费金额可以有多个分等级积分规则。但所有等级的兑换系数相同。
Please set filter based on Item or Warehouse,根据物料或仓库请设置过滤条件
Get Invoices based on Filters,根据过滤条件获取发票
Root Type,一级科目类型
Root Type is mandatory,一级科目类型是必填字段
Root cannot have a parent cost center,根结点(成本中心)不能有父成本中心
Blanket Order,框架订单
Blanket Order Rate,框架订单单价
Blanket Order Item,框架订单明细
Desk Access,桌面访问
Archive,档案
Checking one moment,检查一下
Summary,概要
Modules,模块
Show in Module Section,模块主页中的显示位置
Module to Export,模块导出
Variant Of,模板物料
Landscape,横向打印
Banner Image,横幅图像
Banner is above the Top Menu Bar.,横幅在顶部菜单上方显示。
Orange,橙色
Arrear Component,欠费组件
Refreshing...,正在刷新...
Under Review,正在审查中
Currently Viewing,正在查看
General,正常
Series List for this Transaction,本单据类型单据编号模板清单
Warehouse can not be deleted as stock ledger entry exists for this warehouse.,此仓库已有物料凭证，无法删除。
Price Not UOM Dependent,此价格适用所有单位
This feature is brand new and still experimental,此功能是全新的，仍处于试验阶段
Name of the Document Type (DocType) you want this field to be linked to. e.g. Customer,此字段链接到的单据类型，例如客户
DocType on which this Workflow is applicable.,此工作流适用的单据类型。
This tool helps you to update or fix the quantity and valuation of stock in the system. It is typically used to synchronise the system values and what actually exists in your warehouses.,用于调整物料库存数量(库存盘点)和成本价(成本调整)。
This report was generated on {0},此报表是在{0}上生成的
This action will unlink this account from any external service integrating ERPNext with your bank accounts. It cannot be undone. Are you certain ?,此操作将取消此账户与将ERPNext与您的银行账户集成的任何外部服务的链接。它无法撤销。你确定吗 ？
The amount of {0} set in this payment request is different from the calculated amount of all payment plans: {1}. Make sure this is correct before submitting the document.,此收付款申请中设置的{0}金额与所有付款计划的计算金额不同：{1}。在提交单据之前确保这是正确的。
Salary Slip of employee {0} already created for this period,此期间的员工{0}工资单已创建
This format is used if country specific format is not found,此格式用于如果找不到特定国家的格式
This is the number of the last created transaction with this prefix,此流水号段(前缀)的当前流水号
This Item is a Variant of {0} (Template).,此物料是基于模板物料{0}的多规格物料。
No email account associated with the User. Please add an account under User > Email Inbox.,此用户未关联邮箱帐号，请在用户收件箱中设置邮箱
This email is autogenerated,此电子邮件是自动生成的
This Kanban Board will be private,此看板只适用于本帐号
Rate at which this tax is applied,此科目的默认税率
Is this Tax included in Basic Rate?,单价含税？
This request has not yet been approved by the user.,此请求尚未得到用户的批准。
Days for which Holidays are blocked for this department.,此部门的禁止休假日
This link has already been activated for verification.,此链接已激活以进行验证。
This link is invalid or expired. Please make sure you have pasted correctly.,此链接是无效或过期。请确保你已经正确粘贴。
% of materials delivered against this Sales Order,此销售订单% 的物料已出货。
Step,步
Expected Value After Useful Life,残值
Section Break,段
Fortnightly,每两周
There can only be 1 Account per Company in {0} {1},每个公司只能有1个科目（科目）{0} {1}
Per Week,每周
Bimonthly,每半个月
Half Yearly,每半年
Half-Yearly,每半年
Qty Consumed Per Unit,单位耗用量
Weight Per Unit,单重
Every Week,每周
Daily,每天
Quarterly,每季
Synchronize all accounts every hour,每小时同步所有账户
Daily Timesheet Summary,每日工时表汇总
Max 500 records at a time,每次最多500条记录
Every Valid Check-in and Check-out,每次有效签入与签出
Year of Passing,毕业年份
Nothing is included in gross,无毛利数据
Gross and Net Profit Report,净毛利报告
Gross Weight UOM,毛重单位
Permanently delete {0}?,永久删除{0} ？
Permanent Address Is,永久地址类型
Cover Letter,求职信
Applicant for a Job,求职申请
Communication,沟通
None,无
No {0} mail,没有{0}邮件
No further records,没有下一个记录了
Optional Holiday List not set for leave period {0},没有为休假期间{0}设置选休假假期表
Workflow Action is not created for optional states,系统不会为可选状态创建待审批工作流
No Delivery Note selected for Customer {},没有为客户{}选择销售出库
Row {0}: Bill of Materials not found for the Item {1},没有为第{0}行的物料{1}定义物料清单
Options not set for link field {0},链接字段未设置选项{0}
No accounting entries for the following warehouses,没有以下仓库的日记账凭证
No values,无金额
No material request created,无需创建的物料需求
Did not remove,没有删除
No salary slip found to submit for the above selected criteria OR salary slip already submitted,没有发现提交上述选定标准或已提交工资单的工资单
Nothing to change,没有变更
There is no data to be exported,没有可导出的数据
No Printer is Available.,没有可用打印机。
no failed attempts,没有失败的尝试
No Item with Serial No {0},没启用序列号管理为{0}的物料
No {0} found,没有找到{0}
{0} not found for item {1},没有找到物料 {1} 的{0}
No Action,没有控制措施
No new Google Contacts synced.,没有新的Google通讯录同步。
No more items to display,没有更多要显示的条目
No outstanding invoices require exchange rate revaluation,无需汇率重估的未付发票
Not Permitted,没有权限
Not permitted,没有权限
Not permitted to view {0},没有权限查看{0}
No Active Sessions,没有活动会话
Did not add,没有添加
No records will be exported,没有满足条件的记录
No Emails,没有电子邮件
No Email Account,没有电子邮箱帐号
No of Interactions,没有相互作用
No Permissions set for this criteria.,没有符合条件的权限。
No matching records. Search something new,没有符合条件的记录。搜索新的东西
No Account matched these filters: {},没有符合过滤条件{}的科目
No Results,没有结果
No values to show,没有要显示的值
No records deleted,没有记录被删除
No records tagged.,没有记录被标记。
No permission to read {0},没有读取{0}的权限
Notes:,注意事项：
"Note: For best results,  images must be of the same size and width must be greater than height.",注意：为获得最佳效果，图像必须大小相同，宽度必须大于高度。
Note: Changing the Page Name will break previous URL to this page.,注意：更改页面名称将会破坏此页面的上一个URL。
Note: Payment Entry will not be created since 'Cash or Bank Account' was not specified,注意：未指定“现金或银行科目”，无法创建收付款凭证
Note: Multiple sessions will be allowed in case of mobile device,注：在使用移动设备时允许多个会话
Note: Total allocated leaves {0} shouldn't be less than already approved leaves {1} for the period,注：期间内总分配休假{0}应不低于已核定休假{1}
Note: This Cost Center is a Group. Cannot make accounting entries against groups.,注：此成本中心勾选了是组，不能用于会计凭证记账。
Active,激活
Event Participants,活动参与者
Event Category,活动类别
Process Description,流程描述
Browser not supported,浏览器不支持
Variable,浮动工资
Float Precision,浮点数精度
Customs Tariff Number,海关关税号
Messages,消息
Message not setup,消息未设置
Excise Invoice,消费税发票
Loyalty Amount,消费金额
Add Row,添加一行
Add Group,添加分组
Add to Desktop,添加到桌面
Attach Image,添加图片
Add Chart to Dashboard,添加图表至数据面板
Add Multiple,添加多行
Add script for Child Table,添加子表的脚本
Add Timesheets,添加工时表
Add Total Row,添加总计行
Attach Print,添加打印输出(PDF)作为附件
Attach Document Print,添加打印输出作为附件
Attach,添加文件
Attach files / urls and add in table.,添加文件/网址并添加到表格中。
Add a new section,添加新分区
Add Weekly Holidays,添加每周休息日
Add User Permissions,添加用户权限限制
Add to Holidays,添加至假期
Add Filters,添加过滤条件
Add Sales Partners,添加业务伙伴
Attached To Field,关联的字段
"List as [{""label"": _(""Jobs""), ""route"":""jobs""}]",清单[{“标签”：_（“作业”），“路径”：“工作”}]
Clearance Date,清账日期
Clearance Date updated,清账日期已更新
Clear User Permissions,清除用户权限限制
"Clearing end date, as it cannot be in the past for published pages.",清除结束日期，因为发布的页面不能在过去。
Clear Filters,清除过滤条件
Channel Partner,渠道服务商
Source DocType,源单据类型
Source Document Name,源单据编号
Source Document Type,源单据类型
Source Name,源名称
Source and Target Location cannot be same,源和目标地点不能相同
Source Location,源地点
From Delivery Note,源销售出库
Filtered Records,满足过滤条件的记录
Possible Supplier,潜在供应商
Train,火车
Clicked,点击
Click on the link below to download your data,点击下面的链接下载您的数据
Click on the link below to complete your registration and set a new password,点击下面的链接完成注册，并设置新密码
Click on the link below to verify your request,点击下面的链接验证您的请求
"Then Pricing Rules are filtered out based on Customer, Customer Group, Territory, Supplier, Supplier Type, Campaign, Sales Partner etc.",然后动态定价规则将基于客户，客户组，区域，供应商，供应商类型，活动，业务伙伴等条件过滤。
Proficiency,熟练程度
Fuel UOM,燃油单位
Parent,父
Parent Warehouse,父仓库
Parent Task,父任务
Parent Location,父位置
Parent Supplier Group,父供应商组
Parent Cost Center,父成本中心
Parent Batch,父批
Parent Account,父科目
Parent Item {0} must not be a Stock Item,父项{0}不能勾选了允许库存的物料
Parent Customer Group,父客户组
Parent Item Group,父物料组
Version Updated,版本更新
Property Setter overrides a standard DocType or Field property,物业二传手覆盖标准的DocType或实地房产
Item To Manufacture,成品
Material,物料
Item 1,物料1
Item: {0} does not exist in the system,物料{0}不存在
Item {0} is not a stock Item,物料{0}不允许库存
Default BOM not found for Item {0} and Project {1},物料{0}和物料{1}找不到默认BOM
Item {0} is not active or end of life has been reached,物料{0}处于失效或寿命终止状态
Item {0} has been disabled,物料{0}已禁用
Item {0} is disabled,物料{0}已禁用
Item {0} must be a non-stock item,物料{0}必须是非允许库存物料
Item {0} must be a Sub-contracted Item,物料{0}必须是委外物料
Item {0} must be a Fixed Asset Item,物料{0}必须被定义为允许资产
Item {0} is not a serialized Item,物料{0}未启用序列好管理
Installation date cannot be before delivery date for Item {0},物料{0}的安装日期不能早于出货日期
"For an item {0}, quantity must be negative number",物料{0}的数量必须是负数
Item Group not mentioned in item master for item {0},物料{0}的物料组没有设置
Batch {0} of Item {1} is disabled.,物料{1}批号{0}已禁用。
This document is over limit by {0} {1} for item {4}. Are you making another {3} against the same {2}?,物料{4}{0} 超出订单允许量 {1}。你在对同一个{2}做另一个{3}？
Item Manager,物料主数据管理员
Item Tax Amount Included in Value,物料价内税
Item Price updated for {0} in Price List {1},物料价格{0}更新到价格表{1}中了，之后的订单会使用新价格
Item Manufacturer,物料制造商
Rate Of Materials Based On,物料单价基于
Item Name,物料名称
Item Image (if not slideshow),物料图片(如果没有轮播图片)
Item Variant Settings,物料多规格设置
Item operation,工序
Cannot be a fixed asset item as Stock Ledger is created.,物料已有物料凭证后不能再将其设置为固定资产。
Item Locations,拣货明细
Item must be added using 'Get Items from Purchase Receipts' button,物料必须要由“从采购入库选物料”添加
Item valuation rate is recalculated considering landed cost voucher amount,物料成本价将基于到岸成本凭证金额重新计算
Batch-Wise Balance History,物料批号结余数量
None of the items have any change in quantity or value.,物料数量或金额无任何变化。
Item has variants.,物料有多种规格。
Item-wise Price List Rate,物料标价
BOM,物料清单
Bill of Materials,物料清单
BOM Comparison Tool,物料清单比对工具
BOM Detail No,物料清单号
BOM No,物料清单号
Manufacturers used in Items,物料的制造商
Distinct unit of an Item,物料的单位
Itemwise Discount,物料折扣
Stock Entry,物料移动
Stock Entry {0} is not submitted,物料移动{0}不提交
Stock Entry {0} created,物料移动{0}已创建
Stock Ledger Entry,物料凭证
Stock Entry Child,物料移动明细
Stock Entry Detail,物料移动明细
Stock Ledger,物料凭证
Stock Entry (Outward GIT),物料移动（在途发出）
Item Wise Tax Detail,物料税费信息
Item Tax Template Detail,物料税模板详细信息
Item Tax Row {0} must have account of type Tax or Income or Expense or Chargeable,物料税项行{0}对应的科目其类型须为税项，收入或费用。
Item Group,物料组
Item Group Name,物料组名称
Item Group Tree,物料组树
Item Group Defaults,物料组默认值
Item Code,物料号
Duplicate entry against the item code {0} and manufacturer {1},物料号{0}和制造商{1}重复输入
Item Code cannot be changed for Serial No.,物料号不能因序列号改变
Item Naming By,物料号字段
Material Consumption,工单耗用
Item Variant Attribute,物料规格属性
Item Quality Inspection Parameter,物料质检参数
Items Filter,物料过滤
Item-wise Purchase History,物料采购明细
Item-wise Purchase Register,物料采购台账
Item Reorder,物料重订货
Item-wise Sales History,物料销售明细
Item-wise Sales Register,物料销售台账
Material Request,物料需求
Material Requests,物料需求
Material Request {0} is cancelled or stopped,物料需求{0}已取消或已停止
Material Request {0} submitted.,物料需求{0}已提交。
Material Request Plan Item,物料需求中的计划物料
Material Request Detail,物料需求信息
Material Request No,物料需求单号
Material Request Date,物料需求日期
Material Request Item,物料需求明细
Material Request Type,物料需求类型
Transporter Details,物流详情
Special Characters are not allowed,不能使用特殊字符
States,状态
Status must be Cancelled or Completed,状态必须是已取消或已完成
now,现在
Existing Company,现有的公司
Class / Percentage,班/百分比
Shift,班次
Shift Type,班次
Shift Assignment,班次分配
Manufacture,工单入库
Material Consumption for Manufacture,工单耗用
Work Order,生产工单
Work Order has been {0},生产工单已{0}
Work Order Stock Report,工单原材料库存齐套报表
Work Order not created,生产工单未创建
Production Item,成品
Production Analytics,生产统计分析
Production Plan Material Request,生产计划物料需求
Production Plan Item,生产计划物料
Reserved Qty for Production,生产预留数量
Reserved Qty for Production: Raw materials quantity to make manufacturing items.,生产预留数量：为生产制造预留的原材料数量。
Make {0} Variants,生成{0}个多规格物料
Generate Schedule,生成排期表
Generate New Report,生成新报表
"Generate packing slips for packages to be delivered. Used to notify package number, package contents and its weight.",生成要发货物料的装箱单，包括包裹号，内容和重量。
Effective from,生效日
Line spacing for amount in words,用于显示大写金额的行距
Items for Raw Material Request,用于物料需求的物料号
QR Code for Login Verification,用于登录验证的QR码
"Use a few words, avoid common phrases.",用几个字，避免常用短语。
User {0} cannot be disabled,用户{0}不能被禁用
User {0} cannot be deleted,用户{0}不能被删除
User {0} does not have access to this document,用户{0}无权访问此单据
User {0} does not have doctype access via role permission for document {1},角色权限管理中未授权用户 {0} 访问 {1}
User '{0}' already has the role '{1}',用户“{0}”已经被分派了角色“{1}”
User Cannot Search,用户不能搜索
User can login using Email id or Mobile number,用户可以使用电子邮件ID或手机号登录
User can login using Email id or User Name,用户可以使用电子邮件ID或用户名登录
User Image,用户图片
User ID,用户帐号
Number of days that the subscriber has to pay invoices generated by this subscription,发票日与付款到期日之间的账期天数
User must always select,用户必须选择
Total Subscribers,用户总数
Activity Log,用户操作日志
User Cannot Create,用户无法创建
Apply this rule if the User is the Owner,用户是制单人则应用此规则
If user is the owner,仅限创建者
User Permission,用户权限限制
User Permissions,用户权限限制
User permission already exists,用户权限限制已经存在
User Permissions are used to limit users to specific records.,用户权限限制用于过滤出允许用户访问的单据。
User Email,用户电子邮件
User Emails,用户电子邮箱
Permitted Documents For User,用户被授权单据
User Forum,用户论坛
User Id,用户账号
User Defaults,用户默认
Update Rate as per Last Purchase,用最新采购单价更新价格主数据
values separated by commas,用逗号分隔的值
Viewed By,查看人
Cannot delete or cancel because {0} {1} is linked with {2} {3} {4},由于{0} {1}与{2} {3} {4}关联，无法删除或取消
RFQs are not allowed for {0} due to a scorecard standing of {1},由于评分卡的当前评级为{1}，使用向{0}询价
Purchase Orders are not allowed for {0} due to a scorecard standing of {1}.,由于评分卡当前评级为{1}，不允许下采购订单给{0}。
Delivered By Supplier,由供应商交货
Delivered by Supplier (Drop Ship),由供应商交货（直运）
Drop Ship,由供应商交货（直运）
Read by Recipient,由收件人阅读
Read by Recipient On,由收件人阅读
Claimed Amount,领取金额
Raised By,申请人
Requested By,申请人
Requestor,申请人
Applicant Name,申请人姓名
"Requested Qty: Quantity requested for purchase, but not ordered.",申请数量：已申请采购，但未发出采购订单的数量。
Application Status,申请状态
Applying: {0},申请：{0}
Email ID,电子邮件
Emails,电子邮件
Email Sent To,电子邮件发送给
Email Sync Option,电子邮件同步选项
Email Footer Address,电子邮件地址页脚
Emails will be sent with next possible workflow actions,系统自动发送带审批操作按钮及单据pdf附件的电子邮件给审批人
Email has been marked as spam,电子邮件已被标记为垃圾邮件
Email has been moved to trash,电子邮件已被移至垃圾桶
Email not verified with {0},电子邮件未通过{0}验证
Email Flag Queue,电子邮件标志队列
Email Status,电子邮件状态
Email Group Member,电子邮件组成员
Email Rule,电子邮件规则
Email Unsubscribe,电子邮件退订
Email Queue,电子邮件队列
Email Queue Recipient,电子邮件队列收件人
Email Queue records.,电子邮件队列记录。
Your organization name and address for the email footer.,电子邮件页脚上您的组织名称和地址。
Email Domain,收/发邮件服务器信息
Email Account,电子邮箱帐号
Email Account Name,电子邮箱帐号名
Email Account added multiple times,电子邮箱帐号已被多次添加
Call,电话
Call Summary Saved,电话记要已保存
Email Reply Help,电邮答复帮助
Male,男
Leave blank to use the standard Delivery Note format,留空以使用标准的出货单格式
Leave blank to repeat always,留空将一直重复
Logged Out,登出
Login Id is required,登录ID是必需的
"Login session expired, refresh page to retry",登录会话过期，刷新页面重试
Login to comment,登录发表评论
Both login and password required,登录名和密码必填
Allow Login After Fail,登录失败后暂时禁止登录时长
Incomplete login details,登录详细信息不完整
Landing Page,登录页面
Login Verification Code from {},登录验证码从{}
Percent,百分比
Robots.txt,机器人自动回复文字
Length of {0} should be between 1 and 1000,的{0}长度应介于1和1000之间
For,目标
Target Distribution,目标分摊
Target Location,目标地点
To Currency,目标货币
Purposes,目的
Delivery To,目的地
Include Payment (POS),已付款（POS订单）
Direct Income,直接收入
Straight Line,直线法
Same Field is entered more than once,相同字段不止一次输入
Same Item,相同物料
Item Variant {0} already exists with same attributes,相同规格/属性的多规格物料{0}已存在
State,状态
Shipping State,省（出货）
Billing State,省（开票）
Kanban Board Column,看板列
Kanban Board Name,看板名称
Note Seen By,看过笔记的人
Do you really want to restore this scrapped asset?,真要恢复该已报废资产？
Knowledge Base Editor,知识库编辑
Small Text,短文本
Short Term Loan Account,短期借款科目
Shortage Qty,短缺数量
Short keyboard patterns are easy to guess,短键盘模式容易被猜中
Workshop,研讨会
Go,确定
Value Proposition,确定价值主张
Identifying Decision Makers,确定决策人
Determine Check-in and Check-out,确定签到和签退
Confirmed,确认
Verify,确认
Declare Lost,确认未成交
Confirm Request,确认申请
Example: {{ subject }},示例：{{subject}}
Ancestors Of,祖先
Leave Block List Date,禁止休假日
Leave Block List Allowed,禁止休假日例外用户
Leave Block List Name,禁止休假日名称
Block Days,禁止休假日天数
Block Date,禁止休假日期
Leave Block List Dates,禁止休假日期
Leave Block List,禁止休假日表
Check this to disallow fractions. (for Nos),禁止使用小数，请勾选此项(针对个，支，片等整数单位)。
Sign Up is disabled,禁止注册
Stop users from making Leave Applications on following days.,禁止用户在以下日期提交休假申请。
Disable SMTP server authentication,禁用SMTP服务器认证
Disable Standard Email Footer,禁用标准电子邮件页脚
Disable Sidebar Stats,禁用补充工具栏统计信息
Benefit,福利
Off,离线
Left this conversation,离开了这个谈话
Departure Datetime,离开时间
Leave this conversation,离开这个谈话
Exit,退出
Is Private,私有？
Path to private Key File,私钥文件的路径
Account Head,科目
Against Account,对方科目
Account {0} does not match with Company {1},科目{0}与公司{1}不符
Account: {0} can only be updated via Stock Transactions,科目{0}只能通过库存相关业务更新
Account {0} is invalid. Account Currency must be {1},科目{0}状态为失效。科目货币必须是{1}
Account {0}: Parent account {1} can not be a ledger,科目{0}：父(上级)科目{1}不能是记账科目
Account Number,科目代码
"Account balance already in Debit, you are not allowed to set 'Balance Must Be' as 'Credit'",科目余额在'借方'，余额方向不能设置为'贷方'
"Account balance already in Credit, you are not allowed to set 'Balance Must Be' as 'Debit'",科目余额在'贷方'，余额方向不能设置为'借方'
Account Details,账户信息
Account Currency,科目货币
Balance In Account Currency,余额(科目货币)
Debit Amount in Account Currency,借方(科目货币)
Credit Amount in Account Currency,贷方(科目货币)
Chart of Accounts,科目表
Accounts table cannot be blank.,科目表不能为空。
Chart of Accounts Importer,科目表导入工具
Chart Tree,科目表树
Heads (or groups) against which Accounting Entries are made and balances are maintained.,科目（组），用于日记账凭证记账以及计算其余额
In seconds,秒
Loyalty Point Entry,积分
Loyalty Points,积分
Loyalty Point Entry Redemption,积分兑换
Loyalty Points Redemption,积分兑换
Redemption,积分兑换
Redemption Cost Center,积分兑换成本中心
Redemption Date,积分兑换日期
Redemption Account,积分兑换科目
Loyalty Program,积分方案
Loyalty Program Name,积分方案名称
The Loyalty Program isn't valid for the selected company,积分方案对所选公司无效
Loyalty Program Help,积分方案说明
Loyalty Program Tier,积分等级
Loyalty Program Type,积分类型
Collection Factor (=1 LP),积分系数（= 1积分）
Collection Rules,积分规则
Loyalty Program Collection,积分规则
Collection Tier,积分规则等级
Loyalty Points: {0},积分：{0}
Salutation,称谓
Move To,移到
Move To Trash,移到废纸篓
Movement,移动
Stock Entry Type,移动类型
Material Transfer,直接调拨
Move to Row Number,移至行号
Awaiting password,稍后提供密码
Expense Taxes and Charges,税费
Taxes and Charges,税费
Tax Type,税别
Tax Template is mandatory.,税费模板字段必填。
Tax Category,税种
Taxes and Charges on Income Tax,税费
Tax Breakup,税费明细
Item Tax Template,物料税费模板
Tax Rule,税费模板分派规则
Tax,税
"Tax Category has been changed to ""Total"" because all the Items are non-stock items",税类别已更改为“合计”，因为所有物料均为非库存物料
Apply Now,立即申请
Show Line Breaks after Sections,章节后，显示换行符
Source and target warehouse cannot be same for row {0},第{0}行中的源和收料仓不能相同
Row #{0}: Operation {1} is not completed for {2} qty of finished goods in Work Order {3}. Please update operation status via Job Card {4}.,第{0}行生产工单{3}成品数量{2}工序{1}未完成。请在生产任务单{4}上更新工序状态。
"To include tax in row {0} in Item rate, taxes in rows {1} must also be included",第{0}行的物料单价要含税，第{1}行的税也必须包括在内
From value must be less than to value in row {0},第{0}行的起始值必须小于截止值
Row {0} : Operation is required against the raw material item {1},第{0}行，原材料 {1} 工序信息必填
Row {0}: {1} must be greater than 0,第{0}行：{1}必须大于0
Row {0}: Not allowed to disable Mandatory for standard fields,第{0}行：不允许更改系统标准字段的必填属性
Row {0}: Activity Type is mandatory.,第{0}行：作业类型信息必填。
Row {0}: Debit entry can not be linked with a {1},第{0}行：借方不能与{1}关联
Row {0}: Invalid reference {1},第{0}行：无效参考{1}
Row {0}: Hours value must be greater than zero.,第{0}行：时长(小时)须大于零。
Row {0}: From time must be less than to time,第{0}行：开始时间必须早于结束时间
Row {0}: Please set the correct code on Mode of Payment {1},第{0}行：请在付款方式{1}上设置正确的代码
Row {0}: Advance against Customer must be credit,第{0}行：预收客户款须记在贷方
Page {0} of {1},第{0}页，共{1}页
{0} of {1},第{0}项 / 共{1}项
Valuation Rate required for Item {0} at row {1},第{1}的物料{0}需有成本价
Fieldtype cannot be changed from {0} to {1} in row {2},第{2}行中的字段类型不能从{0}更改为{1}
{0} from {1} to {2} in row #{3},第{3}行中的 {0} 从 {1} 变更为 {2}
First data column must be blank.,第一个数据列必须为空。
Initial Email Notification Sent,第一封电子邮件通知已发送
First,第一页
Monospace,等宽
IN,签入
OUT,签出
Signatory Position,签名位置
Signed On,签名日期
Administrator Logged In,管理员登录
Administrator accessed {0} on {1} via IP Address {2}.,管理员访问{0}在{1}通过IP地址{2}。
Box,箱
Category Description,类别说明
"Must be of type ""Attach Image""",类型必须为“添加图片”
Bold,粗体字显示
Precision should be between 1 and 6,精度应为1和6之间
"Loyalty Points will be calculated from the spent done (via the Sales Invoice), based on collection factor mentioned.",系统将根据消费金额(销售发票)，乘以兑换系数为客户自动积分。
System will notify to increase or decrease quantity or amount ,如果单据未匹配到有效的动态定价规则且数量或金额与本规则最小值差异在上述%之内，则系统将弹窗提示用户增加或减少数量或金额以享受此规则定义的优惠
Naming Series,单据编号模板
Series,单据编号模板
Series {0} already used in {1},单据编号模板{0}已经被{1}使用
Naming Series Prefix,单据编号模板前缀
Naming Series mandatory,单据编号模板是必填字段
Series is mandatory,单据编号模板是必填字段
Integration Details,系统集成信息
Vegetarian,素食
Index,索引
Compact Item Print,紧凑型物料打印(除单价与金额外其它字段在物料描述字段打印)
Urgent,紧急
Emergency Contact,紧急联系人
Is Cumulative,累计值
Accumulated Depreciation as on,累计折旧
Opening Accumulated Depreciation,已提折旧
Income Tax Slab,个税税率表
Corrective,纠正
Red,红色
Tax Id,纳税登记号
Portrait,纵向打印
Line,线图
Lead,线索
Lead Details,线索信息
Lead Count,线索数量
Lead Conversion Time,线索转换时间
Org History Heading,公司发展历程标题
Group node warehouse is not allowed to select for transactions,实际业务单据中不可使用组节点仓库
Market Segment,细分市场
Reseller,经销商
Ensure Delivery Based on Produced Serial No,绑定工单入库序列号出货
Closing Account Head,结转科目
To Date,结束日期
Work End Date,结束日期
End Date cannot be before Start Date!,结束日期不能在开始日期之前！
To Date cannot be less than From Date,结束日期不能早于开始日期
To date can not be less than from date,结束日期不能早于开始日期
To date cannot be before from date,结束日期不能早于开始日期
End Date cannot be before Start Date.,结束日期不能早于开始日期。
To date can not be equal or less than from date,结束日期不能等于或早于开始日期
Ends on,结束时间
To Datetime,结束时间
To Time,结束时间
End time cannot be before start time,结束时间不能早于开始时间
Result,结果
Result Route Field,结果路径字段
Carry Forward,结转
Add unused leaves from previous allocations,结转之前结余休假
Bypass restricted IP Address check If Two Factor Auth Enabled,绕过受限制的IP地址检查如果双因素验证启用
To Employee,员工(接收人)
Send Me A Copy of Outgoing Emails,外发邮件时抄送给自己
Analytics,统计分析
Performance,绩效
Maintenance User,维保用户
Maintenance Manager,维保经理
Maintenance Manager Name,维保经理姓名
Maintenance Team,保养小组
Dimension Name,辅助核算名称
Dimension Defaults,辅助核算默认值
Maintenance Task,保养任务
Maintenance Tasks,保养任务
Maintenance,维护保养
Maintenance Team Member,保养小组成员
Maintenance Team Members,保养小组成员
Maintenance Visit,维护巡修
Maintenance Visit Purpose,维护巡修目的
Maintenance Schedule,维护巡修计划
Maintenance Log,保养日志
Maintenance Date,保养日期
Maintenance Time,保养时间
Maintenance Status,保养状态
Maintenance Status has to be Cancelled or Completed to Submit,提交前保养状态须为取消或完成
Maintenance Type,保养类型
Maintenance Team Name,保养小组名称
Maintenance Role,角色
Maintenance Schedules,保养计划
Maintenance Schedule is not generated for all the items. Please click on 'Generate Schedule',维护计划没有为所有物料生成，请点击“生成计划”
Maintenance Schedule Detail,保养计划详情
Green,绿色
ID,编号
Id,编号
Naming,编号规则
Invalid fieldname '{0}' in autoname,编号规则中字段名“{0}”无效
Edit to add content,编辑 添加内容
Edit Section,编辑分节符
Map Columns,编辑字段对照关系
Editing Row,编辑行
Edit Filter,编辑过滤条件
Abbreviation,简称
Abbreviation is mandatory,简称字段必填
Abbreviation already used for another company,简称已用于另一家公司
Thumbnail URL,缩略图网址
Not in stock,缺货
Path,网址路径
Route History,网址路径浏览历史
Route Redirects,网址重定向
Website Theme Image,网站主题图片
Website Sidebar Item,网站侧栏条目
Website Meta Tag,网站元标记
Website Slideshow Item,网站幻灯片项目
Web Page,网站网页
Website Route Meta,网站路径元数据
Website Route Redirect,网站路径重定向
Website Sidebar,网站边栏
Page Name,网页名称
Role Permission for Page and Report,网页和报表角色权限
Web Form,网页表单
Newsletter Manager,简讯经理
Translations,翻译
Translator,翻译
Custom Translation,翻译定制
Translated Text,翻译文本
Repeat Customers,老客户
Repeat Customer Revenue,老客户收入
Mark Attendance,考勤
Attendance From Date,考勤开始日期
Attendance Device ID (Biometric/RF tag ID),考勤设备(生物识别/RFID)
Bot,聊天机器人
Job Title,职位名称
Job Opening,职位空缺
Contact Person,联系人
Contact Details,联系人信息
No contacts added yet.,未添加联系人。
Contact Mobile No,联系人手机号
Contact No.,联系人电话
Contact Email,联系人电邮
"Contact options, like ""Sales Query, Support Query"" etc each on a new line or separated by commas.",联系人选项，如“销售查询，支持查询”等每个新行或以逗号分隔。
Settings for Contact Us Page,联系我们页面的设置
Number of Interaction,联络次数
From Shareholder,股东
The shareholder does not belong to this company,股东不属于这家公司
The shares don't exist with the {0},股份不存在{0}
Share Ledger,股份台账
The number of shares and the share numbers are inconsistent,股份数量和股票数量不一致
DocType Event,单据事件
Script Manager,脚本管理员
Automatically Assign Documents to Users,自动为用户分派单据
Auto assignment failed: {0},自动分派失败：{0}
Allocate Advances Automatically (FIFO),自动分配预付（先进先出）
Automation,自动化
Auto Email Report,自动发邮件-报表
Email Digest,自动发邮件-统计信息
Email Digest Settings,自动发邮件-统计信息 设置
Auto Reply Message,自动回复留言
Auto Material Request,自动物料需求
Auto Name,自动编号
Auto Repeat Detail,自动重复明细
Subscription,订阅
Auto repeat document updated,自动重复单据已更新
Self-Study,自学
Custom Base URL,自定义基准网址
Custom Fields can only be added to a standard DocType.,自定义字段只能添加到标准DocType。
Custom Fields cannot be added to core DocTypes.,自定义字段无法添加到核心DocType。
Custom Sidebar Menu,自定义工具栏菜单
Custom CSS,自定义样式
Customizations Reset,自定义重置
Names and surnames by themselves are easy to guess.,自己名字和姓氏很容易被猜到。
Rounding Adjustment,小数精度尾差调整
Section Heading,节标题
Throttled,节流
Scopes,范围
Draft,草稿
Get Alerts for Today,获取今天的预警通知
Get Payment Entries,获取待清账单据
Payment Entry has been modified after you pulled it. Please pull it again.,选择收付款凭证后有修改，请重新选取。
Get Suppliers,选供应商
Get Entries,选凭证
Get Invoices,选发票
Get Employees,获取员工
Select an employee to get the employee advance.,获取员工预支前请先选择员工。
Get Fields,选字段
Fetch exploded BOM (including sub-assemblies),选物料清单底层物料（括子装配件）
Get Advances Paid,选预付款
Get Advances Received,选预收款
Get Current Stock,刷新当前库存
Get Outstanding Invoices,选未付发票
Get Unreconciled Entries,选未核销凭证
Get Template,选模板
Get Items,选物料
Get Items From,选物料
Get Item Locations,分配可拣货仓
Get Contacts,选联系人
Salary Component,薪资构成项
Salary Component Type,薪资构成项类型
Salary Detail,薪资详细信息
Net Cash from Financing,融资净现金
Submitted Document cannot be converted back to draft. Transition row {0},行{0}中的已提交的单据不能转换为草稿。
Conversion factor for default Unit of Measure must be 1 in row {0},行{0}中默认单位的转换系数必须是1
Max width for type Currency is 100px in row {0},行{0}中，货币类型的最大宽度是100像素
Row {0}# Allocated amount {1} cannot be greater than unclaimed amount {2},行{0}＃分配金额{1}不能大于可申报金额{2}
Item Row {0}: {1} {2} does not exist in above '{1}' table,行{0}：{1} {2}在上面的“{1}”表格中不存在
Row {0}: Credit entry can not be linked with a {1},行{0}：{1}不可关联退款凭证
Row {0}: Not allowed to enable Allow on Submit for standard fields,行{0}：不允许启用允许对提交的标准字段
Row {0}: UOM Conversion Factor is mandatory,行{0}：单位转换系数是必需的
Row {0}: From Time and To Time of {1} is overlapping with {2},行{0}：{1} 与 {2} 的开始与结束时间有重叠
Row {0}: From Time and To Time is mandatory.,行{0}：开始和结束时间必填。
Row {0}: Party Type and Party is required for Receivable / Payable account {1},行{0}：请为应收/应付科目输入{1}往来类型和往来单位
{0} in row {1} cannot have both URL and child items,行{1}中的{0}不能同时有URL和子项
'In Global Search' not allowed for type {0} in row {1},行{1}中的类型{0}不允许“全局搜索”
'In List View' not allowed for type {0} in row {1},行{1}中的类型{0}不允许选择“在列表视图中显示”
Domain,行业
Domain Settings,行业设置
Row #,行号
Row #{0}:,行＃{0}：
Row #{0}: Not allowed to change Supplier as Purchase Order already exists,行＃{0}：因采购订单已经存在不能再更改供应商
Row #{0}: Journal Entry {1} does not have account {2} or already matched against another voucher,行＃{0}：日记账凭证{1}没有科目{2}或已被另一凭证核销
Row # {0}: Rate cannot be greater than the rate used in {1} {2},行＃{0}：单价不能大于{1} {2}中使用的单价
Row #{0}: Rate must be same as {1}: {2} ({3} / {4}),行＃{0}：单价必须与{1}：{2}（{3} / {4}）相同
"Row #{0}: Reference Document Type must be one of Purchase Order, Purchase Invoice or Journal Entry",行＃{0}：源单据类型必须是采购订单、采购发票或日记账凭证
Row #{0}: Item added,行＃{0}：已添加
Row #{0}: Duplicate entry in References {1} {2},行＃{0}：有重复参考凭证{1} {2}
Row #{0}: Account {1} does not belong to company {2},第 {0} 行：科目 {1} 不属于公司 {2}。
Row #{0}: Set Supplier for item {1},行＃{0}：请为物料{1}分派供应商
Row #{0}: Please set reorder quantity,行＃{0}：请设置重订货点数量
Row #{0}: Expected Delivery Date cannot be before Purchase Order Date,行＃{0}：预计交货日不能早于采购订单日
Table MultiSelect,表-多选
Table HTML,表HTML
"Print Width of the field, if the field is a column in a table",表中的列(字段）打印宽度
Property Setter,属性设置
Letter Head,打印表头
Letter Head Name,表头名称
Letter Head Image,表头图片
Letter Head Based On,表头类型
Footer Based On,表尾类型
Table Field,表字段
Table updated,表更新
Number of columns for a field in a Grid (Total Columns in a grid should be less than 11),表格总列数应小于11
Represents a User in the system.,表示系统中一个用户。
"Expression, Optional",表达式，可选
Is Frozen,冻结
Suspended,被吊销
Followed by,被谁关注
Invited,被邀请
"To allow over billing, update ""Over Billing Allowance"" in Accounts Settings or the Item.",要允许超订单金额开票，请在“会计设置”或“物料主数据”中更新“发票超金额控制(%)”。
"To allow over receipt / delivery, update ""Over Receipt/Delivery Allowance"" in Stock Settings or the Item.",要允许超量收货/出货，请在库存设置或物料主数据中更新“出入库超量控制”。
Sales Orders to Deliver,待出货销售订单
To create a Payment Request reference document is required,要创建收付款申请源单据是必需的
Email Address whose Google Contacts are to be synced.,要同步其Google通讯录的电子邮件地址。
Requested,已申请
Required On,要求日期
Check this if you want to force the user to select a series before saving. There will be no default if you check this.,如需用户手动选择单据编号模板，请勾选。勾选后系统不会设置默认单据编号模板。
"To not apply Pricing Rule in a particular transaction, all applicable Pricing Rules should be disabled.",要让一个特定的交易不使用动态定价规则，所有适用的动态定价规则应被打上禁用标志。
New value to be set,要设置的新值
Document Type to Track,要跟踪的单据类型
Rules defining transition of state in the workflow.,工作流状态转换规则。
Rule Description,规则描述
"Rules for how states are transitions, like next state and which role is allowed to change state etc.",定义在满足什么条件的情况下哪个角色的用户可以通过点击业务单据上的工作流菜单按钮将状态转换到下一个状态。
Apply Rule On Other,规则适用于其它
Variant Attributes,规格属性
Views,视图
View Properties (via Customize Form),查看字段（定制表单）
Roles Assigned,角色分派
Role and Level,角色和级别
Role Permissions Manager,角色权限管理
Roles HTML,角色的HTML
Only Allow Edit For,角色（允许编辑）
Allowed,角色（允许审批）
Resolution,解决方案
Resolution Details,解决方案
Unzipped {0} files,解压缩{0}个文件
Unzipping files...,解压缩文件...
Release Date,解除冻结日期
Release date must be in the future,解除冻结日期必须晚于今天
Warn for new Request for Quotations,创建新询价时弹出警告信息
Warning: Unable to find {0} in any table related to {1},警告：无法找到{0}与任何表{1}
Warning: Leave application contains following block dates,警告：申请休假包含以下禁止休假日
Piecework,计件工
Expenses Included In Valuation,结转库存的费用
Expenses Included In Asset Valuation,结转资产的费用
Planning,计划
The payment gateway account in plan {0} is different from the payment gateway account in this payment request,计划{0}中的支付网关账户与此收付款申请中的支付网关账户不同
Scheduled,计划内
Next Scheduled Date,计划执行日期
Planned Qty,工单数量
Planned Quantity,工单数量
"Planned Qty: Quantity, for which, Work Order has been raised, but is pending to be manufactured.",工单数量：已生成生产工单，尚待生产的数量。
Schedule Date,计划日期
Planned End Date,计划结束日期
Planned Operating Cost,计划工费成本
Scheduled to send,计划送
Criteria Formula,计算公式
Calculate Based On,计算基于
Calculated Bank Statement balance,银行对账单余额
Billing Interval,计费频率
Billing Interval Count,计费计数
Unit of Measure (UOM),计量单位
Batch UOM,计量单位
"Payment Entry {0} is linked against Order {1}, check if it should be pulled as advance in this invoice.",订单{1}上已关联收付款凭证{0}，是否将其作为本发票的预付款？
Order Count,订单数量
Order,订购
Subscription Invoice,订阅发票
Authentication,认证
"Make ""name"" searchable in Global Search",让“名称”字段在全局搜索框中可搜索
Let's avoid repeated words and characters,让我们避免重复的字、词
Track Changes,追踪单据变更
Scorecards,评分卡
Scorecard Actions,评分卡操作
Posting Date,记账日期
Posting Time,记账时间
Posting timestamp must be after {0},记账时间必须晚于{0}
Invalid Posting Time,记账时间无效
No of Rows (Max 500),记录数（最大500行）
Log Type,记录类型
Remember Last Selected Value,保存最后一次输入值
Set Value,设定值
Set as Lost,设置为未成交
Set as Open,设置为打开状态
Set as Default,设置为默认值
"Setting Events to {0}, since the Employee attached to the below Sales Persons does not have a User ID{1}",设置事件为{0}，因为关联到业务员的员工无用户帐号 {1}
Setup Company,设置公司
"There were some errors setting the name, please contact the administrator",设置名称时出现错误，请与管理员联系
Setting up your system,设置您的系统
"Once you have set this, the users will only be able access documents (eg. Blog Post) where the link exists (eg. Blogger).",设置此选项，用户将只能访问包含了此链接的单据（如博客文章） 。
Set default inventory account for perpetual inventory,设置永续盘存模式下的默认库存科目
Set User Permissions,设置用户权限限制
Setup Auto Email,设置电子邮件自动发送
Set New Release Date,设置解除冻结日期
Set Filters,设置过滤条件
Set Advances and Allocate (FIFO),设置预付和分配（先进先出）
Failed to set defaults,设置默认值失败
Failed to setup defaults,设置默认值失败
Access Token URL,访问令牌URL
Access Log,访问记录
Certificate Required,证书
Evaluation Period,评估频率
Error while evaluating Notification {0}. Please fix your template.,评估通知{0}时出错。请修复您的模板。
Rating,评分
Review,评审
Reviews,评审
Review and Action,评审和控制措施
Comments cannot have links or email addresses,评论不能包含链接或电子邮件地址
Comments and Communications will be associated with this linked document,评论与沟通将与此链接的单据关联
Comment By,评论依据
Comment can only be edited by the owner,评论只能由制单人进行编辑
Comment Email,评论电邮
Attempting to launch QZ Tray...,试图推出QZ Tray ......
Probation,试用期
Trial Period End Date Cannot be before Trial Period Start Date,试用结束日不能早于开始日
Trial Period End Date,试用结束日期
Trial Balance (Simple),试算平衡简表
Warn RFQs,询价时弹出警告信息
Request for Quotation Item,询价物料
"The task has been enqueued as a background job. In case there is any issue on processing in background, the system will add a comment about the error on this Stock Reconciliation and revert to the Draft stage",该任务已被列入后台工作。如果在后台处理有任何问题，系统将在此库存对账中添加有关错误的注释，并恢复到草稿阶段
The document has been assigned to {0},该单据已分派给{0}
"The application has been updated to a new version, please refresh this page",该应用程序已被更新到新版本，请刷新本页面
Default BOM ({0}) must be active for this item or its template,该物料或其模板的默认物料清单（{0}）必须处于启用状态。
Indicates that the package is a part of this delivery (Only Draft),该装箱单是销售出库的一部分
This Currency is disabled. Enable to use in transactions,该货币已被禁用，请启用以便能在业务交易中使用
Detailed Reason,详细原因说明
Address Line 1,详细地址1
Address Line 2,详细地址2
Please do not create more than 500 items at a time,请不要一次创建超过500个物料
Please do not change the template headings.,请不要更改模板标题。
Row {0}: Please set the Mode of Payment in Payment Schedule,请为付款计划第{0}行指定付款方式
Please set Fiscal Code for the public administration '%s',请设置公共管理的财政代码“%s”
Please set a default Holiday List for Employee {0} or Company {1},请为员工{0}或公司{1}设置默认假期表
Please set Tax ID for the customer '%s',请为客户“%s”设置税号
Please set Fiscal Code for the customer '%s',请为客户设置财务代码“%s”
Please create purchase receipt or purchase invoice for the item {0},请为物料{0}创建采购入库或采购发票
Please select Start Date and End Date for Item {0},请为物料{0}选择开始日期和结束日期
Please select the Multiple Tier Program type for more than one collection rules.,请为积分规则选择多等级积分方案。
Source warehouse is mandatory for row {0},请为第{0}行填写发料仓
Target warehouse is mandatory for row {0},请为第{0}行指定收料仓
Row {0}: Cost center is required for an item {1},请为第{0}行的物料{1}输入成本中心
UOM Conversion factor is required in row {0},请为第{0}行输入单位换算系数
Row {0}: Exchange Rate is mandatory,请为第{0}行输入汇率
Quantity required for Item {0} in row {1},请为第{1}行的物料{0}输入需求数量
Select finance book for the item {0} at row {1},请为第{1}行的物料{0}选择账簿
Valid from and valid upto fields are mandatory for the cumulative,请为累积类型维护生效和失效日期
Row {0}: Please set at Tax Exemption Reason in Sales Taxes and Charges,请为销售税和费明细第{0}行输入免税原因
Please pull items from Delivery Note,请从销售出库获选物料
Please set recurring after saving,请保存后设置自动重复参数
Please save the document before assignment,分派待办前请先保存单据
You need to create these first:,请先创建
Please select Sample Retention Warehouse in Stock Settings first,请先在库存设置中选择样品仓
Please set the Item Code first,请先设定物料代码
Please setup a message first,请先设置一条消息
Please specify,请先输入
Please enter company name first,请先输入公司名
Please enter Production Item first,请先输入成品
Please enter Purchase Receipt first,请先输入采购入库号
Select company name first.,请先选择公司
Please select the document type first,请先选择单据类型
Please select Category first,请先选择类型。
Please select Posting Date first,请先选择记账日期
Please set 'Gain/Loss Account on Asset Disposal' in Company {0},请公司制定“关于资产处置收益/损失科目”{0}
Please try again,请再试一次
Please save the document before removing assignment,请删除分派之前保存的单据
Please refresh to get the latest document.,请刷新获取最新数据。
See the document at {0},请参阅{0}处的单据
Please see attachment,请参阅附件
Please set a printer mapping for this print format in the Printer Settings,请在“打印机设置”中为此打印格式设置打印机映射
Please set Account in Warehouse {0} or Default Inventory Account in Company {1},请在仓库{0}中设置科目或在公司{1}中设置默认库存科目
Please add a Temporary Opening account in Chart of Accounts,请在会计科目表中添加一个临时开账科目
Please set an Address on the Company '%s',请设置公司地址“%s”
Please check your email for verification,请在您的电子邮件中查看验证码
Please add a subject to your email,请在您的电子邮件中添加主题
Start entering data below this line,请在此线下开始输入数据
Item Code required at Row No {0},请在第{0}行输入物料号
For row {0}: Enter Planned Qty,请在第{0}行输入计划数量
Please mention no of visits required,请填写巡修次数
Operations cannot be left blank,请填写工序信息
Clearance Date not mentioned,请填写清账日期
Please duplicate this to make changes,请复制后修改
Please Duplicate this Website Theme to customize.,请复制此网址主题定制。
Please save before attaching.,请安装前保存。
Please specify from/to range,请指定 从/至 范围
Work-in-Progress Warehouse is required before Submit,请指定车间仓后再提交
Please specify which value field must be checked,请指定必须检查的值字段
Please specify which date field must be checked,请指定必须检查的日期字段
Please update your status for this training event,请更新此培训的状态
Please check your registered email address for instructions on how to proceed. Do not close this window as you will have to return to it.,请查看您注册的电子邮件以获取有关如何继续的说明。不要关闭此窗口，因为后面还得回到这里。
Please check Multi Currency option to allow accounts with other currency,请勾选允许同一往来单位发票多货币
Requesting Site,仓库
Please click on the following link to set your new password,请点击以下链接来设置新密码
Please click on 'Generate Schedule' to get schedule,请点击计划任务标签下的“生成排期表”按钮生成计划排期
Please make sure the Reference Communication Docs are not circularly linked.,请确保参考通信单据未被递归引用。
Please ensure that your profile has an email address,请确保您的个人资料有一个电子邮件地址，
Please confirm your action to {0} this document.,确认 {0} 本单据。
Please ask your administrator to verify your sign-up,请联络管理员确认您的注册
Please Set Supplier Group in Buying Settings.,请设置供应商组采购设置。
Please set 'Asset Depreciation Cost Center' in Company {0},请设置在公司的资产折旧成本中心“{0}
Please set filters value in Report Filter table.,请设置在报表过滤表过滤条件值。
Please set Depreciation related Accounts in Asset Category {0} or Company {1},请设置在资产类别{0}或公司折旧相关科目{1}
Please set default {0} in Company {1},请在公司{1}主数据中设置默认科目{0}
Please set Fixed Asset Account in {} against {}.,请在{}主数据中为公司{}设置固定资产科目
Please set Email Address,请设置电子邮件地址
Please set the series to be used.,请设置要使用的单据编号模板。
Please set filters,请设置过滤条件
Please specify Company to proceed,请输入公司后继续
Please enter Delivery Date,请输入出货日期
Available for use date is required,请输入启用日期
Please enter Base URL,请输入基本网址
Party Type is mandatory,请输入往来类型
Please enter Authorize URL,请输入授权网址
Enter url parameter for receiver nos,请输入收件人编号的URL参数
Please specify either Quantity or Valuation Rate or both,请输入数量或（和）成本价
Please enter valid mobile nos,请输入有效的手机号
Please enter a valid email address.,请输入有效的电子邮件地址。
Please enter valid Financial Year Start and End Dates,请输入有效的财年开始和结束日期
Please enter Employee Id of this sales person,请输入业务员员工号
Enter url parameter for message,请输入消息的URL参数
Please enter Item Code to get batch no,请输入物料号，以获得批号
Please enter Planned Qty for Item {0} at row {1},请为第{1}行的物料{0}输入计划数量
Please enter Redirect URL,请输入重定向网址
Please enter Write Off Account,请输入销账科目
"Enter static url parameters here (Eg. sender=ERPNext, username=ERPNext, password=1234 etc.)","请输入静态的URL参数(例如 sender=ERPNext, username=ERPNext, password=1234 etc.)"
Please select a file or url,请选择一个文件或URL
Please select a valid csv file with data,请选择与数据的有效csv文件
Please select atleast 1 column from {0} to sort/group,请选择从{0}进行排序/组ATLEAST 1柱
Please select Price List,请选择价格表
Please specify Company,请选择公司
Please select Company and Designation,请选择公司和指定
Please select Company and Posting Date to getting entries,请选择公司和记账日期以获取凭证
Please select applicable Doctypes,请选择单据类型
Please select the Document Type.,请选择单据类型。
Please select Completion Date for Completed Asset Maintenance Log,请为资产保养日志选择完成日期
Expense Approver Mandatory In Expense Claim,费用报销单中报销审批人必填
Select a DocType to make a new format,请选择单据类型 创建新打印格式
Please select Minimum Password Score,请选择最低密码分数
Please select item code,请选择物料代码
Please select Maintenance Status as Completed or remove Completion Date,请选择保养状态为已完成或删除完成日期
User is mandatory for Share,请选择要分享的用户
"Please setup SMS before setting it as an authentication method, via SMS Settings",请通过SMS设置将其设置为身份验证方式之前设置短信
Please Install the ldap3 library via pip to use ldap functionality.,请通过pip安装ldap3库以使用ldap功能。
Please attach a file first.,请附上文件第一。
Please select DocType first,请首先选择单据类型
Read,读
Liked By,谁喜欢
Seen By,谁查看过
Pricing Rule,动态定价规则
Pricing Rules,动态定价规则
Pricing Rule {0} is updated,动态定价规则{0}已更新
Pricing Rule Brand,动态定价规则品牌
How Pricing Rule is applied?,动态定价规则如何应用？
Pricing Rule Item Group,动态定价规则物料组
Pricing Rule Item Code,动态定价规则物料号
Pricing Rule Detail,动态定价规则细节
Pricing Rule Help,动态定价规则说明
Pricing Rules are further filtered based on quantity.,动态定价规则进一步基于数量过滤。
"Pricing Rule is made to overwrite Price List / define discount percentage, based on some criteria.",动态定价规则通过设定的条件以指定单价、折扣比例或折扣金额的形式替换标准价格表中的价格以实现根据业务场景动态自动计价。
"Pricing Rule is first selected based on 'Apply On' field, which can be Item, Item Group or Brand.",动态定价规则首先定义“应用于”字段，可以是物料，物料组或品牌。
Negotiation/Review,谈判/评审
Thank you for your message,谢谢您的留言
Thank you for your email,谢谢您的邮件
Google,谷歌
Google Analytics ID,谷歌Analytics ID
Google Font,谷歌字体
"The account head under Liability or Equity, in which Profit/Loss will be booked",负债或权益下的科目，用于利润/亏损记账
Negative Quantity is not allowed,不能是负数
Contribution to Net Total,贡献金额
Fiscal Year,财年
Fiscal Year {0} does not exist,财年{0}不存在
Fiscal Year {0} is required,财年{0}是必需的
Fiscal Year {0} not found,财年{0}未找到
Fiscal Year End Date should be one year after Fiscal Year Start Date,财年结束日期应为财年开始日期后一年
Billing Status,发票状态
Billing Date,发票日期
Bill No,发票号
Billing Interval Count cannot be less than 1,发票间隔计数不能小于1
Asset Finance Book,账簿
Currency and Price List,货币和价格表
Currency should be same as Price List Currency: {0},货币应与价格表货币相同：{0}
"How should this currency be formatted? If not set, will use system defaults",货币应该如何格式化？未设置将使用系统默认
A symbol for this currency. For e.g. $,货币符号。例如$
Transporter,物流公司
Transport Receipt Date,物流公司收货日期
Transport Receipt No,物流单号
Freight and Forwarding Charges,运费
Quality Review,质量审核
Quality Review Objective,质量审核目标
Quality Action,纠正与预防措施
Quality Action Resolution,纠正与预防措施决议
Quality Inspection,质检单
Quality Inspection Reading,质检结果
Quality Inspection Template,质检模板
Quality Inspection Template Name,质检模板名称
Acquisition Date,购买日期
Item Cart,购物车
Use for Shopping Cart,购物车适用
Cr,贷方
Credit Amount,贷方
Credit in Company Currency,贷方(本币）
Credit ({0}),贷方（{0}）
Loan,借款
Loans and Advances (Assets),借款及预付款（资产）
Disbursed,借款已发放
Loan Start Date,借款开始日期
Loan Start Date and Loan Period are mandatory to save the Invoice Discounting,借款开始日期和借款期限是保存发票贴现的必要条件
Loan Period (Days),借款期间(天）
Total Principal Amount,借款本金总额
Loan Account,借款科目
Loan End Date,借款结束日期
Dealer,贸易商
Charges Incurred,费用
Expense / Difference account ({0}) must be a 'Profit or Loss' account,费用/差异科目({0})必须是一个“损益”类科目
Charges are updated in Purchase Receipt against each item,费用会在每个物料的采购入库中更新
"Charges will be distributed proportionately based on item qty or amount, as per your selection",费用会根据选择的物料数量和金额按比例分摊。
Distribute Charges Based On,费用分摊基于
Expense Head,费用科目
Against Expense Account,费用账目
Owned,资
Asset Value,资产价值
Net Asset value as on,资产净值
Asset Location,资产地点
Depreciation Eliminated due to disposal of assets,资产处置折旧
Gain/Loss on Asset Disposal,资产处置收益/损失
Asset Depreciation Ledger,资产折旧台账
Current Asset Value,资产现值
Asset Movement,资产变动
Asset Movement record {0} created,资产变动{0}已创建
Asset Naming Series,资产编号模板
Asset Repair,资产维修
Asset Maintenance,资产保养
Asset Maintenance Task,资产保养任务
Asset Maintenance Team,资产保养小组
Asset Maintenance Log,资产保养日志
Capitalization doesn't help very much.,资本化不适用。
A list of resources which the Client App will have access to after the user allows it.<br> e.g. project,资源的列表，它的客户端应用程序必须将用户允许后访问。 <br>如项目
Application of Funds (Assets),资金(资产)使用
Probability (%),赢率(%)
From Package No.,起始包裹号
From Date must be before To Date,开始日期日期必须在结束日期之前
From Range,起始范围
Limit Crossed,超出最大数量
Action if Annual Budget Exceeded on Actual,超年度预算时的控制措施
Action if Annual Budget Exceeded on MR,超年度预算时针对物料需求的控制措施
Action if Annual Budget Exceeded on PO,超年度预算时针对采购订单的控制措施
Action if Accumulated Monthly Budget Exceeded on Actual,超累计月度预算时的控制措施
Action if Accumulated Monthly Budget Exceeded on MR,超累计月度预算时针对物料需求的控制措施
Over Delivery/Receipt Allowance (%),超量出/入库比率(%)
Overproduction Percentage For Sales Order,允许工单数量超销售订单百分比
Over Billing Allowance (%),超额开票比率(%)
Distance UOM,距离单位
Track milestones for any document,跟踪任何单据的里程碑
Keep track of all update feeds,跟踪所有更新提要
Keeps track of all communications,跟踪所有通信
Track Email Status,跟踪电子邮件状态
"Keep Track of Sales Campaigns. Keep track of Leads, Quotations, Sales Order etc from Campaigns to gauge Return on Investment. ",跟踪销售活动。跟踪线索，报价单，销售订单等，以衡量投资回报率。
Route,网址路径
Identity Details,身份信息
Identification Document Type,身份证明文件类型
Auth URL Data,身份验证URL数据
Vehicle Value,车价
Chassis No,车架号
License Plate,车牌
Wheels,车轮数
Expense Claim for Vehicle Log {0},车辆加油/保养{0}费用报销
Vehicle Log,车辆加油/保养记录
Expense Claim {0} already exists for the Vehicle Log,车辆加油/保养费用已报销{0}
Doors,车门数
Fleet Management,车队管理
Transferred,已调拨
The fields From Shareholder and To Shareholder cannot be blank,转出股东和转入股东字段不能为空
The field From Shareholder cannot be blank,转出股东的字段不能为空
Go to {0},转到{0}
Go to {0} List,转到{0}列表
Go to {0} Page,转到{0}页面
Go to the document,转到单据
Forward To Email Address,转发到邮件地址
Convert to Non-Group,转换为非组
Transfer,调拨
Material Transferred for Subcontract,委外发料
Transferred Quantity,调拨数量
Transfer Material Against,工单发料方式
Transfer Asset,转移资产
Soft-Bounced,软退回
Loading,载入中
Enter Form Type,单据类型
"Enter default value fields (keys) and values. If you add multiple values for a field, the first one will be picked. These defaults are also used to set ""match"" permission rules. To see list of fields, go to ""Customize Form"".",输入默认值字段（键）和值。如果为字段添加多个值，则将选择第一个值。这些默认值还用于设置“匹配”权限规则。要查看字段列表，请转到“定制表单”。
Sidebar and Comments,边栏和评论
Sidebar Items,边栏项目
Transition Rules,状态转换规则
Expired Batches,过期批号
Expires In,过期日期
Past Due Date,过期日期
Filters JSON,过滤JSON
Filters,过滤条件
Filter...,过滤条件...
Filter List,过滤条件列表
Filter Name,过滤条件名称
Filter Total Zero Qty,过滤条件总计零数量
Filter,过滤条件
Filter Meta,过滤条件
"For comparison, use >5, <10 or =324. For ranges, use 5:10 (for values between 5 & 10).","过滤条件可以用>,<,= 比较符，两个值之间用：表示范围， 如>5, <10, =20, 5:10"
Operator must be one of {0},运算符必须是{0}
Net Cash from Operations,运营净现金
Operating Cost,工费成本
Operating Costs,工费成本
Operating Cost (Company Currency),工费成本（本币）
Operating Cost(Company Currency),工费成本（本币）
Recent years are easy to guess.,近年来，很容易被猜到。
Back to Desk,返回主页（桌面）
Return to the Verification screen and enter the code displayed by your authentication app,返回验证屏幕，并输入您的身份验证应用程序显示的代码
Also adding the dependent currency field {0},还要添加从属货币字段{0}
This month,这个月
These values will be automatically updated in transactions and also will be useful to restrict permissions for this user on transactions containing these values.,这些值将在交易中自动更新，也将是有益的权限限制在含有这些值交易这个用户。
Project will be accessible on the website to these users,这些用户可在网站上查看该项目
This will log out {0} from all other devices,这将从所有其他设备注销{0}
This will permanently remove your data.,这将彻底删除您的数据。
This will submit Salary Slips and create accrual Journal Entry. Do you want to proceed?,将提交工资单，并创建预提日记账凭证。你想继续吗？
This is a top-100 common password.,这是一个前100名的常用密码。
This is a top-10 common password.,这是一个前10名的常用密码。
This is an automatically generated reply,这是一个自动生成的回复
This is a background report. Please set the appropriate filters and then generate a new one.,此报表是后台运行报表，请设置恰当的过滤条件并点击右上角生成新报表按钮获取报表结果
This is a very common password.,这是一个非常普遍的密码。
This is a root customer group and cannot be edited.,这是不能被编辑的树形结构的根结点
This is a root account and cannot be edited.,这是不能被编辑的树形结构的根结点。
This is a root department and cannot be edited.,这是不能被编辑的树形结构的根结点。
This is a root item group and cannot be edited.,这是不能被编辑的树形结构的根结点。
This is a root sales person and cannot be edited.,这是不能被编辑的树形结构的根结点。
This is a root supplier group and cannot be edited.,这是不能被编辑的树形结构的根结点。
This is a root territory and cannot be edited.,这是不能被编辑的树形结构的根结点。
This is similar to a commonly used password.,这类似于一个通常使用的密码。
Progress,进展
% Progress,进度%
Frequency To Collect Progress,进度采集频率
Connection lost. Some features might not work.,连接丢失。某些功能可能无法使用。
Connected to QZ Tray!,连接到QZ托盘！
Error while connecting to email account {0},连接到电子邮箱帐号{0}时出错
Delayed Item Report,迟交物料报表
Late Entry,迟到
Late Entry Grace Period,迟到宽限期
Append To,追加到
Append To can be one of {0},追加到可以是一个{0}
Track Field,追踪字段
Track Seen,追踪是否被查看
Track Views,追踪谁查看过
ESC,退出
Bounced,退回
Credit Note,退款
Credit Note {0} has been created automatically,退款单{0}已自动创建
Credit Note Issued,已退款
Credit Note Amount,退款金额
Unsubscribe,退订
Unsubscribe from this Email Digest,退订该电子邮件
Return,退货
Return / Debit Note,退款/借记单
Return / Credit Note,退款/贷记单
Is Return,退货
Shipping,送货
Shipping Address,送货地址
Shipping Address Name,送货地址名称
"Shipping Address does not have country, which is required for this Shipping Rule",送货地址没有国家，这是运输规则所必需的
Mention if non-standard receivable account applicable,适用于公司需使用非标准应付科目的情况
Applicable for Countries,适用国家
Apply To All Document Types,适用所有单据类型
Apply to all Documents Types,适用所有单据类型
Applicable if the company is a limited liability company,适用有限责任公司
Applicable on Material Request,物料需求控制措施
Applicable on Purchase Order,采购订单控制措施
Valid for Countries,适用以下国家
Applicable for external driver,适用外部司机
Applicable on booking actual expenses,实际费用记账控制措施
Applies to Company,适用整个公司
Applicable Document Types,适用单据类型
Applicable Charges,分摊费用
Holiday List for Optional Leave,选休假假期表
Selected Price List should have buying and selling fields checked.,价格表主数据中应勾选采购和销售。
Select Table Columns for {0},选择{0}的列
Options 'Dynamic Link' type of field must point to another Link Field with options as 'DocType',选择“动态链接”类型的字段都必须指向另一个选项为'DocType“的链接字段
Select an account to print in account currency,选择一个科目以科目货币进行打印
Select Group By...,选择分组字段
Select DocType,选择单据类型
Select Document Type,选择单据类型
Select Transaction,选择单据类型
Select Doctype,选择单据类型
Select Document Type or Role to start.,请选择单据类型或角色。
Select Payroll Period,选择工资期间
Select Difference Account,选择差异科目
Choose Existing Card or create New Card,选择已有卡或创建一个新卡
Select the label after which you want to insert new field.,选择希望在其后插入新字段的标签，。
Select records for assignment,选择待分派记录
Select Items to Manufacture,选择待生产成品
Select Mandatory,选择必填字段
Select or drag across time slots to create a new event.,选择或拖动一个时间范围，创建新事件。
Choose authentication method to be used by all users,选择所有用户使用的身份验证方法
Select atleast 1 record for printing,选择打印ATLEAST 1项纪录
Select Batch No,选择批号
Pick Columns,选择报表输出字段
Select Target Warehouse,选择收料仓
Select Alternate Item,选替代物料
Default account will be automatically updated in POS Invoice when this mode is selected.,选择此模式后，默认科目将在POS发票中自动更新。
Select Items,选择物料
Select BOM,选择物料清单
Select BOM and Qty for Production,选择物料清单和生产数量
Select an existing format to edit or start a new format.,选择现有或创建一个新格式。
Select Document Types to set which User Permissions are used to limit access.,选择用户权限限制单据类型。
Select Loyalty Program,选择积分方案
Select atleast 2 actions,选择至少2个操作
Select Shipping Address,选择送货地址
"Select, to make the customer searchable with these fields",设置客户首选联系人后，可以使用手机号过滤客户
Options Help,选项帮助
Deferred Expense Account,递延费用科目
Communication Type,通信类型
Send Notification to,通知发送到
Notifications and bulk mails will be sent from this outgoing server.,通知和简讯将从此服务器发送。
Expire Notification On,通知截止日
Notification Recipient,通知收件人
Notify users with a popup when they log in,用户登录后以弹框通知
Communication Medium,通讯媒介
Sync Contacts,通讯录同步
Drag elements from the sidebar to add. Drag them back to trash.,通过从左边栏拖拽字段添加，拖拽到垃圾桶删除
Make Payment via Journal Entry,使用日记账分录处理付款业务
Items under this warehouse will be suggested,检索可拣数量的(组节点)仓库
Notify by Email,通过电子邮件发送通知
Notify by email,通过电子邮件发送通知
Seen By Table,查看人列表
Asset scrapped via Journal Entry {0},通过资产日记账凭证报废{0}
Send regular summary reports via Email.,通过邮件发送常规统计报表。
Overdue and Discounted,已贴现逾期
Purchase Orders Items Overdue,逾期采购订单
Avoid years that are associated with you.,避免了与你相关的年。
Avoid sequences like abc or 6543 as they are easy to guess,避免像ABC或6543的序列，因为它们容易被猜中
Avoid dates and years that are associated with you.,避免日期和与你相关的年。
Avoid recent years.,避免最近几年。
Copy of Invitation/Announcement,邀请函附件
Invite as User,邀请成为用户
Email,邮件
Message-id,邮件ID
Email Campaign,邮件促销
There were errors while sending email. Please try again.,邮件发送失败，请重试。
Emails are muted,邮件已被静音
Email To,邮件收件人
Incoming email account not correct,邮件收件箱帐号不正确
Message clipped,邮件被剪辑
Notify users by email,邮件通知用户
Pincode,邮政编号
PIN,邮政编码
Email Id,邮箱
Email IDs,邮箱
Shipping Zipcode,邮编（出货）
Billing Zipcode,邮编（开票）
Partly Delivered,部分出货
Partially Fulfilled,部分履行
Partially Ordered,部分已下单
Partially Received,部分已收货
Partially Reserved,部分已预留
Partially Delivered,部分已出货
Partially Depreciated,部分折旧
"Partially Sponsored, Require Partial Funding",部分赞助，部分资助
Config,配置
Delivery Trip,配送单
Fulfillment User,配送员
Delivery Stop,配送点
Delivery Stops,配送点
Shipping Account,运费科目
Shipping Rule,运费规则
Shipping Rule Condition,运费规则条件
Shipping Rule Conditions,运费规则条件
Shipping Rule Label,运费规则标签
Shipping Rule Type,运费规则类型
Shipping Amount,运费
Dispatch Notification Template,配送通知邮件模板
For Buying,采购
Purchase Master Manager,采购主数据管理员
Buying Price List,采购价格表
Purchase Price List,采购价格表
Purchase Details,采购信息
Purchase Invoice,采购发票
Purchase Invoice Advance,采购发票预付款
Purchase Invoice {0} is already submitted,采购发票{0}已经提交了
Purchase Invoice Item,采购发票明细
Purchase Invoice Trends,采购发票趋势
Purchase Register,采购明细表
Purchase User,采购员
Receipt,采购入库
Purchase Receipt,采购入库
Purchase Receipt {0} is not submitted,采购入库{0}未提交
Purchase Receipt No,采购入库号码
Purchase Receipt Item,采购入库明细
Purchase Receipt Trends,采购入库趋势
Return Against Purchase Receipt,被退货源单
Buying Amount,采购金额
Purchase Taxes and Charges,采购税费
Purchase Tax Template,采购税费模板
Purchase Taxes and Charges Template,采购税费模板
Purchase Analytics,采购统计分析
Action if Accumulated Monthly Budget Exceeded on PO,超累计月度预算时针对采购订单的控制措施
Purchase orders help you plan and follow up on your purchases,采购订单可帮助您规划和跟进您的采购
Purchase Order Item,采购订单明细
Purchase Order Pricing Rule,采购订单动态定价规则
Purchase Order Amount(Company Currency),采购订单金额（本币）
Landed Cost Item,到岸成本明细
Landed Cost Purchase Receipt,到岸成本采购入库
Landed Cost Voucher Amount,到岸成本金额
Procurement Tracker,物料供应追踪表
Collect Progress,采集进度信息
Resend,重发
Rename Tool,批量修改名称(单据编号)工具
Repeat On,重复
"Repeats like ""abcabcabc"" are only slightly harder to guess than ""abc""",重复像“ABCABCABC”只稍硬比“ABC”猜测
Repeat Till,重复截止日期
Duplicate Filter Name,过滤条件名称重复
Redirect URI Bound To Auth Code,重定向URI势必授权码
Redirect URIs,重定向的URI
This form has been modified after you have loaded it,重新加载后表单就已被修改，
Reload File,重新加载数据
Resume Sending,重新发送
Retry Sending,重新发送
Restart,重新开始
Rebuild,重新生成
Relink,重新链接
Relinked,重新链接
Relink Communication,重新链接沟通
Reset,重置
Reset OTP Secret,重置一次性密码
Reset to defaults,重置为默认值
Reset Permissions for {0}?,重置权限{0} ？
Re-order Level,重订货点
Reorder Level,重订货点
Re-order Qty,重订货订单数量
Reorder Qty,重订货订单数量
Reset Password Key,重设密码钥匙
Weight UOM,重量单位
Quantity must be less than or equal to {0},数量应小于或等于{0}
Quantity to Manufacture must be greater than 0.,生产数量应大于0。
Disable Rounded Total,禁用小数精度尾差
Total in words,金额大写
Value Or Qty,金额或数量
Value or Qty,金额或数量
Amount (Company Currency),金额（本币）
Against,对方科目
Maintenance Schedule {0} exists against {1},针对{1}存在保养计划{0}
Price not found for item {0} in price list {1},针对价格表{1}的物料{0}价格未定义
Mandatory For Profit and Loss Account,针对损益科目必填
Mandatory For Balance Sheet,针对资产负债科目必填
Bank / Cash Account,银行/现金科目
Bank Transaction,银行交易流水
Reference No and Reference Date is mandatory for Bank transaction,使用了银行科目，请输入银行交易业务单号和业务日期
Bank Transaction Payments,银行交易流水付款
Field in Bank Transaction,银行交易流水字段
Bank Transaction Mapping,银行交易流水映射关系
Bank Reconciliation,银行对账
Bank Reconciliation Statement,银行对账单
Bank Statement,银行对账单
Bank Account,银行户头
Bank account {0} already exists and could not be created again,银行账户{0}已存在，无法再次创建
Bank Guarantee Number,银行担保号
Bank Clearance Summary,银行清账汇总表
Column in Bank File,银行电子文件栏位
Bank Charges,银行费用
Bank Charges Account,银行费用科目
Linked,链接
Link to Material Request,链接到物料需求
Link Name,关联单据编号(名称)
Link Title,关联单据标题
Link DocType,源单据类型
For Selling,销售
Sales Master Manager,销售主数据管理员
Sales Payment Summary,销售收款汇总
Sales Price List,销售价格表
Selling Price List,销售价格表
Sales Partner Type,业务伙伴类型
Delivery Note,销售出库
Delivery Notes,销售出库
Delivery Note {0} is not submitted,销售出库{0}未提交
Delivery Note No,销售出库号
Delivery Note Item,销售出库明细
Delivery Note Trends,销售出库趋势
Against Sales Invoice,销售发票
Sales Invoice,销售发票
Sales Invoice {0} has already been submitted,销售发票{0}已提交过
Sales Invoice Timesheet,销售发票工时表
Sales Invoice Item,销售发票明细
Sales Invoice No,销售发票号
Sales Invoice Trends,销售发票趋势
Against Sales Invoice Item,源销售发票明细
Sales Invoice Advance,销售发票预付款
Sales Register,销售明细表
Sales Partner,业务伙伴
Sales Partner Transaction Summary,业务伙伴业绩统计
Sales Partners Commission,业务伙伴佣金
Sales Partner Commission Summary,业务伙伴佣金汇总
Sales Partner Name,业务伙伴名称
Sales Partner Target Variance based on Item Group,业务伙伴物料组业绩达成分析
Sales Partner Target Variance Based On Item Group,业务伙伴物料组业绩达成分析
Sales Partner Target,业务伙伴目标
Sales User,销售员
Total allocated percentage for sales team should be 100,销售团队总分配比例应为100
Settings for Selling Module,销售模块设置
Sales Tax Template,销售税费模板
Sales Taxes and Charges Template,销售税费模板
Sales Summary,销售统计
Sales Analytics,销售统计分析
Against Sales Order,销售订单
Material Request of maximum {0} can be made for Item {1} against Sales Order {2},销售订单{2}中物料{1}的最大物流申请量为{0}
Sales orders are not available for production,无待生产的销售订单
Against Sales Order Item,销售订单明细
Sales Order Item,销售订单明细
Salesforce,销售队伍
Write Off Entry,销账凭证
Write Off Based On,销账基于
Write Off Difference Amount,销账差异金额
Write Off Cost Center,销账成本中心
Write Off Account,销账科目
Write Off Amount,销账金额
Write Off Amount (Company Currency),销账金额（本币）
Block Module,锁定模块
Block Modules,锁定模块
Error: Value missing for {0}: {1},错误：{0} 请填写必填字段：{1}
Straight rows of keys are easy to guess,键盘上连串的字符容易被猜中
Portal Menu,门户网站菜单
Portal Settings,门户网站设置
Issue Priority,问题优先级
Opening Time,问题提交时间
Issue Type,问题类型
Resolution Date,问题解决日期
Resolved By,问题解决者
Indirect Income,间接收入
Indirect Expenses,间接费用
"Number of intervals for the interval field e.g if Interval is 'Days' and Billing Interval Count is 3, invoices will be generated every 3 days",按计费频率计费次数，例如，如果频率为&#39;天数&#39;并且计费计数为3，则会每3天生成一次发票
Queue should be one of {0},队列应该是{0}
Stage Name,阶段名
Attachment Limit (MB),附件大小限制(MB)
Attachment Removed,附件已删除
The attachments could not be correctly linked to the new document,附件无法正确链接到新单据
Attach custom Chart of Accounts file,上传自定义会计科目表文件
Restrict To Domain,限制行业
Limit,最大数量
"Apart from System Manager, roles with Set User Permissions right can set permissions for other users for that Document Type.",除系统管理员外，有“设置权限”的角色可以为其他用户设置某单据类型的权限。
As on Date,随着对日
hidden,隐
Hidden,隐藏
Hidden list maintaining the list of contacts linked to Shareholder,隐藏列表维护链接到股东的联系人列表
Hide Copy,隐藏复制功能
Hide details,隐藏细节
Accumulated Values in Group Company,集团公司累计金额
Integrations can use this field to set email delivery status,集成可以使用此字段来设置邮件发送状态
Retailer,零售商
Print taxes with zero amount,零税额也打印
Zero means send records updated at anytime,零表示资料更新后立即发送
Inspection Required before Delivery,需出货检验
Inspection Required before Purchase,需来料检验
Requested Qty,物料需求数量
Required By,需求日期
Reqd by date,需求日期
Request for,仓库
At least one mode of payment is required for POS invoice.,需要为POS发票定义至少付款模式
Require Full Funding,全额资助
Reference DocType and Reference Name are required,请输入源单据类型和源单据
Time series based on is required to create a dashboard chart,创建统计图表需定义时间跨度字段
Password is required or select Awaiting Password,需要密码，或者选择等待密码
Cheques Required,需要检查
Maintenance Required,需要保养
Purchase Receipt Required,需要采购入库
Type of document to rename.,需重命名的单据类型。
Non Diary,非乳制品
Unshared,非分享
Not a valid User Image.,非有效用户图像。
Inactive Sales Items,非活跃销售物料
Page has expired!,页已过期！
Footer will display correctly only in PDF,页脚仅以PDF格式正确显示
Footer Items,页脚条目
Page,页面
More content for the bottom of the page.,页面底部的更多内容。
Page Shortcuts,页面快速访问
Page HTML,页面的HTML
Page Settings,页面设置
Top Bar Item,顶栏条目
Top Bar Items,顶栏条目
Projects,项目
Project master.,项目主数据。
Project wise Stock Tracking,项目库存消耗报表
Project User,项目成员
Projects User,项目成员
Projects Manager,项目经理
Project Id,项目号
Projects Settings,项目设置
Customer Service,客户服务
Advances,预付
Advance Paid,预付款
Advance Amount,预付金额
Advance amount,预付金额
Estimated Cost Per Position,预估岗位成本
Estimated Cost,预估成本
Advance Account,预付科目
Stock Projected Qty,可用数量
Projected Qty,可用数量
Projected Quantity,可用数量
Projected qty,可用数量
Expected Time (in hours),预计时间（小时）
Prepared Report,后台运行报表
Prepared Report User,后台运行报表用户
Reserved,预留
Reserve Warehouse,预留仓库
Reserved Qty,销售预留数量
Reserved Quantity,预留数量
"Reserved Qty: Quantity ordered for sale, but not delivered.",预留数量：预留给销售订单但尚未出货的数量。
Budget cannot be assigned against Group Account {0},预算不能分派给组类科目{0}
Budget Variance,预算差异
Appointment,预约
Appointment Confirmation,预约确认
No Preview Available,预览不可用
Set Property After Alert,发送通知后变更字段值
Expected Delivery Date should be after Sales Order Date,预计出货日应晚于销售订单日
Expected Hrs,预计工时
Total Projected Qty,总可用数量
Projected Quantity Formula,可用数量公式
Expected Closing Date,预计结束日期
Preventive Maintenance,预防性维护(保养)
Period,期间
Periodicity,频率
How frequently?,频率？
Additional Discount Percentage,额外折扣百分比
Additional Discount Amount (Company Currency),额外折扣金额（本币）
Additional Permissions,额外权限
Additional Operating Cost,额外工费成本
Style,风格
"Style represents the button color: Success - Green, Danger - Red, Inverse - Black, Primary - Dark Blue, Info - Light Blue, Warning - Orange",风格代表按钮的颜色：成功 - 绿色，危险 - 红色，反转 - 黑色，主按钮 - 深蓝色，信息 - 浅蓝，警告 - 橙色
Flight,飞机
Higher priority rule will be applied first,首先应用更高优先级的规则
First set the name and save the record.,首先设置名称并保存记录。
Select a Brand Image first.,首先选择一个品牌形象。
First Check-in and Last Check-out,首次签入和最后签出
Preferred Billing Address,首选开票地址
Driving License Categories,驾照类别
Driving License Category,驾照类别
Verified,验证
Verifying...,验证中...
Steps to verify your login,验证您的登录的步骤
Incorrect Verification code,验证码不正确
Verification code has been sent to your registered email address.,验证码已发送到您注册的电子邮件地址。
Inspected By,检验人
Advance,高级
Helvetica,黑体
Default Price List,默认价格表
Default Holiday List,默认假期表
Default Manufacturer Part No,默认制造商物料号
Default Territory,默认区域
Default Unit of Measure,默认单位
Default Source Warehouse,默认发料仓
Default Sending and Inbox,默认发送和收件账号
Default Sending,默认发送账号
Default Address Template cannot be deleted,默认地址模板不能删除
Default Outgoing,默认外发
Default Customer Group,默认客户组
Default Workstation,默认工站
Default Stock UOM,默认库存单位
Default Finished Goods Warehouse,默认成品仓(收料仓)
Default Costing Rate,默认成本价
Default Valuation Method,默认成本价计算方法
Default Sort Order,默认排序
Default Incoming,默认收件箱
Default Target Warehouse,默认收料仓
Default Item Manufacturer,默认物料制造商
Default Item Group,默认物料组
Default Material Request Type,默认物料需求类型
Default Shift,默认班次
Default BOM,默认物料清单
Default Payment Request Message,默认收款申请消息
Default Dimension,默认辅助核算
Default Letter Head,默认打印表头
Default Expense Claim Payable Account,默认费用报销应付账款科目
Default Deferred Expense Account,默认递延费用科目
Default Buying Price List,默认采购价格表
Default Buying Terms,默认采购条款
"Default: ""Contact Us""",默认：“联系我们”
(Hour Rate / 60) * Actual Operation Time,（工费率（每小时）/ 60）*实际工序时间
Default Bank / Cash account will be automatically updated in Salary Journal Entry when this mode is selected.,，选择此模式可以在工资日记账凭证自动带出默认银行/现金科目。
New Chart,统计图表
New Shortcut,新建 快速访问
New Number Card,数字卡
Fixed Asset Register,固定资产台账
Category-wise Asset Value,资产类别金额
No Data...,无数据
Average Completion,平均完成
Total Tasks,总任务数
Coupon Code,优惠券
Show Stock Ageing Data,显示库龄
Apply Assignment Rule,执行分派规则
Select Filters,选择过滤条件
No filters found,无过滤条件
← Back to upload files,返回上传文件
Cancel All Documents,取消所有单据
Do you want to cancel all linked documents?,取消所有关联的单据？
You do not have permissions to cancel all linked documents.,没有权限取消所有关联的单据
{0} {1} is linked with the following submitted documents: {2},{0} {1} 关联了下列已提交单据: {2}
Create your first {0},新建 {0}
You haven't created a {0} yet,暂无数据 {0}
You haven't added any Dashboard Charts or Number Cards yet.,尚未创建统计图表或数字卡
Enable Onboarding,启用初始化向导
Run Jobs only Daily if Inactive For (Days),仅在几天未执行后改为每天执行
"When enabled this will allow guests to upload files to your application, You can enable this if you wish to collect files from user without having them to log in, for example in job applications web form.",允许访问不登录系统的情况下上传文件，通常用于收集申请表之类的资料
Logout All Sessions on Password Reset,密码重置时自动登出所有当前连接
Disable Capacity Planning,不启用产能规划
Default Scrap Warehouse,默认报废仓
Assignments,任务分派
Document Share,文档分享
Hide Border,不显示边框
View Full Log,查看全部日志
Open Documents,未结案单据
Journal Entry Template,日记账凭证模板
Start Timer,开始计时
Resume Timer,恢复计时
Quality Inspection Required,需要检验
Exploded Items,底层物料
Downtime Entry,停机记录
Production Planning Report,生产计划报表
Work Order Summary,工单进度追踪表
Quality Inspection Summary,质检进度追踪表
Downtime Analysis,停机分析
Job Card Summary,生产任务单进度追踪表
BOM Operations Time,工艺时间
Workstation / Machine,工站/机台
Machine,工站/机台
Stop Reason,停机原因
Include Sub-assembly Raw Materials,包括子装配件原材料
Raw Material Name,原材料名称
Allotted Qty,已分配数量
Expected Arrival Date,预计收货时间
Arrival Quantity,收货数量
Order Qty,订单数量
BOM ID,物料清单代码
Sub-assembly BOM Count,子装配件物料清单个数
Excessive machine set up time,机器准备超时
Unplanned machine maintenance,非计划机器保养
On-machine press checks,机器压力测试
Machine operator errors,操作失误
Electricity down,停电
In Mins,分
Purchase Order Analysis,采购订单执行追踪表
Billed Qty,已开票数量
Qty to Bill,未开票数量
Received Qty Amount,收到数量金额
Set Reserve Warehouse,设置预留仓
Fetch Items from Warehouse,从仓库选物料
Inter Company Reference,关联公司参考订单号
Y Axis,Y轴字段
Actual Batch Quantity,实际批号数量
Skip Delivery Note,无需出货
Items & Pricing,物料与价格
Group by Material Request,按物料需求分组
Emergency Contact Name,紧急联系人姓名
Payroll Cost Center,工资记账成本中心
Employee Leave Balance Summary,员工剩余假期汇总
Calculate Payroll Working Days Based On,发薪工作日基于
The fraction of daily wages to be paid for half-day attendance,半天工作发放日工资的比例
Restrict Backdated Leave Application,禁止后补请假单
Outgoing Salary,支付的工资
Is Recurring,重复
Repay From Salary,从工资扣款
Summarized View,汇总显示
Department Wise Openings,部门空缺分布
Attendance Count,出勤数
Project Summary,项目汇总
Is Public,公开
This chart will be available to all Users if this is set,如勾选，所有用户可查看此统计图表
Hide Custom DocTypes and Reports,隐藏自定义单据类型和报表
Checking this will hide custom doctypes and reports cards in Links section,勾选后快速访问卡中不会出现自定义单据类型和报表
Link Cards,快速访问卡
Restrict to Domain,限制行业
Count Filter,计数过滤条件
For example: {} Open,例如: {} Open
Onboarding,使用向导
Group By Type,分组统计类型
Aggregate Function Based On,统计字段
Group By Based On,分组字段
Number of Groups,分组数量
Tasks Completed,已完成任务数
Tasks Overdue,过期任务数
Completion,完成%
To date can not be greater than employee's relieving date.,结束日不能晚于员工离职日
"To configure Auto Repeat, enable ""Allow Auto Repeat"" from {0}.","要配置自动重复，请为单据类型{0}启用""""允许自动重复"""""
Click On Customize to add your first widget,点击定制按钮开始定制
Account is not set for the dashboard chart {0},尚未为统计图表{0}设置科目
Account is mandatory to get payment entries,请输入科目以获取收付款凭证
Account {0} does not belong to company {1},公司{1}科目表中未定义科目{0}
Account {0} does not exists in the dashboard chart {1},统计图表{1}中未包含科目{0}
Account: <b>{0}</b> is capital Work in progress and can not be updated by Journal Entry,<b>{0}</b>是在建工程科目，不能通过日记账凭证更新
Account: {0} is not permitted under Payment Entry,收付款凭证中不能使用科目{0}
Accounting Dimension <b>{0}</b> is required for 'Balance Sheet' account {1}.,请为资产科目{1}输入辅助核算<b>{0}</b>
Accounting Dimension <b>{0}</b> is required for 'Profit and Loss' account {1}.,请为损益科目{1}输入辅助核算<b>{0}</b>
Accounting Dimension Detail,辅助核算信息
Global Search DocType,全局搜索单据类型
Global Search Document Types Reset.,全局搜索单据类型重置
Referral Sales Partner,业务伙伴
Manufacturing Section,生产信息
This is a location where raw materials are available.,发出原材料的仓库
This is a location where final product stored.,接收成品的仓库
This is a location where operations are executed.,生产加工场所，也就是生产车间，产线
This is a location where scraped materials are stored.,存放报废物料的仓库
Row {0}: Quantity not available for {4} in warehouse {1} at posting time of the entry ({2} {3}),第{0}行：在记账时间点({2} {3}) 物料{4}在{1}中的可用数量不足
Asset Value Analytics,固定资产价值分析
Produce Qty,生产数量
Raw Material Cost (Company Currency),原材料成本(本币)
Server Script,Python脚本
Scheduler Event,后台任务事件
API Method,API方法
{0} of {1} ({2} rows with children),{0} / {1} ({2} 行有子记录)
Inbox User,邮件收件箱用户
Parent Field (Tree),父字段(树)
DocType Link,单据链接
DocType Action,单据操作
Outgoing Bills,销售总额
Set From Warehouse,发料仓
Log in to access this page.,请登录后访问该网页
Add to ToDo,新增待办
Assigning...,分派中...
No changes in document,未做任何修改
Document renamed from {0} to {1},已将单据编号(名称){0} 变更为 {1}
Exponential Smoothing Forecasting,指数平滑法预测
Setting up Global Search documents.,设置全局搜索单据
Default {0},默认 {0}
HR,人力资源
CRM,客户关系
"If this item has variants, then it cannot be selected in sales orders etc.",如果该物料有变体，则不能在销售订单等中选择。
Filter Based On,过滤基于
Delivered Quantity,已出货数量
Link Document Type,源单据类型
Permission Manager,角色权限管理
Employee Other Income,员工其它收入
Dashboard Settings,数据面板设置
Bank Clearance,银行清账
Appointment Booking Settings,预约设置
Appointment Letter,任命书
Appointment Letter Template,任命书模板
Passive,已创建
Sync with Google Contacts,同步谷歌联系人
Message will be sent to the users to get their status on the Project,发送给用户以收集项目进度
Select Field...,选择字段
Customer-wise Item Price,客户物料价格
To Track inbound purchase,用来追踪合作伙伴的销售
"e.g. ""Summer Holiday 2019 Offer 20""",如，2020中秋促销
Validity and Usage,有效期与可用性
Maximum Use,最多可用
Promotional,促销
Is Primary Address,是首选地址
Total Demand (Past Data),总需求(历史数据)
Total Forecast (Past Data),总预测(历史数据)
Total Forecast (Future Data),总预测(未来数据)
Unit Of Measure,单位
Applicant Email Address,申请者邮箱
"If checked, hides and disables Rounded Total field in Salary Slips",如勾选，将禁止圆整并隐藏工资单中总计字段
Time Required (In Mins),需求时间(分)
Scheduled Time,计划时间
Unverified,未核实
Phone Number,电话
Calendar Event,事件
Appointment With,预约人
Linked Documents,关联单据
"<h5>Message Example</h5>

<pre>&lt;h3&gt;Order Overdue&lt;/h3&gt;

&lt;p&gt;Transaction {{ doc.name }} has exceeded Due Date. Please take necessary action.&lt;/p&gt;

&lt;!-- show last comment --&gt;
{% if comments %}
Last comment: {{ comments[-1].comment }} by {{ comments[-1].by }}
{% endif %}

&lt;h4&gt;Details&lt;/h4&gt;

&lt;ul&gt;
&lt;li&gt;Customer: {{ doc.customer }}
&lt;li&gt;Amount: {{ doc.grand_total }}
&lt;/ul&gt;
</pre>","<h5>消息范例</h5>

<pre>&lt;h3&gt;订单逾期&lt;/h3&gt;

&lt;p&gt;交易 {{ doc.name }} 已逾期. 请采取必要行动.&lt;/p&gt;

&lt;!-- 显示最新备注信息 --&gt;
{% if comments %}
最新备注: {{ comments[-1].comment }}  {{ comments[-1].by }}
{% endif %}

&lt;h4&gt;详情&lt;/h4&gt;

&lt;ul&gt;
&lt;li&gt;客户: {{ doc.customer }}
&lt;li&gt;金额: {{ doc.grand_total }}
&lt;/ul&gt;
</pre>"
"If non-standard port (e.g. POP3: 995/110, IMAP: 993/143)","如使用非标端口 (如. POP3: 995/110, IMAP: 993/143)"
Append Emails to Sent Folder,添加邮件到已发送
Footer Logo,页脚标志
Hide Login,隐藏登录按钮
Call To Action,行动召唤
Call To Action URL,行动召唤网址
You can try changing the filters of your report.,可尝试变更报表过滤条件
You cannot create a dashboard chart from single DocTypes,不能为单记录单据类型创建统计图表
Work Order {0}: Job Card not found for the operation {1},工单 {0}: Job Card not found 未找到针对工序 {1} 的生产任务单
Work in Progress,进行中
XML Files Processed,XML文件已处理
You are not allowed to export {} doctype,未被授权导出单据类型{}
{0} shared a document {1} {2} with you,{0}分享了单据{1} {2}给你
{0} should not be same as {1},{0}应该与{1}相同
{0}: Other permission rules may also apply,{0}:其它权限也可能适用
{0} {1}: Submitted Record cannot be deleted. You must {2} Cancel {3} it first.,{0} {1}: 已提交单据不可被删除. 应 {2} 先取消 {3}.
{0} assigned a new task {1} {2} to you,{0}分派了新任务 {1} {2} 给你
"{0} Retain Sample is based on batch, please check Has Batch No to retain sample of item",{0}保留样品基于批号，请在物料主数据中勾选启用批号管理
Purchase Invoice cannot be made against an existing asset {0},采购发票不能基于现存固定资产 {0}
Purchase Invoices,采购发票
Purchase Orders,采购订单
Purchase Receipt Detail,采购订单详情
Purchase Receipt doesn't have any Item for which Retain Sample is enabled.,采购入库未包括启用了保留样品的物料
Quality Inspection Analysis,质检单分析
Quantity to Manufacture,生产数量
Quantity to Manufacture can not be zero for the operation {0},工序 {0} 生产数量不能为0
Reserved Qty for Subcontract: Raw materials quantity to make subcontracted items.,委外预留数量:为委外订单预留的原材料数量
Reserved Quantity for Production,生产预留数量
Row # {0}: Returned Item {1} does not exist in {2} {3},第{0}行:退回物料{1}在{2} {3}中不存在
Row #{0}: Cannot delete item {1} which has already been billed.,第{0}行: 不能删除已开票物料 {1}
Row #{0}: Cannot delete item {1} which has already been delivered,第{0}行: 不能删除已出货物料 {1}
Row #{0}: Cannot delete item {1} which has already been received,第{0}行: 不能删除已收货物料 {1}
Row #{0}: Cannot delete item {1} which has work order assigned to it.,第{0}行: 不能删除已关联工单的物料 {1}
Row #{0}: Cost Center {1} does not belong to company {2},第{0}行:成本中心 {1} 不隶属于公司 {2}
Row #{0}: Item {1} is not a Serialized/Batched Item. It cannot have a Serial No/Batch No against it.,第 {0} 行：物料 {1} 未启用序列号/批号，不能为其设置序列号或批号。
Row #{0}: Serial No {1} does not belong to Batch {2},第{0}行: 序列号 {1} 不属于批号 {2}
Row #{0}: Service End Date cannot be before Invoice Posting Date,第{0}行: 服务结束日不能早于发票记账日
Row #{0}: Service Start Date cannot be greater than Service End Date,第{0}行:服务开始日不能晚于服务结束日
Row #{0}: Service Start and End Date is required for deferred accounting,第{0}行:递延会计处理，服务开始与结束日必填
Row #{0}: The batch {1} has already expired.,第{0}行:批号 {1} 已过期
Row #{}: Currency of {} - {} doesn't matches company currency.,第 {} 行：{} - {} 的货币与公司本币不一致。
Row {0}: Delivery Warehouse ({1}) and Customer Warehouse ({2}) can not be same,第{0}行:出货仓 （{1}) 不能与客户仓 ({2}) 相同
Row {0}: Due Date in the Payment Terms table cannot be before Posting Date,第{0}行: 付款计划中的到期日不能早于记账日
Row {0}: user has not applied the rule {1} on the item {2},第{0}行: 用户未为物料 {2} 选择规则 {1}
Row {0}: {1} is required in the expenses table to book an expense claim.,第{0}行:费用表中的{1} 必填
"Row {1}: Quantity ({0}) cannot be a fraction. To allow this, disable '{2}' in UOM {3}.",第{1}行:数量 ({0}不可以是小数， 要允许小数，请在计量单位{3}主数据中取消勾选'{2}'
"<div class=""alert"">Please don't update it as it can mess up your form. Use the Customize Form View and Custom Fields to set properties!</div>","<div class=""alert"">请不要直接更新这个表单里的内容，可能会导致系统瘫痪！请使用定制表单和自定义字段功能让系统自动产生此表单的数据!</div>"
Territory,区域
Meta Description,元数据描述
Meta Image,元数据图片
Total Views,总访问量
Duplicate Project with Tasks,带任务复制项目
Create Contacts from Incoming Emails,基于收到的邮件创建联系人
"Track if your email has been opened by the recipient.
<br>
Note: If you're sending to multiple recipients, even if 1 recipient reads the email, it'll be considered ""Opened""","追踪收件人是否打开邮件.
<br>
注: 如发给多人,其中一个打开邮件都会被标记为""打开过"""
Driver Email,司机邮箱
See on Website,在门户网站查看
since last month,自上个月
since yesterday,自昨天
since last week,自上周
since last year,自去年
This card will be available to all Users if this is set,如勾选，所有用户均可查看此数字卡
Show percentage difference according to this time interval,根据此频率显示百分比差异
Stats,统计信息
Stats Time Interval,频率
Filters Section,过滤条件
Please enter the company name to confirm,请输入公司名确认
Stock Ledger ID,物料凭证号
Stock Uom,库存单位
Stock Balance Report,库存余额报表
Total Delivered Amount,总出货金额
Total Early Exits,总早退
Incoming Bills,采购总额
Outgoing Payment,付款总额
Total Received Amount,收到总额
"Updating {0} of {1}, {2}",上传中 {0} / {1} {2}
Upload XML Invoices,上传XML格式账单
Please select Company first,请先选择公司
Please select Customer first,请先选择公司
Please select Item Code first,请先选择物料号
Please select a Customer,请先选择客户
Please select a Delivery Note,请先选择销售出库
Please Select a Company,请先选择公司
Please Select a Company.,请先选择公司
Supplier > Supplier Type,供应商 > 供应商组
Customer > Customer Group > Territory,客户 > 客户组 > 区域
Item Code > Item Group > Brand,物料 > 物料组 > 品牌
Total Cost (Company Currency),总成本(本币)
"Set Default Options for all charts on this Dashboard (Ex: ""colors"": [""#d1d8dd"", ""#ff5858""])","设置此数据面板图表的默认选项，例如：颜色：[""#d1d8dd"", ""#ff5858""]"
Walk In,主动上门
Show Percentage Stats,显示统计百分比
Time (In Mins),时间(分)
Downtime (In Hours),停机时间(小时)
Download Required Materials,下载物料需求清单
Transfer Materials For Warehouse {0},调拨至仓库 {0}
Difference Value,差异金额
Dimension Filter,辅助核算过滤
Disable Signup for your site,你的站点禁止注册
Create New Lead,创建新线索
Create an incoming stock transaction for the Item.,为物料创建一笔收货记录
BOM 1 {0} and BOM 2 {1} should not be same,物料清单 1 {0} 与物料清单 2 {1} 不能相同。
BOM recursion: {0} cannot be child of {1},物料清单嵌套： {0} 不能是 {1} 的下层
Note: Item {0} added multiple times,注：物料 {0} 添加了多次
"Row {0}: The item {1}, quantity must be positive number",第 {0} 行： 物料 {1} 数量必须为正数
"For an item {0}, quantity must be positive number",物料 {0} 其数量必须为正数
Valuation Rate Missing,无成本价
Value for field {0} is too long in {1}. Length should be lesser than {2} characters,{1} 中的字段 {0} 值太长，长度应该小于 {2}
Value must be one of {0},值必须是 {0} 之一
Value to Validate,待验证的值
Value {0} missing for {1},{1} 不包括值 {0}
"Couldn't save, please check the data you have entered",不能保存，请检查输入的数据
Finished Goods Warehouse,成品仓
From and To Dates are required.,开始与结束日期必填
Get Payments from,选付款
Journal Entry Template Account,日记账凭证模板科目
Journal Entry Type,日记账分录类型
"If ticked, multiple materials can be used for a single Work Order. This is useful if one or more time consuming products are being manufactured.",如勾选，一个工单可使用多个物料，此设置针对一个或多个长周期产品生产
"If ticked, the BOM cost will be automatically updated based on Valuation Rate / Price List Rate / last purchase rate of raw materials.",如勾选，物料清单成本会基于其原材料的成本价/价格表主数据/最新采购价自动更新
Earliest Age,最早库龄
Latest Age,最新库龄
This cannot be undone,不可撤销
hub,集市(Hub)网站
Onboarding Step,初始化步骤
Onboarding Step Map,初始化步骤对照表
Onboarding Permission,初始化权限
Is Complete,已完成
Is Skipped,已跳过
Create Salary Slip,新增工资条
Create Lead,新建线索
Create Raw Materials,新增原材料
Create Opportunity,新增商机
Create Employee,新增员工
First Success Message,首次成功消息
Dunning Letter Text,催款信文本
Number Card Link,数字卡链接
Dynamic Filters Section,动态过滤条件
Set Basic Rate Manually,手动设置成本
Sales Order Analysis,销售订单执行追踪表
Dismiss,忽略
Select Billing Address,发票地址
Create Card,创建数字卡
Card Label,数字卡标题
Allocate Payment Based On Payment Terms,基于付款条款分配付款金额
Overdue Days,逾期天数
Dunning Fee,催款费用
Resolved,已解决
Please select X and Y fields,请选择X和Y轴字段
Service Received But Not Billed,暂估服务(已收货，未开票)
Amount Delivered,已出货金额
Delay (in Days),逾期天数
Income Tax Deductions,个税抵扣
Salary Payments Based On Payment Mode,基于付款方式付薪
Salary Payments via ECS,基于电子清算服务付薪
Months,月
Deferred Accounting Settings,递延记账设置
to,至
{} Active,{} 有效
Requested Items to Order and Receive,已申请待下单与收货的物料
This Week,本周
This Month,本月
This Quarter,本季
This Year,本年
Invalid Option,错误选项
Option {0} for field {1} is not a child table,为字段{1}设置的选项{0}未被定义为是子表
Select Fields To Insert,选择字段
Successfully imported {0},成功导入了{0}
Successfully updated {0} records.,成功导入了{0}笔资料
"Successfully imported {0} records out of {1}. Click on Export Errored Rows, fix the errors and import again.",从{1}笔资料中成功导入了{0}笔，请点击出错的资料行，修正错误数据，重新点导入
"Successfully imported {0} record out of {1}. Click on Export Errored Rows, fix the errors and import again.",从{1}笔资料中成功导入了{0}笔，请点击出错的资料行，修正错误数据，重新点导入
Import File Errors and Warnings,导入文件错误与警告信息
Report Error,出错提示
Consumed Items,委外原材料
Removed items with no change in quantity or value.,已移除数量或金额没有任何变化的物料行
Auto Fetch,自动获取
Subcontracting,委外
Scripting,脚本
No Results found,无数据
Financial Year Begins On,财年开始日
Complete Setup,完成设置
No Upcoming Events,无未处理事项
There are no upcoming events for you.,你没有待处理事项
Items to Order and Receive,待采购与收货物料
Create a new {0},新建{0}
Expand All,全部展开
Rebuild Tree,重新生成树形结构
Is Template,是模板
Share {0} with,分享给{0}
Customize Child Table,定制子表
Permanently Submit {0}?,正式提交{0}?
Qty in Stock UOM,数量(库存单位)
Shortcuts,快捷方式
Received Qty in Stock UOM,收到数量(库存单位)
Accepted Qty in Stock UOM,收货数量(库存单位)
Formula Based Criteria,条件公式
Numeric,数值
Acceptance Criteria Formula,标准要求条件公式
Acceptance Criteria Value,标准要求
"Valuation Rate for the Item {0}, is required to do accounting entries for {1} {2}.",要为{1} {2}生成会计凭证，物料{0}须有成本价
Mention Valuation Rate in the Item master.,请在物料主数据中维护成本价
"If the item is transacting as a Zero Valuation Rate item in this entry, please enable 'Allow Zero Valuation Rate' in the {0} Item table.",如果本单据中的物料采用零成本价，请在 {0} 物料表中启用“允许零成本价”。
Here are the options to proceed:,选择以下方式继续
You have unseen {0},待查看{0}
Opening Balance Details,起始余额明细
Opening Amount,起始金额
Recent Transactions,最近交易
No items in cart,物料车为空
Experimental,实验中功能
Review Chart of Accounts,审核科目表
Manual Inspection,手工设置状态
Set the status manually.,手工设置状态
Applied on each reading.,适用于每个读数
Numeric Inspection,检验数值
Reading Value,读数
Missing Filters Required,请维护过滤条件
Following Report Filters have missing values:,缺少以下报表过滤条件
Allow Item to Be Added Multiple Times in a Transaction,允许在交易中物料号重复
"If enabled, the notification will show up in the notifications dropdown on the top right corner of the navigation bar.",如勾选，通知将出现在导航区右上角的通知清单里
"The percentage you are allowed to receive or deliver more against the quantity ordered. For example, if you have ordered 100 units, and your Allowance is 10%, then you are allowed to receive 110 units.",允许超订单量出入库百分比。如，订单数量100个，容差10％，则最多可收货或发货110个
"The percentage you are allowed to bill more against the amount ordered. For example, if the order value is $100 for an item and tolerance is set as 10%, then you are allowed to bill up to $110 ",允许超订单金额开票百分比。如，订单金额100元，发票容差10％，则最多可开票110元
Control Historical Stock Transactions,历史库存交易控制
No stock transactions can be created or modified before this date.,库存业务记账日期不得早于此日期
Stock transactions that are older than the mentioned days cannot be modified.,补录单据过账日期不得早于今天-锁帐天数，如今天9月20号，锁账天数10，则系统不允许过账日期早于9月10号
"The users with this Role are allowed to create/modify a stock transaction, even though the transaction is frozen.",有此角色的用户不受锁账天数限制
"If mentioned, the system will allow only the users with this Role to create or modify any stock transaction earlier than the latest stock transaction for a specific item and warehouse. If set as blank, it allows all users to create/edit back-dated transactions.",如指定角色，则仅该角色的用户可提交过账日期早于当前物料和仓库最新记账日期（事后补单）的库存变动单据，如留空，则所有用户均可事后补单
Automatically Add Filtered Item To Cart,自动添加过滤出的物料到购物车
Allow User to Edit Rate,允许用户修改单价
Allow User to Edit Discount,允许用户修改折扣
Plan time logs outside Workstation working hours,允许工作站非工作时间登记工时
Transactions against the Company already exist! Chart of Accounts can only be imported for a Company with no transactions.,该公司已有业务交易，科目表导入仅限尚无业务交易的公司代码
Awaiting Response,正在等待回复
Response Details,回复详情
Permission Query,列表权限过滤
Configure the action to stop the transaction or just warn if the same rate is not maintained.,配置若交易中未使用相同价格时系统不允许交易保存还是只弹出警告
Is Finished Item,是成品
Balance Serial No,剩余序列号
Include Safety Stock in Required Qty Calculation,包含安全库存
Item {0}: {1} qty produced. ,物料{0}：已生产数量：{1}。
"Discounts to be applied in sequential ranges like buy 1 get 1, buy 2 get 2, buy 3 get 3 and so on",按适用数量范围计算折扣，如买1送1，买2送2，买3送3等
Is Recursive,递归
Rate of Stock UOM,单价(库存单位)
Fetch Timesheet,选工时单
Get Timesheets,选工时单
"Item Price appears multiple times based on Price List, Supplier/Customer, Currency, Item, Batch, UOM, Qty, and Dates.",物料价格在价格表，供应商/客户，货币，物料，批号，单位及有效日期字段组合中重复了
Discount Date,折扣日
Discounted Amount,折扣金额
Company Tax ID,公司纳税登记号
Base Amount,基准金额
To be Delivered to Customer,由供应商直运给客户
Billing Address Details,发票地址详情
Company Billing Address,公司发票地址
Company Shipping Address,公司收货地址
Shipping Address Details,收货地址详情
Supplier Address Details,供应商地址详情
Is Virtual,虚拟
Apply To,适用于
{0} Operations: {1},{0} 工序：{1}
Via Landed Cost Voucher,关联到岸成本凭证
Allow Zero Rate,允许0成本价
Repost Item Valuation,物料成本价追溯调整
Stock Reposting Settings,物料成本价追溯调整设置
Quality Inspection Parameter,质检参数
Default In-Transit Warehouse,默认在途仓
Users with this role are allowed to over bill above the allowance percentage,此角色的用户可新建超出容差的发票
Accounts Frozen Till Date,冻结记账截止日
Project Profitability,项目损益分析
Delayed Tasks Summary,逾期任务汇总
Delayed,已逾期
On Track,正常
Delay (In Days),逾期天数
Progress (%),进展(%)
Send Leave Notification,发送休假通知
Leave Policy Assignment,休假政策分配
Bulk Leave Policy Assignment,批量分配休假政策
Employees Working on a Holiday,员工假期加班
Customer's Vendor,客户的供应商
Existing Customer,存量客户
Cold Calling,陌生电话
Mass Mailing,简讯
Prospecting,有意向
Perception Analysis,意向分析
Consider Accounting Dimensions,显示辅助核算
Webhook Trigger,网络钩子触发条件
Row {0}: Both Debit and Credit values cannot be zero,第{0}行：借方与贷方不能同时为0
Recalculate Incoming/Outgoing Rate,重新计算入/出库成本价
Account Value,会计账金额
Stock Qty vs Serial No Count,库存数量与序列号数量对账
First Response Time for Issues,问题首次响应时间
First Response Time for Opportunity,商机首次响应时间
Greeting Subtitle,问候子标题
Setting the account as a Company Account is necessary for Bank Reconciliation,银行对账功能仅限本公司银行户头
Available Qty at Company,公司即时库存
after_insert,新增
on_update,变更
on_submit,提交
on_cancel,取消
on_trash,删除
on_update_after_submit,提交后变更
on_change,字段值变更
Request Structure,请求数据格式
Payment Amount (Company Currency),付款金额(公司本币)
"If blank, parent Warehouse Account or company default will be considered in transactions",如果为空，则取父仓库或公司主数据里默认的存货科目
% Returned,已退货%
"If not, you can Cancel / Submit this entry",请选择以下方式中的一种之后
performing either one below:,再提交或取消此单据
{0},{0}
Add to Transit,添加至在途
Accounting Dimension Filter,辅助核算过滤
Allow Or Restrict Dimension,允许或限制辅助核算
Applicable On Account,科目
Applicable Dimension,辅助核算值
Is Mandatory,必填
{0} is mandatory for account {1},对于科目 {1} {0} 必填
Invalid value {0} for {1} against account {2},对于科目{2} {1}值{0}无效
Total Payment Amount in Payment Schedule must be equal to Grand / Rounded Total,付款计划汇总金额与总计(圆整后)金额不符
Invoice Portion (%),付款比例(%)
No Matching Bank Transactions Found,无待核销银行交易流水数据
Account Subtype,账户子类型
Dependant SLE Voucher Detail No,相关(下游)凭证明细ID
Show Net Values in Party Account,显示往来单位净值
Shipment,运单
Pickup from,提货开始日间
Delivery to,交货目的地
Pickup Contact Person,提货联络人
Shipment Parcel,运输包裹
Shipment Delivery Note,出库单号
Shipment details,运输详情
Shipment Information,运输信息
Shipment Type,运输类型
Self delivery,自运
Incoterm,贸易条款
Description of Content,内容说明
Service Provider,服务商
Shipment ID,运输ID
Shipment Amount,运输货值
AWB Number,空运提单
Tracking Status,追踪状态
"Number of new Account, it will be included in the account name as a prefix",科目代码将作为前缀自动添加到科目名称中
Delete Transactions,删除业务单据(交易)
Role Allowed to Over Deliver/Receive,允许超量出/入库的角色
Users with this role are allowed to over deliver/receive against orders above the allowance percentage,此角色的用户可超订单数量容差出入库
Is Default Account,默认户头
Default Warehouse for Sales Return,默认销售退货仓
No New notifications,暂无新通知
Looks like you haven’t received any notifications.,还没有收到任何通知哦~
Strip EXIF tags from uploaded images,从上传的图片中删除EXIF标签
"If you still want to proceed, please enable {0}.",请勾选{0}后继续
Search Bar,搜索框
View Switcher,视图切换
Only for,仅限
Onboard,初始化步骤
Tax Settings,税设置
Create Ledger Entries for Change Amount,为找零生成日记账凭证
"If enabled, ledger entries will be posted for change amount in POS transactions",如勾选，则为POS交易中的找零自动生成日记账凭证
"If checked, Rejected Quantity will be included while making Purchase Invoice from Purchase Receipt.",如勾选，从采购入库创建采购发票时包含被退货数量
Add Corrective Operation Cost in Finished Good Valuation,入库成品成本价含返工工序成本
Make Serial No / Batch from Work Order,从工单生成序列号/批号
System will automatically create the serial numbers / batch for the Finished Good on submission of work order,在工单提交时系统自动生成序列号/批号
Show Language Picker,显示语言选择框
Form Tour,表单向导
Next Step Condition,进行下一步的条件
Mark as Completed,标记为已完成
Form Tour Step,表单向导步骤
Left Center,左侧中间
Left Bottom,左侧底部
Top,顶
Top Center,顶部中间
Top Right,顶部右侧
Right Center,右侧中间
Right Bottom,右侧底部
Bottom Center,底部中间
Bottom Right,底部右侧
Mid Center,正中
{0} {1}: Account {2} is a Group Account and group accounts cannot be used in transactions,{0} {1}:  {2} 是组类型科目，不能用于业务交易中
Considered In Paid Amount,含在付款金额中
"If checked, the tax amount will be considered as already included in the Paid Amount in Payment Entry",如勾选，收付款凭证中付款金额就含税
Minimum Net Rate,最低净价
Maximum Net Rate,最高净价
Bank Account Type,银行户头类型
Bank Account Subtype,银行户头子类型
Scheduled Job Type,已排程后台任务
Scheduled Job Log,后台任务运行日志
Cron,自定义频率(Cron)
Transaction Deletion Record,业务交易删除记录
Get Sub Assembly Items,计算子装配件需求
Sub Assembly Items,子装配件
Assembly Items,装配件
In House,自制
Indent,上层需求
Excluded DocTypes,不包括单据类型
Page Title,页标题
Team Members Subtitle,团队成员子标题
BOM Level,BOM层级
Employee Grievance,员工意见
Grievance Details,意见详情
Grievance Against Party,意见对象类型
Grievance Against,意见对象
Grievance Type,意见类型
Associated Document Type,源单据类型
Associated Document,关联单据
Investigation Details,调查详情
Cause of Grievance,意见原因
Investigated,已调查
Incorrect Serial No Valuation,异常序列号成本价
Incorrect Balance Qty After Transaction,交易记账后结余数量不正确
"Billed, Received & Returned",已开票，已收货，已退货
Is Query Report,是查询报表
Corrective Operation Cost,返工费用
From Corrective Job Card,取自返工生产任务单
Corrective Job Card,返工生产任务单
Is Corrective Job Card,是返工生产任务单
HH:mm,时:分
HH:mm:ss,时:分:秒
Return Issued,被退货
Get Finished Goods for Manufacture,获取待计划物料
Sub Assembly Item Code,子装配件物料号
Level (BOM),物料清单层级
Backflush Raw Materials From Work-in-Progress Warehouse,从车间仓耗用原材料
Supplier Lead Time (days),供应商交期（天）
Distribute Manually,手工分配
Enable Common Party Accounting,启用既是供应商又是客户合并记账功能
"If enabled, additional ledger entries will be made for discounts in a separate Discount Account",如果勾选，生成的会计凭证中包含折扣科目
Over Transfer Allowance (%),允许超量发料(％)
Percentage you are allowed to transfer more against the quantity ordered. For example: If you have ordered 100 units. and your Allowance is 10% then you are allowed to transfer 110 units.,允许超订单需求量发料百分比。例如需求100个，最多允许超10％，则最多可发料110个
"The percentage you are allowed to transfer more against the quantity ordered. For example, if you have ordered 100 units, and your Allowance is 10%, then you are allowed transfer 110 units.",允许超订单需求量发料百分比。例如需求100个，最多允许超10％，则最多可发料110个
Review Stock Settings,审核库存模块设置
Is Corrective Operation,是返工工序
Corrective Operation,返工工序
Total Operation Time,总工序时间
Time in mins.,分钟
Time in mins,分钟
User Document Type,用户单据类型
User Select Document Type,用户选择单据类型
Workspace Shortcut,工作区捷径
DocType Layout,单据类型屏幕布局
DocType Layout Field,单据类型屏幕布局字段
Custom DocPerm,自定义单据权限
Quality Inspection Parameter Group,质检参数组
Shipment Parcel Template,货运包裹模板
Email Digest Recipient,电子邮件摘要收件人
Parent DocType,父单据类型
Transaction Deletion Record Item,业务交易删除记录明细
Supplier Group Item,供应商组物料
Sales Partner Item,业务伙伴明细
Query Parameters,查询参数
Production Plan Item Reference,合并物料销售订单明细
Production Plan Sub Assembly Item,生产计划子装配件
Dispatch Address Name,发货地址名称
Dispatch Address,发货地址
Process Loss Qty,制程损耗数量
Returned Qty in Stock UOM,退货数量(库存单位)
Qty to Be Consumed,待耗用数量
Available Qty For Consumption,可耗用数量
Qty of Finished Goods Item should be greater than 0.,成品数量须大于0
Pick List Item,拣货单明细
Incoming Rate (Costing),成本价
Add Or Deduct,增加或抵扣
Allocated Amount (Company Currency),已分配金额(本币)
Is Billable,可开票
CRM Settings,客户关系设置
Item Price Settings,物料价格设置
Transaction Settings,业务交易设置
Allowed Dimension,可使用的辅助核算
Party Link,业务伙伴关联
Primary Role,首选角色
Primary Party,首选业务伙伴代码
Secondary Party,次要业务伙伴代码
From Delivery Date,交货日自
To Delivery Date,交货日止
Set Operating Cost Based On BOM Quantity,工费成本基于产出数量
Document Naming Rule,单据编号规则
Document Naming Rule Condition,单据编号规则条件
Total Billing Hours,总开票工时
Qty to Build,待生产数量
# Req'd Items,物料个数
# In Stock,有库存物料个数
Buildable Qty,可生产数量
Build All?,物料齐套?
Monthly Completed Work Orders,每月已完成生产工单
Process Loss Report,制程损耗报表
Raw Material Value,原材料金额
"All possible Workflow States and roles of the workflow. Docstatus Options: 0 is ""Saved"", 1 is ""Submitted"" and 2 is ""Cancelled""","工作流所有状态与角色，单据状态0 表示""已保存""，1表示""已提交""，2表示""已取消"""
Party Specific Item,客户/供应商可交易物料
Restrict Items Based On,过滤字段
Based On Value,字段值
Allowed Items,可交易物料
Incoming (POP/IMAP) Settings,收邮件设置
Document Linking,单据关联
Outgoing (SMTP) Settings,发邮件设置
Always use this email address as sender address,使用此邮箱作为发件人邮箱
Always use this name as sender name,使用此用户名作为发件人
Enabling auto reply on an incoming email account will send automated replies to all the synchronized emails. Do you wish to continue?,启用自动回复将会对所有同步过来的邮件生效，确认继续？
Allow Continuous Material Consumption,启用工单耗用
Allow material consumptions without immediately manufacturing finished goods against a Work Order,允许单独记录多次工单耗用后再进行工单入库
Allow Excess Material Transfer,允许超需求量发料
Allow transferring raw materials even after the Required Quantity is fulfilled,允许超工单需求数量发原材料
Show Remarks,显示备注信息
"Update BOM cost automatically via scheduler, based on the latest Valuation Rate/Price List Rate/Last Purchase Rate of raw materials",通过后台程序基于原材料最新成本价/标价/采购价自动更新BOM成本
Ignore Empty Stock,不包括无库存物料
Work Order / Subcontract PO,生产工单 / 委外采购订单
Create Job Card based on Batch Size,基于批量创建(拆分)生产任务单
Production Plan Summary,生产计划汇总报表
"If enabled, users will be notified every time they login. If not enabled, users will only be notified once.",如勾选，用户每次登录时都弹框通知。否则只弹框通知一次。
Go to Notification Settings List,转到通知设置列表
Sequence Id,顺序号
Sequence ID,顺序号
Base Cost Per Unit,基础单位成本
Partly Paid,部分付款
Partly Paid and Discounted,已贴现部分付款
Client Code,客户端javasript脚本
Query / Script,SQL查询 / Python脚本
Row {0}: Expense Head changed to {1} as no Purchase Receipt is created against Item {2}.,第{0}行：因物料 {2} 未关联采购入库单，费用科目变更为了 {1}
Total Amount Due,总未付金额
Updating counter may lead to document name conflicts if not done properly,更新不当会导致新单据与现有单据重复，不能保存
Copy error to clipboard,将出错日志复制到剪贴板
You do not have permissions to {} items in a {}.,您无权{} {}。
Module Profile Name,模块集合名称
Supplier Quotation Comparison,供应商比价
Include Expired,包括已过期
Configure Columns,列设置
Reset to default,恢复默认设置
Cost of Poor Quality Report,制程不良成本报表
Closing Balance as per Bank Statement,银行对账单余额
Closing Balance as per ERP,ERP系统余额
Deposit,存款
Withdrawal,取款
Reconcile the Bank Transaction,核销银行交易流水
Show Only Exact Amount,仅显示金额匹配的凭证
Select Vouchers to Match,选择待匹配凭证
Transaction Details,交易详情
Grant Commission,付佣金
Hide Descendants,隐藏下层节点
Hide descendant records of <b>For Value</b>.,隐藏下层节点<b>值</b>
From Payment Date,开始付款日期
To Payment Date,截止付款日期
This filter will be applied to Journal Entry.,过滤条件仅限日记账凭证
Document Link,单据关联
Document Links,单据关联
Document Actions,单据操作
Amount Eligible for Commission,佣金基数
Quotation Number,报价单号
Value of Goods,货值
Add Template,新建模板
Length (cm),长(公分)
Width (cm),宽(公分)
Height (cm),高(公分)
It can take upto few hours for accurate stock values to be visible after merging items.,合并后的物料库存数量更新可能需几个小时
Enable Provisional Accounting For Non Stock Items,非库存物料采购入库启用暂估费用记账
Default Provisional Account,默认暂估费用科目
Open Sales Orders,未结销售订单
Not allowed via controller permission check,自定义代码权限检查has_permission不通过
Action / Route,操作 / 网址路径
Is Rate Adjustment Entry (Debit Note),追加收款(借记单)
Send To All Assignees,发送给所有待办执行人
Receiver By Document Field,收件人(单据字段)
Receiver By Role,收件人(用户角色)
You cannot change the rate if BOM is mentioned against any Item.,有物料清单的物料价格不可手工设置
Unreconciled Entries,未核销单据
"If you need to reconcile particular transactions against each other, then please select accordingly. If not, all the transactions will be allocated in FIFO order.",可以手工勾选匹配，否则按时间先后自动匹配
Allocated Entries,已核销单据
Cancelling documents,取消单据
% Picked,已拣货%
End Transit,在途入库
First Day of the Week,一周开始日
Overproduction for Sales and Work Order,超销售和工单数量控制
Quality Inspection(s),质检单
Select Items for Quality Inspection,选择待检验物料
Sales Order Packed Item,销售订单套件明细
Picked Qty (in Stock UOM),拣货数量(库存单位)
{0} {1} has accounting entries in currency {2} for company {3}. Please select a receivable or payable account with currency {2}.,为{0} {1}指定了非公司{3}本币{2}的科目。请选择货币为{2}的应收/付科目。
Reversal Of,被冲销凭证
Provisional Expense Account,暂估费用科目
Time Taken to Deliver,交货耗时
Reference number of the invoice from the previous system,旧系统发票号
Reserved for manufacturing,工单发料预留
Reserved for sale,销售出库预留
Reserved for sub contracting,委外发料预留
Internal Sale or Delivery Reference missing.,须填写关联公司销售或出货参考单据编号
Please create purchase from internal sale or delivery document itself,请自关联方内部销售或出货单创建采购订单
Internal Sales Reference Missing,关联方内部销售订单号必填
Subcontract Order Summary,委外采购订单执行追踪表
"If this checkbox is checked, paid amount will be splitted and allocated as per the amounts in payment schedule against each payment term",如勾选，则金额根据付款计划明细中的付款条款进行拆分
Make Attachments Public by Default,上传文件默认设为公开
Enabling this will allow creation of multi-currency invoices against single party account in company currency,如果勾选，允许客户或供应商第一张发票货币为非主数据中的结算货币(默认为本币)
"Can't change the valuation method, as there are transactions against some items which do not have its own valuation method",有些物料未在物料主数据中维护成本计算方法且已关联物料凭证与会计凭证，考虑资料一致性此处成本计算方法不能被修改
Party Account {0} currency ({1}) and document currency ({2}) should be same,往来单位科目 {0} 的货币（{1}）必须与单据货币（{2}）一致。
API Key cannot be regenerated,无法重新生成API密钥
Prospect,意向客户
Log out,退出系统
Sales Pipeline Analytics,销售渠道分析
Opportunity Summary by Sales Stage,商机汇总(按销售阶段)
Cost Center Allocation,成本中心分摊比例模板
Cost Center Allocation Percentages,成本中心分摊百分比
Stock Movement,物料移动
Payment Terms Status for Sales Order,销售订单分期付款追踪表
Packages,包
Package,包
Package Import,包导入
Scheduled Jobs Logs,后台任务日志
Communication Logs,沟通日志
Work Order Consumed Materials,工单已耗用物料
Preview of generated names,自动生成的单据编号预览
Try a Naming Series,单据编号模板预览
Get a preview of generated names with a series.,预览编号模板生成的单据编号
This site is running in developer mode. Any change made here will be updated in code.,本站点已设置开发者模式参数，单据修改会同步到代码中
The value {0} is already assigned to an existing Item {1}.,现有物料{1}已使用此属性值{0}。
"To still proceed with editing this Attribute Value, enable {0} in Item Variant Settings.",如需继续编辑此属性值，请在物料多规格设置中启用 {0}。
you must select Capital Work in Progress Account in accounts table,请在明细表设置在建工程科目
You can also set default CWIP account in Company {},您还可以在公司{}主数据中设置默认在建工程科目
Enable Capital Work in Progress Accounting,启用在建工程科目
Setup failed,始始化失败
Module Profile,模块集合
Warehouse Settings,仓库信息
Available Qty at Target Warehouse,仓库可用数量
Finished Good Item Qty,成品物料数量
Finished Good Item Quantity,成品物料数量
Finished Good Item,成品物料号
Create Grouped Asset,创建组资产(多个数量一个资产号)
Shipping Address Template,出货地址模板
Has Item Scanned,已扫条码
Voucher Name,凭证号
Top Left,顶部左侧
Bottom Left,底部左侧
Margin Top,顶边距
Margin Bottom,底边距
Is System Generated,由系统生成
Module (for export),模块(用于导出)
Reset Password Link Expiry Duration,重置密码间隔
Session Expiry (idle timeout),会话超时(无操作超时)
Document Share Key Expiry (in Days),单据共享超时(天)
Number of days after which the document Web View link shared on email will be expired,透过邮件共享的登录链接多久后过期
Disable Username/Password Login,禁止用户密码登录
Make sure to configure a Social Login Key before disabling to prevent lockout,请确保先配置好社交登录码以防登出后被锁
Encrypt Backups,备份数据加密
Disable System Update Notification,禁止系统更新通知
Disable Change Log Notification,禁止系统更新日志通知
On Payment Authorization,付款授权
Workstation Type,工站类型
Subcontracting Order,委外订单
Subcontracting Receipt,委外入库
Subcontracting Purchase Order,委外采购
Distribute Additional Costs Based On ,额外费用分摊方式
Raw Material Cost Per Qty,每单位原材料成本
Service Cost Per Qty,每单位加工费
Additional Cost Per Qty,每单位其它成本
Warehouse Details,仓库信息
Service Items,委外加工费明细
Subcontracting Order Item,委外订单明细
Subcontracting Order Service Item,委外订单加工费明细
Subcontracting Order Supplied Item,委外订单原材料明细
Return Against Subcontracting Receipt,源委外入库
Subcontracting Receipt Item,委外入库明细
Subcontracting Receipt Supplied Item,委外入库原材料明细
Consolidate Sub Assembly Items,合并子装配件
Sales Order Reference,销售订单号
Item Reference,物料号
Visibility,是否显示
List / Search Settings,列表 / 搜索设置
Is Calendar and Gantt,有日历与甘特图视图
Enables Calendar and Gantt views.,从列表界面可切换到日历和甘特图
Show Title in Link Fields,在链接字段中以标题字段值显示
Force Re-route to Default View,强制显示默认视图(不返回上次视图)
Naming Rule,编号规则
Set by user,用户输入
Autoincrement,自增
By fieldname,字段
"By ""Naming Series"" field",单据编号模板
Expression,公式
Expression (old style),公式(旧方法)
By script,脚本代码
Display Depends On (JS),显示先决条件(JS)
Collapsible Depends On (JS),可折叠先决条件(JS)
Mandatory Depends On (JS),必填先决条件(JS)
Read Only Depends On (JS),只读先决条件(JS)
DocType State,单据类型状态
Stock Validations,库存防呆校验
Serial & Batch Item,序列号与批号
Stock Closing,库存关账
Subcontracting Settings,委外设置
Invoice and Billing,发票与账单
Invoicing Features,发票功能
Invoice Cancellation,发票取消
Allow multi-currency invoices against single party account ,允许同一往来单位发票多货币
Accounts Closing,会计关账
Allow Lead Duplication based on Emails,允许基于相同邮箱创建多个线索
Close Replied Opportunity After Days,自动关闭已回复商机天数
Auto close Opportunity Replied after the no. of days mentioned above,在上述天数之后自动关闭已回复商机
Carry Forward Communication and Comments,自动将邮件评论等沟通记录转至下游单据
Min Qty (As Per Stock UOM),最小数量(库存单位)
Max Qty (As Per Stock UOM),最大数量(库存单位)
Operation time does not depend on quantity to produce,加工(操作)时间不随着生产数量变化
Frequency of Depreciation (Months),折旧频率（几个月折一次）
Competitor Detail,竞争对手明细
Competitors,竞争对手
Bundle Items,套件明细
From version,先前版本
To version,当前版本
Select two versions to view the diff.,选择两个版本比较差异
Document Naming Settings,单据编号模板设置
Setup Series for transactions,设置单据编号模板
Set Naming Series options on your transactions.,设置单据编号模板选项
Update Series Counter,更新模板当前流水号
Series Updated for {},单据类型 {} 的编号模板已更新
Tab Break,页签
Quick Lists,快速访问列表
Quick List Filter,筛选条件
Workspace Quick List,工作区快速访问列表
Is Hidden,隐藏
Warehouse Wise Stock Balance,仓库级库存余额
Split From,拆分前资产号
Depreciation Entry Posting Status,折旧凭证记账状态
Annual Revenue,年收入
No of Employees,员工数
No. of Employees,员工数
Qualified By,认证机构
Unqualified,未认证
Prospect Owner,意向客户负责人
Deal Owner,成交负责人
All Activities,全部活动
Open Tasks,未关闭任务
No open task,无未关闭任务
New Task,新任务
Open Events,未关闭事件
No open event,无未关闭事件
New Note,新备注
Prospect Lead,意向客户线索
Prospect Opportunity,意向客户商机
Probability,成交机率
Closing,成交日期
Opportunity Amount (Company Currency),商机金额(公司货币)
Configuration,配置
Process Loss,制程损耗
% Process Loss,制程损耗%
Returned Qty ,退回数量
Select the Warehouse,请先选择仓库
Other Info,更多信息
Is Cash or Non Trade Discount,是现金或非贸易折扣
Internal Transfers,关联方交易
Max auto email report per user,每用户最自动邮件发送报表数
Example: Setting this to 24:00 will log out a user if they are not active for 24:00 hours.,"如设置为24:00,则会24:00后自动将用户登出"
Subcontract Order,委外订单
Select Warehouses to get Stock for Materials Planning,选择仓库
Transfer From Warehouses,调拨源仓库
Request For Quotation,询价
Inventory Settings,库存设置
Row #{1}: Warehouse is mandatory for stock Item {0},请为第 {1} 行的物料{0}输入仓库信息
Terms & Conditions,条款和条件
Connections,关联
Expires in a week or less,一周内到期
Return of Components,委外原材料退回
Partial Material Transferred,部分发料
Subcontract Return,委外成品退货
Sets 'Accepted Warehouse' in each row of the Items table.,为所有明细行设置(收货)仓库
Sets 'Rejected Warehouse' in each row of the Items table.,为所有明细行设置拒收仓
Is Old Subcontracting Flow,启用旧版委外流程
Inter Transfer Reference,关联交易信息
quotation_item,报价明细
SCO Supplied Item,委外订单原材明细
Scan Mode,扫码模式
Disables auto-fetching of existing quantity,不自动获取现有库存数量
Prompt Qty,提示数量
Qty Change,数量变动
Qty After Transaction,变更后数量
Balance Stock Value,变更后库存金额
Change in Stock Value,库存金额变动
Limit timeslot for Stock Reposting,限定物料成本追溯调整执行时机
Limits don't apply on,限制不适用日期
Use Item based reposting,按物料进行成本追溯调整
Scheduling,排程
Per Received,收货百分比
Paid From Account Type,付款方账户类型
Paid To Account Type,收款方账户类型
Paid Amount After Tax (Company Currency),税后付款金额(本币)
Paid Amount After Tax,税后付款金额(本币)
Received Amount After Tax,税后收款金额
Received Amount After Tax (Company Currency),税后收款金额(本币)
material_request_item,物料需求明细
Logs to Clear,待清除日志
Completed By Role,审批人角色
Completed By User,审批人用户
Permitted Roles,被授权角色
Workflow Action Permitted Role,工作流操作被授权角色
Return Components,原材料退回
Material Returned from WIP,原材料已退回
Transit Entry,调拨单
Operating Cost Per BOM Quantity,每个成品工费成本
Job Requisition,职位申请
No of. Positions,职位数量
Expected Compensation,期望薪酬
Expected By,预计完成时间
Timelines,时间表
Interviews,面试
Interview Type,面试方式
Interview Round,面试轮次
Interview,面试
Resume link,简历链接
Scheduled On,预定于
Interview Feedback,面试反馈
Average Rating,平均评分
Interview Summary,面试总结
Skill Assessment,技能评估
Employee Exits,员工离职
Assets Allocated,已分派资产
Grievance,意见
Exit Interview,离职面谈
Questionnaire Email Sent,发送问卷邮件
Accounting Reports,会计报表
Shift & Attendance,班次与考勤
Exit Interview Pending,待办离职面谈
Exit Questionnaire Pending,待办离职调查问卷
FnF Pending,未完成的结算
Reports To,直接上级
Interview Status,面谈状态
Final Decision,最终决定
Interviews (This Week),本周面试
New Hires (This Month),本月新入职员工
Exits (This Month),本月离职员工
Trainings (This Week),本周培训
Income Tax Computation,所得税计算
Consider Tax Exemption Declaration,考虑税务豁免声明
Benefits,福利
Exemption,免税
Tax Setup,所得税设置
Tax & Benefits,税务和福利
Exemption Proofs,免税证明
Add items in the Item Locations table,请在拣货明细表中添加物料
Maintain Asset,保养资产
Split Asset,分割资产
Split Qty,分割数量
Target Asset,结转的资产号
Target Item Code,结转的物料号
Consumed Stock Items,耗用的库存物料
Service Expenses,服务类费用
Non Conformance,不合格报告单
Zero Balance,余额为0
This Account has '0' balance in either Base Currency or Account Currency,本科目本币或外币余额为0
Inventory Dimension,库存辅助核算
Dimension Details,辅助核算详情
Apply to All Inventory Documents,适用所有库存单据(添加辅助核算字段)
Mandatory Section,必填信息
Apply to Document,适用单据
Type of Transaction,库存变动类型(收/发)
GL Entry Processing Status,生成会计凭证状态
Use Company default Cost Center for Round off,使用公司默认小数精度尾差成本中心
Only Include Allocated Payments,仅含已分配(核销)付款
Changes,找零
Payment Terms from orders will be fetched into the invoices as is,发票付款计划（明细）取自订单
Journals,日记账凭证
Rows with Same Account heads will be merged on Ledger,相同科目会被自动合并
Split Early Payment Discount Loss into Income and Tax Loss,将提前付款折扣分解为收入与税损失
Account Currency (From),源科目货币
Account Currency (To),目标科目货币
Source Exchange Rate,源汇率
Repost Payment Ledger,收付款台账重过账
Ignore Voucher Type filter and Select Vouchers Manually,忽略凭证类型，手动选择凭证
Payment Ledger Entry,收付款台账
DeLinked,已取消关联
Against Voucher No,对销凭证号
Amount in Account Currency,金额(科目货币)
No of Months (Expense),月数(费用)
Avg Rate (Balance Stock),平均成本价(库存余额)
Reserved for Production Plan,生产计划预留数量
"If checked, picked qty won't automatically be fulfilled on submit of pick list.",如勾选，拣货单提交时不自动更新拣货数量
No Outstanding Invoices found for this party,未找到待核销发票
No Unreconciled Payments found for this party,未找到待核销收付款凭证
Payment Ledger,收付款台账
Include Account Currency,包括科目货币
Company Account,总账科目
Ledger Merge,科目合并
Accounts to Merge,待合并科目
Scheduler is inactive. Cannot merge accounts.,后台任务进程未开启，无法合并科目
Receivable/Payable Account,应收/应付科目
Bank/Cash Account,银行/现金科目
Reconciliation Logs,核销日志
Process Payment Reconciliation Log,自动核销收付款日志
Process Payment Reconciliation,自动核销收付款
Auto Reconciliation of Payments has been disabled. Enable it through {0},请在{0}中勾选启用自动核销收付款
Start / Resume,开始 / 恢复
COGS By Item Group,按物料组销货成本
COGS Debit,销售成本(借方)
Use Batch-wise Valuation,按批号计算成本
"FIFO Stock Queue (qty, rate)",先进先出队列(数量，单价)
Start Reposting,执行成本价追溯调整记账
Reposting has been started in the background.,成本价追溯调整记账已在后台运行
Amount Difference with Purchase Invoice,采购发票价差
Remove Failed Jobs,删除运行出错的任务
Are you sure you want to remove all failed jobs?,确定删除所有运行出错的任务?
Scheduler: Active,后台任务:运行中
Scheduler: Inactive,后台任务:未运行
Are you sure you want to re-enable scheduler?,确定启动后台任务？
Enabled Scheduler,已启动后台任务
Failed to enable scheduler: {0},启动后台任务 {0} 失败
Incorrect Stock Value Report,异常物料凭证结余金额
Stock Ledger Invariant Check,物料凭证与会计凭证差异表
Creation,创建日期
Batchwise Valuation,启用批号成本
Consumption Rate,出库成本价
(A) Qty After Transaction,(A) 变更后数量
(B) Expected Qty After Transaction,(B) 预期变更后数量
(C) Total qty in queue,(C) 队列中总数量
(D) Balance Stock Value,(D) 库存余额
(E) Balance Stock Value in Queue,(E) 队列中库存余额
(H) Valuation Rate,(H) 成本价
Advance payments allocated against orders will only be fetched,仅获取关联了订单的预付款
Adjustment Against,源单
Finished Good Quantity ,成品数量
No Unreconciled Invoices and Payments found for this party and account,未找到待核销发票与收付款凭证
Disable Document Sharing,禁用单据表单/详情界面左侧栏分享功能
Login with email link,启用邮件中链接登录
"Allow users to log in without a password, using a login link sent to their email",允许用户点击邮件中的链接不输密码登录系统
Telemetry,系统使用情况上报
Allow Sending Usage Data for Improving Applications,允许发送用于系统改进的使用情况数据
Get Customer Group Details,获取客户组信息
Create Link,创建关联
Successfully linked to Supplier,成功关联了供应商
Successfully linked to Customer,成功关联了客户
Over Order Allowance (%),超框架订单容差(%)
This form is not editable due to a Workflow.,此表单因工作流状态不能被编辑。
Opening & Closing,POS机交接班
POS Closing Entry,POS机接班
POS Opening Entry,POS机交班
Create POS Opening Entry,创建POS接班记录
"Search by item code, serial number or barcode",按物料号，序列号，批号搜索
Select item group,选择物料组
Add Discount,折扣
Item Code: {0} is not available under warehouse {1}.,仓库 {1} 中无此物料 {0}。
Edit Cart,返回购物车
Email Receipt,邮件发送收据
Sold by,售货员
Recent Orders,最近订单
Validate Stock on Save,保存时检查库存
Write Off Limit,抹零限额
Auto write off precision loss while consolidation,合并时自动圆整抹零
"If enabled, the consolidated invoices will have rounded total disabled",如勾选合并后的发票禁用小数精度尾差
POS Search Fields,POS机搜索字段
POS Field,POS机字段
Page Size,纸张大小
Please check either with operations or FG Based Operating Cost.,有工艺路线与启用计件成本两个勾选字段必须二选一
Row #{0}: Please select Item Code in Assembly Items,装配件明细第 {0} 行，请输入物料号(请先点获取待生产成品物料按钮)
Please fill the Material Requests table,请先点获取物料需求
Items to Manufacture are required to pull the Raw Materials associated with it.,需有装配件或子装配件明细后才可计算采购原材料需求。
Get Stock,导出库存数据
"As there are sufficient raw materials, Material Request is not required for Warehouse {0}.",因仓库 {0} 有足够库存，未生成物料需求。
Rounding Loss Allowance,小数精度尾差限额
Gain/Loss already booked,已记账损益
New Balance In Account Currency,科目货币新余额
Gain/Loss accumulated in foreign currency account. Accounts with '0' balance in either Base or Account currency,外币累计损益，
"Only values between [0,1) are allowed. Like {0.00, 0.04, 0.09, ...}
Ex: If allowance is set at 0.07, accounts that have balance of 0.07 in either of the currencies will be considered as zero balance account","限0到1之间，如0.04，0.09
举例 尾差限额0.07，本币或外币余额小于0.07时被视为余额为0"
Next Quarter,下季度
Client Secret,客户端秘钥
Allow existing Serial No to be Manufactured/Received again,允许现有序列号重新生产及入库
Enable Automatic Party Matching,启用自动匹配往来单位
Auto match and set the Party in Bank Transactions,银行交易流水提交时自动匹配并填写往来单位字段
Banking,银行
Ignore Closing Balance,忽略期末库存余额
For quantity {0} should not be greater than allowed quantity {1},成品数量 {0} 不能大于剩余可入库数量 {1}
Cannot change to/from autoincrement autoname in Customize Form,定制表单不支持修改自增编号
Can only change to/from Autoincrement naming rule when there is no data in the doctype,仅在单据类型无数据时修改自增编号
Sort Options,按选项值排序
Consolidate Sales Order Items,合并物料
No Work Orders were created,无待创建的生产工单
Get Outstanding Orders,选未关闭订单
Is Group Warehouse,是父仓库
Transit,中转
Account Closing Balance,科目结账余额
Financial reports will be generated using GL Entry doctypes (should be enabled if Period Closing Voucher is not posted for all years sequentially or missing) ,如果之前年度未按顺序或没做过期末结账凭证，请勾选，这样财务报表数据源就是总账明细而不是上年余额加本年明细
Submit ERR Journals?,直接提交自动创建的汇率重估日记账凭证
Use Company Default Round Off Cost Center,使用公司默认小数精度尾差成本中心
Packed Qty,装箱数量
Row {0}: Packed Qty must be equal to {1} Qty.,第 {0} 行：装箱数量必须与 {1} 数量相等
Add to Prospect,关联意向客户
Add Lead to Prospect,线索关联意向客户
Leads,线索
Invalid Account,无效科目
Row {0}: Cost Center {1} does not belong to Company {2},第 {0} 行 ：成本中心 {1} 不是公司 {2} 的有效成本中心
A template with tax category {0} already exists. Only one template is allowed with each tax category,每个税种只能分派一个税费模板， 税种 {0} 已分派了税费模板
RQ Job,RQ后台任务
RQ Worker,RQ后台进程
Worker Information,进程信息
Successful Job Count,成功任务数量
Failed Job Count,失败任务数量
Worker Name,进程名
Total Working Time,总进程时间
Last Heartbeat,上一次心跳
Utilization %,利用率%
Job Info,任务信息
Job Name,任务名
Job Status,任务状态
Time Taken,运行时间
Started At,开始时间
Ended At,结束时间
This is a virtual doctype and data is cleared periodically.,这是个虚拟单据，数据会被定期清理
queued,已进入队列
started,已开始
deferred,已延迟
scheduled,已排程
canceled,取消
Are you sure you want to remove the {0} filter?,你确定要删除过滤条件 {0}？
Sets 'Reserve Warehouse' in each row of the Supplied Items table.,为委外原材料表设置预留仓库
Function {0} is not whitelisted.,方法 {0} 申明前未添加@frappe.whitelist()装饰器
Method Not Allowed,方法不可调用
Show Currency Symbol on Right Side,在金额右边显示货币符号
Add Local Holidays,添加国家公众假期
Set Landed Cost Based on Purchase Invoice Rate,到岸成本(采购入库)以采购发票价为准
Users can enable the checkbox If they want to adjust the incoming rate (set using purchase receipt) based on the purchase invoice rate.,勾选后采购发票与采购入库的价差会自动(追溯)结转到采购入库时的库存成本
All these items have already been Invoiced/Returned,所有物料已经开票/被退货
Filter by Reference Date,按参考日期过滤
To Reference Date,参考日期止
Auto Reconcile,自动核销
Unreconcile Transaction,取消银行交易流水核销
Please add the Bank Account column,请包括银行户头Bank Account字段
Party Name/Account Holder (Bank Statement),往来单位名/银行户头(银行对账)
Party Account No. (Bank Statement),往来单位银行账号(银行对账)
Party IBAN (Bank Statement),往来单位iban(银行对账)
Let's set up your account,设置账号
Setup your organization,设置公司
No {0} found with matching filters. Clear filters to see all {0}.,"未找到匹配当前筛选条件的{0},请清除筛选条件后查看全部{0}"
"If ""Months"" is selected, a fixed amount will be booked as deferred revenue or expense for each month irrespective of the number of days in a month. It will be prorated if deferred revenue or expense is not booked for an entire month",如果选择“月”，则无论一个月的天数如何，都会将固定金额记录为每个月的递延收入或费用。如果整个月未记录递延收入或费用，则将按比例分配
"If this is unchecked, direct GL entries will be created to book deferred revenue or expense",不勾选时系统直接创建递延收入/费用会计凭证
Allows to keep aside a specific quantity of inventory for a particular order.,允许为特定订单保留特定数量的库存
You changed the value of {0},你更改了 {0}
You changed the value of {0} {1},你变更了 {0} {1}
Custom HTML Block,自定义HTML块
Connected App,关联应用
Token Cache,Token缓存
No filters selected,未选择过滤条件
Add a Filter,添加筛选
Sales Contributions and Incentives,销售贡献和激励措施
Newly created user {0} has no roles enabled.,新创建的用户 {0} 未启用任何角色
Roles & Permissions,角色和权限
User Details,用户详细信息
Desk Theme,桌面主题
Automatic,自动
Desk Settings,桌面设置
Apply Filters,应用筛选
Overview,概况
Company Details,公司信息
Attendance & Leaves,出勤和休假
Passport Details,护照信息
Exit Interview Held On,离职面谈时间
Address used to determine Tax Category in transactions,业务交易用于决定税别的地址
The following values do not exist for {0}: {1},以下单据 {0}：{1} 不存在
Value Based Inspection,检测结果
Create Stock Entry,新建物料移动
Expense Head Changed,费用科目已被修改
{0} {1} has already been fully paid.,{0} {1} 已完全付款
Row #{0}: Allocated amount:{1} is greater than outstanding amount:{2} for Payment Term {3},第 {0} 行：付款条款 {3} 的已分配金额 {1} 大于未付金额 {2}。
{0} {1} has already been partly paid. Please use the 'Get Outstanding Invoice' or the 'Get Outstanding Orders' button to get the latest outstanding amounts.,{0} {1} 已被部分付款，请点击 选未付发票 或 选未关闭订单 按钮获取最新未付单据
Row #{0}: Acceptance Criteria Formula is required.,第 {0} 行：请维护标准要求条件公式
Missing Formula,未维护公式
Invalid Formula,公式不正确
Row #{0}: {1} is not a valid reading field. Please refer to the field description.,第 {0} 行：{1} 是无效的检测结果读数字段，详见公式字段底下的说明
Row #{0}: Acceptance Criteria Formula is incorrect.,第 {0} 行的标准要求条件公式不正确
Status set to rejected as there are one or more rejected readings.,质检单状态因一个或多个检验项检验结果读数与标准要求不符已被改为拒绝
Value Details,详情
Show {0} List,查看 {0} 清单
Edit Filters,编辑过滤条件
Is Fully Depreciated,已完全折旧
Drag and drop files here or upload from,拖入文件或点以下按钮上传
Set all private,设为私有
Set all public,设为公共
Type a reply / comment,输入回复或评论
Deferred Accounting,递延账户
Redo,恢复
Dashboard View,数据面板视图
Internal,内部
Login with email link expiry (in minutes),邮箱链接登录过期时间（分钟）
"Provide a list of allowed file extensions for file uploads. Each line should contain one allowed file type. If unset, all file extensions are allowed. Example: <br>CSV<br>JPG<br>PNG",提供允许上传文件类型的列表。每行填写一种文件扩展名。如果留空，则不限制上传文件类型。例如： <br>CSV<br>JPG<br>PNG
Login with Email Link,通过邮箱链接登录
Items Catalogue,物料
Multi-level BOM Creator,多级物料清单创建工具
Item Code (Final Product),成品物料号
Final Product,成品
Finished Good Qty,成品数量
No of Months (Revenue),月数（收)
Serial and Batch Bundle,序列号与批号
Rejected Serial and Batch Bundle,被拒的序列号与批号
WIP Composite Asset,在建工程资产号
Stock Reserved Qty (in Stock UOM),预留库存(库存单位)
Show Preview,预览
Reset Layout,重置
Reset All Customizations,恢复标准设置
Customer Portal Users,客户门户网站用户
Supplier Portal Users,供应商门户网站用户
Portal User,门户网站用户
Portal Users,门户网站用户
Is Alternative,是替代
"While making Purchase Invoice from Purchase Order, use Exchange Rate on Invoice's transaction date rather than inheriting it from Purchase Order. Only applies for Purchase Invoice.",从采购订单下推采购发票时，取发票日汇率而不是复制采购订单的汇率
Daily Time to send,每天发送
Weekly Time to send,每周发送
Tax Amount will be rounded on a row(items) level,税额按每个物料行分别取整
Serial and Batch Reservation,序列号与批号预留
Serial and Batch Nos will be auto-reserved based on <b>Pick Serial / Batch Based On</b>,如勾选，会自动将已选择的<b>序列号/批号</b>设置为已预留库存
Create your workflow visually using the Workflow Builder.,可视化拖拽创建工作流
Create or Edit Workflow,创建或修改工作流
Server Scripts are disabled. Please enable server scripts from bench configuration.,服务器(python)脚本已禁用，可通过后台bench命令 bench set-config -g server_script_enabled 1 启用
Default Advance Account,默认预付账款科目
Book Advance Payments in Separate Party Account,启用预收/付款科目
Repeat Header and Footer,非首页也显示页首页尾
You changed the values for {0} {1},你变更了 {0} {1}
You changed the values for {0},你变更了 {0}
{0} changed the values for {1},{0} 更改了 {1} 的值
You submitted this document {0},你提交了 {0}
You submitted this document,你提交了本单据
{0} submitted this document,{0} 提交了本单据
{0} cancelled this document,{0} 取消了本单据
{0} submitted this document {1},{0} 提交了 {1}
You last edited this,你最新修订了本单据
{0} last edited this,{0} 最新修订了本单据
You created this,你创建了本单据
{0} created this,{0} 创建了本单据
{0} changed the value of {1} {2},{0} 变更了 {1} {2}
{0} changed the value of {1},{0} 变更了 {1}
Deleting {0} records...,删除 {0} 笔单据...
Deleting {0}...,删除 {0} 笔单据...
You attached {0},你添加了附件 {0}
{0} attached {1},{0} 添加了附件 {1}
"Hide Sidebar, Menu, and Comments",隐藏左边栏，菜单及评论
Remind Me In,提醒频率
30 minutes,半小时
1 hour,1小时
4 hours,4小时
1 Day,1天
Reminder set at {0},已设置在 {0} 时提醒
Force Web Capture Mode for Uploads,上传时强制使用网页上传模式
"When uploading files, force the use of the web-based image capture. If this is unchecked, the default behavior is to use the mobile native camera when use from a mobile is detected.",上传文件时强制使用网页上传图片机制，如未勾选，如侦测是移动设备则默认使用移动设备照相机
Rounding Method,圆整方式
Banker's Rounding,银行圆整
Commercial Rounding,商业圆整
Expected Time Required (In Mins),预计时间(分钟)
Add Serial / Batch No,添加序列号/批号
Add Serial / Batch Bundle,添加序列号/批号
Add Serial / Batch No (Rejected Qty),添加序列号/批号(拒收数量)
Reload Report,重新加载报表
Send Attached Files,发送上传的附件
Send Document Print,发送打印的pdf附件
Stock Reservation Entry,库存预留单
Service Level Name,服务水平协议名
Assignment Conditions,分派条件
Response and Resolution,响应与解决方案
Apply SLA for Resolution Time,服务水平基于解决时间
Status Details,状态信息
SLA Fulfilled On,服务水平协议计时
SLA Paused On,服务水平协议计时暂停
"Database Table Row Size Utilization: {0}%, this limits number of fields you can add.",数据库表每行空间利用率：{0}%，利用率影响可以添加的字段数
Database Row Size Utilization,数据库表行空间利用率
HR & Payroll Settings,人资与薪酬设置
Asset Activity,资产日志
Audit Trail,审计轨迹
Repost Accounting Ledger,会计凭证更新台账
Unreconcile Payment Entries,取消收付款核销
Asset Depreciation Schedule,固定资产折旧计划
Depreciation Details,折旧详情
Auto follow documents that you create,自动关注你创建的单据
Auto follow documents that you comment on,自动关注你评论的单据
Auto follow documents that you Like,自动关注你喜欢的单据
Auto follow documents that are assigned to you,自动关注分派给你的单据
Auto follow documents that are shared with you,自动关注分享给你的单据
Reserved Stock,已预留库存
Show Disabled Warehouses,显示已禁用仓库
Print document,打印单据
Queue in Background (BETA),启用后台提交(试验功能)
Enabling this will submit documents in background,启用后台任务执行提交操作，避免单据明细行多，运算量大前台执行超时
Indicator color,指示器颜色(快捷方式右上角数字)
Cyan,蓝绿色
Gray,灰色(美式)
Pink,粉红色
Search for icons...,搜索图标...
Add Columns in Transaction Currency,显示交易货币金额
Add Card to Dashboard,添加到仪表板
Show net values in opening and closing columns,期初/末栏显示净值
Filter on Invoice,筛选发票
Filter on Payment,筛选付款
Salvage Value Percentage,残值%
Consumed Assets,耗用的资产
Approximately match the description/party name against parties,通过描述及往来单位名模糊匹配往来单位
Hiring Count,招聘数
Attrition Count,离职数
HR Dashboard,人资数据面板
Claims,报销
Dates & Reason,日期与原因
Approval,审批
Unclaimed Amount,未报销金额
Exit Questionnaire,离职问卷
Interview Details,面谈详情
Interviewers,面谈人
Employee Retained,留下
Exit Confirmed,确认离职
Shifts,班次
Shift Attendance,班次考勤
Application,申请
Employee Performance Feedback,员工绩效反馈
Employee Feedback Criteria,员工反馈标准
Appraisal Cycle,绩效评估周期
Appraisal Overview,绩效评估概览
Promotion,晋升
Set the properties that should be updated in the Employee master on promotion submission,提交晋升时修改员工主数据
Add Employee Property,添加待更新的员工主数据字段
Current CTC,当前工资
Reviewer,评审人
Added On,反馈日期
Not Specified,未指定
Accepted,已接受
Vehicle Service Item,车辆服务项
Repay Unclaimed Amount from Salary,超报销金额应退还预支从工资扣除
Earnings & Deductions,收入与扣除
Accounting & Payment,会计与付款
Payroll Payable Account,应付工资科目
Filter Employees,筛选员工
Working Days and Hours,工作日与上班时间
Show Leave Balances in Salary Slip,在工资单上显示休假余额
Process Payroll Accounting Entry based on Employee,应付工资按员工记账
"If checked, Payroll Payable will be booked against each employee",如勾选，应付工资按员工记账
"If enabled, total no. of working days will include holidays, and this will reduce the value of Salary Per Day",如勾选，总工作日包括假期，日工资则相应减少
Employee Naming By,员工号编号规则
Employee records are created using the selected option,员工号会基于选择的规则自动生成
Retirement Age (In Years),退休年龄
Reminders,提醒
Leave and Expense Claim Settings,休假与费用报销设置
Birthdays,生日
Set the frequency for holiday reminders,假期提醒频率
Send Interview Reminder,发送面试提醒
Send Interview Feedback Reminder,发送面试反馈提醒
Employee Exit Settings,员工离职设置
Exit Questionnaire Web Form,离职问卷网页模板
Exit Questionnaire Notification Template,离职问卷通知模板
Total Contribution Amount Against Orders: {0},总订单金额贡献 {0}
Total Contribution Amount Against Invoices: {0},总发票金额贡献 {0}
Shortcut,快捷方式
Spacer,空白分隔线
Choose a block or continue typing,选择一个模板或输入文字
Onboarding Name,使用向导名
Age ({0}),天数 ({0})
Payroll Reports,薪资报表
Custom Block Name,自定义HTML块
Please select a supplier for fetching payments.,请选择一个供应商以获取付款台账信息
Show Ledger View,显示单个供应商付款台账
Job Card Scheduled Time,生产任务单计划工时
Scheduled Time Logs,计划工时
Qty In Stock,实际库存数量
"Level 0 is for document level permissions, higher levels for field level permissions.",级别0为单据级权限，大于0为字段级权限。
Serial and Batch No,序列号与批号
Serial and Batch,序列号与批号
Serial / Batch No,序列号/批号
Serial / Batch Nos,序列号/批号
Avg Rate,平均单价
Scan Batch No,扫批号
Attach CSV File,上传CSV文件
Download CSV Template,下载CSV文件模板
Batch Nos,批号
Batch Nos are created successfully,已成功创建批号
Is Rejected,已拒收
Serial and Batch Summary,序列号与批号报表
Batch Qty,批号数量
Serial and Batch Entry,序列号与批号明细
Subcontracting BOM,委外物料清单
Payment Reconciliation Allocation,收付款核销分派
Bulk Transaction Log,批量操作日志
Bulk Transaction Log Detail,批量操作日志明细
BOM Creator Item,物料清单创建工具明细
{0} {1} via CSV File,通过上传CSV文件 {0} {1}
Create New DocType,创建新单据类型
Fetch on Save if Empty,保存时仅字段为空才赋值
"If unchecked, the value will always be re-fetched on save.",如不勾选则每次保存单据时都刷新本字段值
Add tab,添加页签
Drag & Drop a section here from another tab,从另一个页签拖拽一个分区(段)到这里
Include Default FB Entries,包括默认账簿分录
Total Other Charges,总其它费用
Revaluation Journals,汇率重估日记账凭证
Blanket Order Allowance (%),框架订单超量控制(％)
Percentage you are allowed to sell beyond the Blanket Order quantity.,允许订单数量超过框架订单数量的%
Login Page,登录页
Footer Details,页脚详情
"Footer ""Powered By""","页脚""技术支持""信息"
Account Deletion Settings,账号删除设置
"Header, Robots",页首，机器人
Splash Image,启动图像
Exact Copies,总查询次数
Normalized Copies,基础查询(剔除查询参数)次数
Stack Trace,调用栈
SQL Explain,SQL解析
Time in Queries,查询执行时长
Form Dict,请求参数字典
Outgoing Server,发送邮件服务器
Incoming Server,接收邮件服务器
Use different Email ID,使用别的邮箱账号
Alternative Email ID,别的邮箱账号
Brand Logo,品牌图标
App Logo,应用图标
"Link that is the website home page. Standard Links (home, login, products, blog, about, contact)",指向网站主页的链接。通常包括一些标准使用入口(登录，产品，博客，关于，联系人)
Use STARTTLS,使用TLS
Folder Name,目录名
IMAP Folder,收件箱目录
Plan operations X days in advance,提交工单时最多提前多少天自动创建生产任务单
"Partial stock can be reserved. For example, If you have a Sales Order of 100 units and the Available Stock is 90 units then a Stock Reservation Entry will be created for 90 units. ",允许预留部分订单数量，如库存数量90个，订单数量100个，允许为订单创建数量为90个的预留单
Get Backup Encryption Key,获取备份秘钥
Backup Encryption Key,备份秘钥
Percentage you are allowed to order beyond the Blanket Order quantity.,允许订单数量超关联的框架订单数量的百分比
Reposting Data File,追溯调整数据文件
Debit Amount in Transaction Currency,借方(交易货币)
Credit Amount in Transaction Currency,贷方(交易货币)
The parent account {0} does not exists in the uploaded template,上传模板中父科目 {0} 不存在
Serial / Batch Bundle,序列号/批号
Serial and Batch Details,序列号/批号详情
"If checked, Stock will be reserved on <b>Submit</b>",勾选后，在订单<b>提交</b>时会创建库存预留
"On checking this option, URL will be treated like a jinja template string",勾选后网址是可内嵌变量的jinja模板字符串
Meets Condition?,满足条件?
Request Body,请求内容
Incoming Settings,收邮件设置
Outgoing Settings,发邮件设置
Please contact any of the following users to extend the credit limits for {0}: {1},请联系以下人员为客户 <b>{0}</b> 增加信用额度：{1}
Bypass credit check at Sales Order,销售订单不检查信用额度
Depreciate based on daily pro-rata,按折旧日天数占比计提当月折旧
Rename Fieldname,修改字段名
You changed {0} to {1},你更改了 {0} 为 {1}
No outstanding {0} found for the {1} {2} which qualify the filters you have specified.,未找到符合指定筛选条件的 {1} {2} 的未付 {0}。
Update Hooks Resolution Order,更新应用钩子解析顺序
{0} {1} is not in any active Fiscal Year,{0} {1} 不在有效财年中
Errors Notification,出错通知
Notify Reposting Error to Role,接收成本追溯调整出错通知的角色
"Previous Year is not closed, please close it first",请先关闭以前财年。
Books have been closed till the period ending on {0},截止到 {0} 的会计记账已关闭
Period Closed,会计期间已关闭
Transaction Exchange Rate,汇率(交易货币)
Remarks Column Length,备注(摘要)文本长度
Truncates 'Remarks' column to set character length,截取指定长度的摘要内容
Log DocType,日志单据类型
Amended Documents,修订后单据
"Configure how amended documents will be named.<br>

Default behaviour is to follow an amend counter which adds a number to the end of the original name indicating the amended version. <br>

Default Naming will make the amended document to behave same as new documents.","设置修订后单据编号规则
默认规则是在被修订单据编号基础上添加修订次数(版本)后缀
选择默认单据编号规则时修订后的单据会重新生成下一个新单据编号"
Default Amendment Naming,默认修订后单据编号方式
Amend Counter,修订次数后缀
Default Naming,默认单据编号规则
Amendment Naming Override,修改后单据编号方式重定义
Update Amendment Naming,更新修订后单据编号方式
Financial Ratios,财务指标
Ratios,指标
Net Profit Ratio,净利润率
Return on Asset Ratio,资产收益率
Return on Equity Ratio,股东权益收益率
Inventory Turnover Ratio,存货周转率
Generate Demo Data for Exploration,生成供学习体验的样板数据
"If checked, we will create demo data for you to explore the system. This demo data can be erased later.",勾选后系统会为您生成供学习探索的样板数据，样板数据使用过后可被清除
Subcontracting Order (Draft) will be auto-created on submission of Purchase Order.,采购订单提交时自动创建委外订单（草稿）
Purchase Receipt (Draft) will be auto-created on submission of Subcontracting Receipt.,委外入库提交时自动创建委外采购入库（草稿）
Pick Serial / Batch Based On,自动选序列号/批号规则
Expiry,到期日
You cannot create a {0} within the closed Accounting Period {1},不能在已关闭会计期间 {1} 创建 {0}
System will not check over billing since amount for Item {0} in {1} is zero,因为 {1} 中的物料 {0}  金额为0系统无法进行超额开票防错检查
Voucher Subtype,源凭证业务类型
In Party Currency,往来单位货币
Depreciate based on shifts,按班次折旧
This schedule was created when Asset {0} was scrapped.,针对固定资产 {0} 报废的折旧计划已创建
This schedule was created when Asset {0} was restored.,针对固定资产 {0} 恢复的折旧计划已创建
This schedule was created when Asset {0} was adjusted through Asset Value Adjustment {1}.,因资产价值调整 {1}已创建固定资产 {0} 折旧计划
This schedule was created when Asset {0}'s Asset Value Adjustment {1} was cancelled.,因取消资产价值调整 {1} 已创建固定资产 {0} 折旧计划
This schedule was created when Asset {0} was returned through Sales Invoice {1}.,因经由销售发票 {1} 退回，已创建固定资产{0} 折旧计划
This schedule was created when Asset {0}'s shifts were adjusted through Asset Shift Allocation {1}.,因按班次分派{1}，固定资产{0}折旧计划已更新
Asset's depreciation schedule updated after Asset Shift Allocation {0},因按班次分派{0}，固定资产折旧计划已更新
This schedule was created when Asset {0} was consumed through Asset Capitalization {1}.,因被耗用在资产资本化{1}中，已为资产{0} 创建折旧计划
This schedule was created when Asset {0} was restored on Asset Capitalization {1}'s cancellation.,因取消资产资本化{1}，已为资产{0} 创建折旧计划
Asset capitalized after Asset Capitalization {0} was submitted,资产资本化{0} 增加了资产价值
Asset restored after Asset Capitalization {0} was cancelled,因取消资产资本化{0} 恢复了资产价值
Consumed Stock Total Value,耗用的库存金额
Consumed Asset Total Value,耗用的资产金额
Service Expense Total Amount,耗用的服务金额
Total Value,总金额
The number of seconds until the request expires,请求逾期时间(秒)
Is Dynamic URL?,是动态网址?
Is Stock Item,是库存物料
Repost Accounting Ledger Settings,过账可改科目单据设置
Delete Cancelled Ledger Entries,删除被取消凭证
Repost has started in the background,会计凭证更新任务在后台执行中
Cannot Resubmit Ledger entries for vouchers in Closed fiscal year.,不允许在已关闭财年更新会计凭证
Documents: {0} have deferred revenue/expense enabled for them. Cannot repost.,单据 {0} 已启用递延收入/费用，无法重新过账。
Deferred Accounting Defaults,默认递延科目
Manual entry cannot be created! Disable automatic entry for deferred accounting in accounts settings and try again,请到会计设置-递延记账设置中取消勾选自动生成递延日记账凭证后再使用本功能（手工创建递延凭证）
Show with upcoming revenue/expense,显示未来收入/费用
Actual Posting,实际过账金额
Expected,预期金额
No matches occurred via auto reconciliation,无待核销单据
Auto Reconciliation,自动核销
General and Payment Ledger Comparison,总账与收付款台账对比
Repeat on Days,自动重复日
Generate Invoice At,发票生成时机
End of the current subscription period,当前订阅期间结束
Beginning of the current subscription period,当前订阅期间开始
Days before the current subscription period,当前订阅期间前几天
Number of Days,几天
Inter Company Purchase Order,关联公司采购订单
Unrealized Profit / Loss account for intra-company transfers,公司内部交易未实现损益科目
Please select Unrealized Profit / Loss account or add default Unrealized Profit / Loss account account for company {0},请在单据中维护公司内部交易未实现损益科目，或在公司 {0} 主数据中维护相应的默认科目
Fetch Based On,获取方式
Pick Serial / Batch No,选序列号 / 批号
Show Processlist,显示进程清单
Apply restriction on dimension values,针对辅助核算值作限制
Repost Error Log,重过账错误日志
Repost Status,重过账状态
Repost Payment Ledger Items,收付款台账重过账明细
Repost started in the background,重过账已在后台任务中运行
Repost in background,在后台任务运行重过账
Reposting in the background.,重过账后台任务运行中
Additional Asset Cost,额外资产成本
Item Warehouse based reposting has been enabled.,已启用按物料进行成本追溯调整
Convert to Item Based Reposting,启用按物料进行成本追溯调整
Enable Prepared Report,允许后台运行报表
FIFO Queue vs Qty After Transaction Comparison,先进先出队列与交易后数量比较报表
Include filters,包括过滤条件
Finished Good BOM,成品物料清单
Current Serial / Batch Bundle,当前序列号/批号
Tax Masters,税
Normalized Query,规范化查询
Ledgers,账
Consider Minimum Order Qty,考虑最小订单数量
Accounting Dimensions Filter,辅助核算过滤条件
UnReconcile,取消核销
Allocations,分派
Link Field Results Limit,链接字段下拉显示笔数（默认10，最大50）
Show Only Failed Logs,只显示出错信息
Expected Stock Value,预期库存金额
Valuation Rate (In / Out),成本价(入 / 出)
Is Adjustment Entry,是调整记录
Auto Created Serial and Batch Bundle,自动创建序列号/批号
Stock Ledger Variance,物料凭证差异报表
Fixed Rate,固定单价
Based On Price List,基于价格表
Is Period Closing Voucher Entry,是期末结账凭证
Overdue Payments,逾期待付款
Overdue Payment,逾期待付款
Fetch Overdue Payments,逾期待付款
Dunning Amount (Company Currency),催款金额(公司本币)
For dunning fee and interest,催款费用与利息
Company Address Display,公司地址
A customer must have primary contact email.,客户须有主联络邮箱
Page Break After Each SoA,按对账单分页
PDF Name,PDF文件名
No Customers found with selected options.,无满足筛选条件的客户
No billing email found for customer: {0},客户 {0} 主数据中未维护接收开票信息的邮箱
No primary email found for customer: {0},客户 {0} 主数据中未维护首选联络邮箱
Customers not selected.,未选择客户
Please save before proceeding.,请先保存
No Records for these settings.,无满足筛选条件的数据
Send Emails,发送电子邮件
Process Statement Of Accounts,客户对账单批处理
Process Statement Of Accounts Customer,客户对账单批处理客户明细
Difference Posting Date,差异记账日期
Unreconcile Payment,取消收付款核销
Asset Shift Allocation,固定资产班次分派
Asset Shift Factor,固定资产班次比率
For Value,允许值
"You are not allowed to access this {0} record because it is linked to {1} '{2}' in row {3}, field {4}",无权限访问 {0} 类型单据，第{3}行，链接字段 {4} 引用了你无权访问的 {1} '{2}'
You are not allowed to access this {0} record because it is linked to {1} '{2}' in field {3},无权限访问{0} 类型单据，链接字段 {3} 引用了你无权访问的 {1} '{2}'
Impersonate,用其它用户身份登录
Note: This will be shared with user.,此登录行为将通知对应用户
Impersonate as {0},以 {0} 身份操作
User {0} impersonated as {1},用户 {0} 以 {1} 身份登录
{0} just impersonated as you. They gave this reason: {1},{0} 因为 {1} 原因以你的帐号登录了系统
Cannot convert to Group because Account Type is selected.,科目类型字段清空后才能执行操作->转换为组
You have not entered a value. The field will be set to empty.,未输入字段值，字段值将被设为空值
Bulk Edit,批量修改
Update {0} records,更新{0}个单据
Successfully updated {0},成功更新了{0}
Depreciation cannot be calculated for fully depreciated assets,不能为已勾选已完全折旧的固定资产勾选计算折旧
Custom field renamed to {0} successfully.,已成功将自定义字段更名为{0}
{0} Not allowed to change {1} after submission from {2} to {3},{0} 提交后不允许将 {1} 从 {2} 修改为 {3}
Cannot Update After Submit,不允许提交后修改
This document is currently locked and queued for execution. Please try again after some time.,单据被后台待执行操作锁定，请稍后再试。
Account Not Found,找不到科目
"While creating account for Child Company {0}, parent account {1} found as a ledger account.",在为子公司{0}创建科目时，发现父科目{1}是一个未勾选是组的记账科目。
Use Serial No / Batch Fields,启用明细行批号与序列号字段
"On submission of the stock transaction, system will auto create the Serial and Batch Bundle based on the Serial No / Batch fields.",勾选后物料移动相关单据提交时系统会基于明细行中的批号与序列号自动创建序列号/批号主数据
"If enabled, do not update serial / batch values in the stock transactions on creation of auto Serial 
 / Batch Bundle. ",如勾选，物料移动相关单据自动创建序列号/批号时不同步明细行的序列号与批号字段
Scan Serial No,扫序列号
"Don't encode HTML tags like &lt;script&gt; or just characters like &lt; or &gt;, as they could be intentionally used in this field",允许字段内容为原生html，即无须对&lt;script&gt;这样的 HTML 标签或者&lt; 或 &gt; 这样的字符进行编码/转义如& lt;
Duplicate field,复制字段
Remove field,删除字段
Add section below,添加段
Remove section,删除段
Move sections to new tab,移动段到新页签
Add column,添加栏
Move current and all subsequent sections to a new tab,移动当前及以下段到新页签
Remove all fields in the column,删除本栏全部字段
Remove last column,删除最后一栏
Select a field to edit its properties.,选择字段在此编辑属性
Double click to edit label,双击修改标签
Add new tab,添加新页签
Are you sure you want to delete the section? All the columns along with fields in the section will be moved to the previous section.,确定删除段？本段所有栏及字段将被移到前一个段
Delete entire section with fields,删除段及其包含的字段
Search properties...,搜索属性
Search fieldtypes...,搜索字段类型
Section must have at least one column,段至少须包括一栏
Section,段
No Select Field Found,无生成看板列所需的单选字段
Reference No,参考编号
Posting Datetime,记账日期时间
Descendants Of (inclusive),子节点(含本节点)
Queued By,队列创建者
Job ID,任务ID
Finished At,完成时间
Consider Rejected Warehouses,考虑退货仓
Enable it if users want to consider rejected materials to dispatch.,需从退货仓拣料时勾选
Create or Edit Print Format,创建或修改打印格式
With Period Closing Entry For Opening Balances,期初包括期末结账凭证
Period Closing Entry For Current Period,借贷方包括期末结账凭证
Debit (Transaction),借方(交易货币)
Credit (Transaction),贷方(交易货币)
Journal Entries,日记账凭证
Exchange Gain/Loss amount has been booked through {0},自动生成了汇兑损益日记帐凭证{0}
Update Billed Amount in Purchase Order,更新采购订单开票金额
Update Billed Amount in Purchase Receipt,更新采购入库开票金额
Update Billed Amount in Sales Order,更新销售订单开票金额
Update Billed Amount in Delivery Note,更新销售出库开票金额
Item Group wise Discount,物料组折扣
Customer / Item / Item Group,客户 / 物料 / 物料组
No Roles Specified,未分派角色
Document is only editable by users with role,只有具有角色的用户才能编辑文档
by Role,角色
Next actions,审批动作
Number Card,数字卡
Number Card Name,数字卡名称
Custom Blocks,自定义块
Workflow Builder,工作流设计器
Edit your workflow visually using the Workflow Builder.,使用工作流设计器可视化编辑工作流
"NOTE: If you add states or transitions in the table, it will be reflected in the Workflow Builder but you will have to position them manually. Also Workflow Builder is currently in <b>BETA</b>.",说明：通过以下子表添加的状态和转换规则也会体现在工作流设计器图形界面中，但需手工调整位置。工作流设计器目前尚在<b>试用阶段</b>
Show all activity,显示全部日志
Updating Email Queue Statuses. The emails will be picked up in the next scheduled run.,更新邮件队列状态中...，邮件将在下一次定时执行的邮件发送任务中发出
"If left empty, the default workspace will be the last visited workspace",如果不勾选，默认工作区为最后一次访问的工作区
Schedule Send At,定时发送
Prepend the template to the email message,将模板内容追加到邮件正文(消息)
Clear the email message and add the template,模板内容覆盖邮件正文(消息)
Crop,裁切
Enabling this option will allow you to record - <br><br> 1. Advances Received in a <b>Liability Account</b> instead of the <b>Asset Account</b><br><br>2. Advances Paid in an <b>Asset Account</b> instead of the <b> Liability Account</b>,勾选后，收到预付款记负债而非资产科目，支付预付款记资产而非负债科目
Drag to add state,拖拽添加状态
Reset Changes,放弃修改
Fit,自适应
Transition Properties,状态转换属性
Workflow Details,工作流详情
Search or type a command,搜索或输入命令
Job Capacity,生产任务单产能
Workstation Status,工站状态
Status Illustration,状态图样
Active Status,在产状态
Inactive Status,停机状态
Plant Floor,车间
Floor,车间
Job Cards,生产任务单
Page Height (in mm),页高(毫米)
Page Width (in mm),页宽(毫米)
PDF Page Height (in mm),PDF页高(毫米)
PDF Page Width (in mm),PDF页宽(毫米)
Remove column,移除列
Empty column,空列
+ Add / Remove Fields,添加/移除字段
SO Total Qty,销售订单总数量
Workspace Custom Block,工作区自定义html块
Workspace Number Card,工作区数字卡
Asset Capitalization Service Item,资产资本化服务物料
Asset Capitalization Stock Item,资产资本化库存物料
Transaction Deletion Record Details,交易记录删除明细
Permission Inspector,权限调试工具
Bisect Nodes,枢纽分析表节点
Bisect Accounting Statements,会计报表枢纽分析
Repost Allowed Types,允许重过账单据类型
Recorder Query,执行记录器查询
Repost Accounting Ledger Items,重过账凭证明细
Amended Document Naming Settings,修订单据命名设置
Asset Repair Consumed Item,固定资产维修消耗物料
Process Payment Reconciliation Log Allocations,收付款核销日志分派
Web Form List Column,网页表单列表字段
Logs To Clear,待清除日志
Telephony Call Type,电话呼叫类型
Document Share Key,单据分享码
Ledger Merge Accounts,合并科目
Currency Exchange Settings Details,汇率设置明细
Currency Exchange Settings Result,汇率设置结果
Asset Capitalization Asset Item,资产资本化资产物料
Package Release,包发布
SLA Fulfilled On Status,SLA按期达成
Campaign Item,促销活动物料
Incoming Call Handling Schedule,来电回复排期
"If set, only user with these roles can access this chart. If not set, DocType or Report permissions will be used.",如勾选则仅限分派了这些角色的用户可看到本图表，否则由单据类型或报表权限控制图表是否显示
Email Threads on Assigned Document,被分派单据收到邮件
Get notified when an email is received on any of the documents assigned to you.,当分派给你的单据接收邮件时发送通知
Shared with the following Users with Read access:{0},单据分享(读权限）给了以下用户：{0}
Rate limit for email link login,通过邮件链接登录次数限制
You can set a high value here if multiple users will be logging in from the same network.,如多个用户通过相同网络登录，请设置一个大一点的数字
Store Attached PDF Document,存储PDF附件
"When sending document using email, store the PDF on Communication. Warning: This can increase your storage usage.",邮件发送单据时在沟通(时间线)记录中保存pdf附件。提醒：会耗用更多存储空间
"Customize properties, naming, fields and more for standard doctypes",为标准单据类型定制属性，编号方式，字段及更多
Group your custom doctypes under modules,将自定义单据类型按模块分类
"Monitor logs for errors, background jobs, communications, and user activity",监控出错日志，后台任务，通讯与用户操作日志
"Packages are lightweight apps (collection of Module Defs) that can be created, imported, or released right from the UI",包是可从用户界面创建、导入、或发布的包含模块的轻量级应用
Automate processes and extend standard functionality using scripts and background jobs,使用脚本与后台任务自动化流程以及扩展标准功能
"Build your own reports, print formats, and dashboards. Create personalized workspaces for easier navigation",创建自定义报表，打印格式，图表。创建个性化工作区便捷访问各个功能
Package Name,包名
License Type,软件许可证类型
Attach Package,添加包
Use First Day of Period,所选期间的第一天
"To begin the date range at the start of the chosen period. For example, if 'Year' is selected as the period, the report will start from January 1st of the current year.",例如期间为年，则为当年1月1号
"A Price List is a collection of Item Prices either Selling, Buying, or both",代表一组物料的销售价，采购价
Log the selling and buying rate of an Item,物料的销售价和采购价
"Standard Terms and Conditions that can be added to Sales and Purchases. Examples: Validity of the offer, Payment Terms, Safety and Usage, etc.",可添加到销售订单和采购订单的标准交易条款，如报价有效期，付款方式，安全要求及使用方式等
"Standard tax template that can be applied to all Purchase Transactions. This template can contain a list of tax heads and also other expense heads like ""Shipping"", ""Insurance"", ""Handling"", etc.","用于采购业务的标准税费模板，模板可包括税与费用科目如""运费""，""保险费""等"
"Standard tax template that can be applied to all Sales Transactions. This template can contain a list of tax heads and also other expense/income heads like ""Shipping"", ""Insurance"", ""Handling"" etc.","用于销售业务的标准税费模板，模板可包括税与费用科目如""运费""，""保险费""等"
An Item Group is a way to classify items based on types.,物料组用于对物料进行分类
Default settings for your stock-related transactions,库存相关业务默认设置
Automatically delete account within (hours),自动删除账号时限(小时)
Show account deletion link in My Account page,在我的账号页显示帐号删除链接
Enable Google indexing,启用谷歌索引
Hide footer signup,在帐号注册页隐藏页脚
Disable signups,禁用自助注册
New users will have to be manually registered by system managers.,新用户需由系统管理员手动创建
Show footer on login,在登录页显示页脚
Reserved Qty for Subcontract,委外预留数量
Packaging Slip From Delivery Note,创建装箱单
Edit Existing,编辑
Missing Finished Good,无成品明细行
Multiple items cannot be marked as finished item,只允许一个明细行勾选了是成品
Send To Primary Contact,发送给首选联系人
Enable Auto Email,自动发送电子邮件
From Voucher Type,源单据类型
From Voucher No,源单据编号
Reservation Based On,预留类型
Voucher Qty,单据数量
Is Rejected Warehouse,是拒收仓
"If yes, then this warehouse will be used to store rejected materials",如勾选则该仓库是检验不合格待退货的拒收仓
{} {} is already linked with {} {},{} {} 已经关联了 {} {}
{} {} is already linked with another {},{} {} 已经关联了其它 {}
Linking Failed,关联不成功
Rate Limiting,调用次数限制
Enable Rate Limit,启用调用次数限制
Request Limit,可调用次数(多少秒内)
Time Window (Seconds),时间(秒)
User {0}: Removed Employee role as there is no mapped employee.,因用户 {0} 没有关联的员工主数据，已移除了员工角色
User {0}: Removed Employee Self Service role as there is no mapped employee.,因用户 {0} 没有关联的员工主数据，已移除了员工自助服务角色
Before Rename,修改单据编号(名称)前
After Rename,修改单据编号(名称)后
Total Costing Amount (via Timesheet),总成本（工时表）
Total Billable Amount (via Timesheet),总可开票金额（工时表）
Total Billed Amount (via Sales Invoice),总已开票金额（销售发票）
Total Consumed Material Cost (via Stock Entry),总物料成本（物料移动）
Database Storage Usage By Tables,数据库表空间使用量报表
Available Batch Report,批号数量报表
Include Expired Batches,包括已失效批号
Bulk PDF Export,批量导出PDF
Your PDF is ready for download,PDF已可下载
PDF Generation in Progress,PDF文件生成中
BOM Tree,树形结构
Set Valuation Rate Based on Source Warehouse,成本价基于发料仓
Sub Assembly Item,子装配件物料号
Create Multi-level BOM,创建多级物料清单
On This Date,日期
"Report initiated, click to view status",生成报表结果的后台任务已启动，点击查看任务状态
BOM Update Initiated,物料清单更新后台任务已启动
Job Offer Term Template,工作邀请条款模板
Purpose & Amount,目的与金额
Amount of expense,费用金额
Taxes & Charges,税费
Expenses & Advances,费用与预支
KRAs,关键绩效领域
KRA vs Goals,关键绩效领域与目标
Goal Completion (%),目标完成（%）
Goal Score (weighted),目标分数（加权）
Rate Goals Manually,手工目标达成评分
Self Appraisal,自评
Ratings,评分
Reflections,回顾
{0} records are not automatically deleted.,{0} 不会被自动删除
You can change the retention policy from {0}.,可在 {0} 中设置日志保留天数让系统自动删除过期数据
Filters {0},过滤 {0}
Changing rounding method on site with data can result in unexpected behaviour.,站点已有业务数据的情况下变更圆整方式可能会产生非预期结果
Do you still want to proceed?,是否继续?
User Group Members,用户组成员
{0} Number {1} is already used in {2} {3},{0} 代码 {1} 已被 {2} {3} 占用
Serial No Ledger,序列号台帐
View Ledgers,查看台账
"{0} units are reserved for Item {1} in Warehouse {2}, please un-reserve the same to {3} the Stock Reconciliation.",仓库 {2} 中物料 {1} 已被预留了{0} ，请取消预留后再 {3} 库存调账
'{0}' account is already used by {1}. Use another account.,'{0}' 科目已被 {1} 占用. 请使用另一个科目
Aggregate a group of Items into another Item. This is useful if you are maintaining the stock of the packed items and not the bundled item,适用产品成套出售，套件物料用于计价不做库存管理，套件内物料(类似物料清单下层)管理实际库存
Deleted all documents successfully,已成功删除选择的单据
Failed to delete {0} documents: {1},未能删除 {0} 个单据: {1}
Update Outstanding for Self,更新本单未付金额
"Credit Note will update it's own outstanding amount, even if 'Return Against' is specified.",即使指定'源单'，在本单处理付款与核销
"We can see {0} is made against {1}. If you want {1}'s outstanding to be updated, uncheck the '{2}' checkbox.","你基于源单 {1} 创建了  {0} . 如果希望更新 {1} 的未付金额, 取消勾选 '{2}' ."
You can use {0} to reconcile against {1} later.,后续可使用 {0} 工具核销 {1} .
Currency ,货币
Amount that has been paid against this advance,本预支已付金额
Pending (unpaid) amount from previous advances,之前预支未付金额
Amount claimed via Expense Claim,费用报销申报金额
Shift Assignment Tool,班次分派工具
Deduction Reports,扣除报表
Bulk Salary Structure Assignment,批量薪资结构分派
Assign Structure,分派结构
Set Assignment Details,设置分派请情
Quick Filters,快速筛选条件
Advanced Filters,高级筛选条件
Link Filters,链接字段筛选条件
To print output use <code>print(text)</code>,可调用print输出结果
Enabling this will change the way how cancelled transactions are handled.,勾选意味着系统将修改取消单据记账逻辑
Please enable only if the understand the effects of enabling this.,请确保理解相关影响后勾选
Do you still want to enable immutable ledger?,确定启用不可篡改账本
On enabling this cancellation entries will be posted on the actual cancellation date and reports will consider cancelled entries as well,勾选后取消单据将以实际取消日记账，相应月份的报表亦会包括取消与被取消单据
Enable Immutable Ledger,启用不可篡改账本
Cannot cancel as processing of cancelled documents is pending.,因相关已取消单据后台提交尚未完成，不能进行取消操作
Pending processing,等待后台处理
Error while reposting item valuation,物料成本价追溯调整出错
An error has been appeared while reposting item valuation via {0},通过 {0} 进行的物料成本价追溯调整出错了
Please check the error message and take necessary actions to fix the error and then restart the reposting again.,请详细检查相关错误消息，修正相关主数据或业务数据后重新执行
Caution: This might alter frozen accounts.,警告：可能会变更已冻结科目
Item valuation reposting in progress. Report might show incorrect item valuation.,物料成本价追溯调整后台处理中，报表中显示的物料成本价可能不是最新的
Stock/Accounts can not be frozen as processing of backdated entries is going on. Please try again later.,因成本价追溯调整后台处理中，不允许冻结库存科目。请稍后再试
Batch No {0} is linked with Item {1} which has serial no. Please scan serial no instead.,批号 {0} 关联的物料 {1} 启用了序列号，请扫序列号。
Welcome URL,欢迎页网址
Redirect to this URL after successful confirmation.,确认成功后跳转到此网址
Pick Manually,手动拣货
Already Picked,已经拣货
{0} units of Item {1} is not available in any of the warehouses.,物料 {1} 缺货数量 {0}
Row #{}: item {} has been picked already.,第 {} 行：物料 {} 已经拣货了
Cannot create a pick list for Sales Order {0} because it has reserved stock. Please unreserve the stock in order to create a pick list.,为销售订单 {0} 创建了库存预留，请取消预留后再创建拣货单
"Row {0} picked quantity is less than the required quantity, additional {1} {2} required.",第 {0} 行拣货数量少于需求数量，短缺 {1} {2}
Pick List Incomplete,拣货单不完整
Export all matching rows?,导入满足筛选条件的所有记录？
Field not permitted in query,"查询过滤条件字段无效(js调用db.get_value, db.get_list过滤条件不支持子表字段，db.get_list支持子单据查询，需添加parent_doctype:主单据类型参数用于权限检查)"
Nothing New,无新消息
There is nothing new to show you right now.,暂无可显示新消息
What's New,新消息
Failed to send email with subject:,邮件发送失败，邮件标题：
Row {0}: Expense Head changed to {1} because account {2} is not linked to warehouse {3} or it is not the default inventory account,第 {0} 行：费用科目已改为 {1}，因为科目 {2} 未关联仓库 {3}，或不是默认库存科目。
Row {0}: Expense Head changed to {1} because expense is booked against this account in Purchase Receipt {2},系统提示：系统自动将物料明细第 {0} 行的费用科目修改为采购入库 {2} 会计凭证中的费用科目 {1}
This is done to handle accounting for cases when Purchase Receipt is created after Purchase Invoice,这样做是为了处理在采购发票后创建采购入库的情况
Inter Company Sales Order,关联公司销售订单
Round Free Qty,赠品数量取整
"If rate is zero then item will be treated as ""Free Item""",若单价为0则为免费赠品
Threshold for Suggestion (In Percentage),触发系统提醒的阀值(单据数量/金额与规则最小值差异%)
"If you {0} {1} quantities of the item {2}, the scheme {3} will be applied on the item.",如果增加物料 {2} 数量 {0} {1}，则可适用动态定价规则 {3}
"If you {0} {1} worth item {2}, the scheme {3} will be applied on the item.",如果增加物料 {2} 金额 {0} {1}，则可适用动态定价规则 {3}
Apply Discount on Discounted Rate,在折扣价上再折扣(折上折)
Recurse Every (As Per Transaction UOM),满送数量(交易单位)
Give free item for every N quantity,每满多少个就送，多买多送
Apply Recursion Over (As Per Transaction UOM),达到数量(交易单位)
Qty for which recursion isn't applicable.,达到这个数量就送固定数量
Free item not set in the pricing rule {0},定价规则{0}价格/产品折扣选了产品，需维护免费物料信息
Invalid Filter Format for field {0} of type {1}. Try using filter icon on the field to set it correctly,类型 {1} 的字段 {0} 链接字段筛选条件无效，请点击字段右上角漏斗过滤图标在弹窗中设置过滤条件
Validate Negative Stock,负库存防错检查
Fetch Value From,带出关联字段
Set fieldname from which you want to fetch the data from the parent form.,选择从主单据带出的关联字段
Inventory Dimension Negative Stock,库存辅助核算项负库存
Delete Dimension,删除辅助核算
"Scan mode enabled, existing quantity will not be fetched.",已启用扫码模式，不再自动获取现有库存数量
Create Reposting Entry,创建物料成本价追溯调整
"Any one of following filters required: warehouse, Item Code, Item Group",需要至少一个过滤条件：仓库，物料号，或物料组
Assign Job to Employee,派工
Pause Job,暂停生产任务单
Get Raw Materials Cost from Consumption Entry,入库成品原材料成本取自工单耗用
"Row {0}: As {1} is enabled, raw materials cannot be added to {2} entry. Use {3} entry to consume raw materials.",第 {0} 行：已启用 {1}，不能向 {2} 单据添加原材料。请使用 {3} 单据消耗原材料。
Materials needs to be transferred to the work in progress warehouse for the job card {0},请先为生产任务单 {0} 发料(直接调拨)
Time logs are required for {0} {1},请为 {0} {1} 填写工时记录
Items to Reserve,库存预留明细
Stock Reservation Entries Created,库存预留单已创建
Stock Reservation Entries Cancelled,库存预留单已取消
Stock not available for Item {0} in Warehouse {1}.,物料 {0} 在仓库 {1} 中无可用库存。
Row #{0}: Serial No {1} for Item {2} is not available in {3} {4} or might be reserved in another {5}.,第 {0} 行：在 {3} {4} 无可预留的物料{2} 序列号 {1} 或者已被其它 {5} 预留占用了
Batch {0} and Warehouse,批号 {0} 和仓库
Row #{0}: Serial No {1} is already selected.,第 {0} 行：序列号 {1} 已被选择
Row #{0}: Stock cannot be reserved for Item {1} against a disabled Batch {2}.,第 {0} 行： 物料 {1} 预留数量不可使用无效批号 {2}
Row #{0}: Stock not available to reserve for Item {1} against Batch {2} in Warehouse {3}.,第 {0} 行：物料 {1} 批号 {2} 在仓库 {3} 中无可预留数量
Row #{0}: Qty should be less than or equal to Available Qty to Reserve (Actual Qty - Reserved Qty) {1} for Iem {2} against Batch {3} in Warehouse {4}.,第 {0} 行：物料 {2} 批号 {3} 在仓库 {4} 中预留数量须 <= 可预留数量（实际数量 - 已预留数量） {1}
Row #{0}: Batch No {1} is already selected.,第 {0} 行：批号 {1} 已被选择
Please select Serial/Batch Nos to reserve or change Reservation Based On to Qty.,请选择序列号/批号或修改预留类型为数量
"{0} {1} cannot be updated. If you need to make changes, we recommend canceling the existing entry and creating a new one.",{0} {1} 不允许被修改，建议取消当前单据再创建新单据
"Stock Reservation Entry created against a Pick List cannot be updated. If you need to make changes, we recommend canceling the existing entry and creating a new one.",基于拣货单创建的库存预留单不可修改，建议取消当前单据再创建新单据
Stock Reservation Entry cannot be updated as it has been delivered.,出库后库存预留单不可修改
Item {0} is already reserved/delivered against Sales Order {1}.,物料{0}已被销售订单{1}预留
Reserved Qty should be greater than Delivered Qty.,预留数量须大于出库数量
Please enable {0} in the {1}.,请在 {0} 启用 {1}
Stock Reservation can only be created against {0}.,仅可基于 {0} 创建库存预留单
Stock cannot be reserved in the group warehouse {0}.,不允许为勾选是组的仓库 {0} 创建库存预留单
"Row #{0}: Item {1} has been picked, please reserve stock from the Pick List.",第 {0} 行：物料 {1} 已拣货，请从拣货单创建库存预留单
Row #{0}: Stock cannot be reserved for a non-stock Item {1},第 {0} 行：不能为非库存物料 {1} 预留库存。
Row #{0}: Quantity to reserve for the Item {1} should be greater than 0.,第 {0} 行：物料 {1} 预留数量须大于 0
Enable Allow Partial Reservation in the Stock Settings to reserve partial stock.,请在库存设置中启用允许部分预留
Partial Stock Reservation,部分库存预留
"Cannot amend {0} {1}, please create a new one instead.",不允许修订 {0} {1}，请创建新单据
Stock cannot be reserved in group warehouse {0}.,不允许为勾选是组的仓库 {0} 创建库存预留单
"Reserved Qty ({0}) cannot be a fraction. To allow this, disable '{1}' in UOM {3}.",预留数量 {0} 不允许有小数，要允许小数请在单位 {3} 主数据中取消勾选 {1}
From Voucher Detail No,源单据明细ID
Get Allocations,获取已核销明细
Unlinked,已取消关联
At row {0}: Serial and Batch Bundle {1} has already created. Please remove the values from the serial no or batch no fields.,第 {0} 行：序列号与批号 {1} 已创建，请清空序列号或批号字段。
Please set default cost of goods sold account in company {0} for booking rounding gain and loss during stock transfer,请在公司 {0} 主数据中维护用于库存直接调拨圆整差异记账的默认销货成本科目，
Rounding gain/loss Entry for Stock Transfer,库存调拨圆整差异分录
"Warehouse {0} is not linked to any account, please mention the account in the warehouse record or set default inventory account in company {1}.",仓库 {0} 未关联任何科目，请在仓库中设置科目，或在公司 {1} 中设置默认库存科目。
Row #{0}: Expense Account not set for the Item {1}. {2},第 {0} 行：物料 {1}. {2} 差异科目必填
Expense Account Missing,缺失差异科目
Inspection Submission,质检单提交
Inspection Rejected,质检不通过
Row {0}: Target Warehouse is mandatory for internal transfers,第 {0} 行，直接调拨收料仓必填
Row {0}: From Warehouse is mandatory for internal transfers,第 {0} 行，直接调拨发料仓必填
Internal transfers can only be done in company's default currency,直接调拨币种必须是公司本币
Packed Items cannot be transferred internally,套件中的下层物料不可直接调拨
For Item {0} cannot be received more than {1} qty against the {2} {3},基于 {2} {3} 物料 {0} 收货数量不能超过 {1}
{0} qty of Item {1} is being received into Warehouse {2} with capacity {3}.,已收到物料 {1} 数量 {0} 到仓库 {2}，占用库容 {3}
Please adjust the qty or edit {0} to proceed.,请调整数量或修改 {0} 后继续
Serial and Batch Bundle {0} is already used in {1} {2}.,序列号/批号 {0} 已用于 {1} {2}
"For the {0}, no stock is available for the return in the warehouse {1}.",{0} : 仓库 {1} 中无可退货数量
Reconcile on Advance Payment Date,预付款日核销
"If <b>Enabled</b> - Reconciliation happens on the <b>Advance Payment posting date</b><br>
If <b>Disabled</b> - Reconciliation happens on oldest of 2 Dates: <b>Invoice Date</b> or the <b>Advance Payment posting date</b><br>
","如果 <b>勾选</b> - 基于 <b>预付款记账日</b>核销<br>
如果 <b>不勾选</b> - 基于: <b>发票日</b> 或 <b>预付款记账时</b>两者中最晚日期核销<br>"
Default Operating Cost Account,默认额外费用科目(物料移动)
Enabling this ensures each Purchase Invoice has a unique value in Supplier Invoice No. field within a particular fiscal year,勾选后系统会针对同一财年采购发票供应商发票号进行唯一性检查
Stock will be reserved on submission of <b>Purchase Receipt</b> created against Material Request for Sales Order.,关联销售订单的<b>采购入库</b>提交时自动创建销售订单库存预留单
Rate Section,成本价信息
Finished Goods based Operating Cost,启用计件成本
Raw Materials Actions,委外原材料表操作
Reset Raw Materials Table,重置委外原材料表
Please select either the Item or Warehouse or Warehouse Type filter to generate the report.,因数据量较大，请输入物料编号、仓库、仓库类型任一过滤条件。
Background Jobs Queue,后台任务队列
Please mention 'Weight UOM' along with Weight.,在库存页签填写了了单重，请填写重量单位。
Clear All,清空全部
Validate Pricing Rule,仅用于规则检验
Has Priority,启用优先级
Enable this checkbox even if you want to set the zero priority,勾选表示即使优先级为0也启用优先级规则
"If enabled, then system will only validate the pricing rule and not apply automatically. User has to manually set the discount percentage / margin / free items to validate the pricing rule",如果勾选，仅用于验证用户手动设置的折扣、上浮、赠品是否符合本定价规则
You can disable this {0} instead of deleting it.,你可以禁用而不是删除物料 {0}
You've logged in as another user from another tab. Refresh this page to continue using system.,在另一个浏览器页签用另一个账号登录了，请刷新浏览器后切换到新帐号继续
User Changed,用户账号已变更
Include Zero Stock Items,包含0库存物料
The percentage you are allowed to pick more items in the pick list than the ordered quantity.,允许超订单需求量拣货百分比
Custom delimiters,自定义分离符
Delimiter options,分隔符
"If your CSV uses a different delimiter, add that character here, ensuring no spaces or additional characters are included.",如果CSV文件使用了逗号，分号与跳格之外的其它分隔符，请在上述输入框添加，请不要加空格和其它字符
Payable Account is mandatory to submit an Expense Claim,请在会计页签下填写应付科目，或通过主数据设置确保自动带出应付科目
Shift Settings,班次设置
Allow Multiple Shift Assignments for Same Date,允许同一天分派多个班次
Attendance Settings,自动出勤设置
Allow Employee Checkin from Mobile App,允许手机签到
Allow Geolocation Tracking,允许记录签到地点
Auto Leave Encashment,剩余未休假自动折现(加到工资里)
No Interview has been scheduled.,未安排面试
Source and Rating,来源与评分
Applicant Rating,求职者自评
Resume Link,简历链接
Salary Expectation,期望薪资
Lower Range,低值
Upper Range,高值
Reason for Requesting,申请原因
Round Name,轮次
Expected Skillset,期望技能
Expected Average Rating,预期平均评级
No leaves have been allocated.,未分派休假
Rating Criteria,评估标准
Criteria based on which employee should be rated in Performance Feedback and Self Appraisal,在绩效反馈中对员工进行评级的标准
Set filters to fetch employees,设置过滤条件获取员工
Onboarding Begins On,入职日期
Onboarding Activities,入职步骤
Recover Cost,收回成本
"Automatically fetches all assets allocated to the employee, if any",自动获取已分派给员工的资产
Is Tax Withholding Account,是代扣税科目
Job Card and Capacity Planning,生产任务单与产能计划
Raw Materials Consumption,原材料耗用
Source Warehouse Address Link,发料仓地址(链接)
Target Warehouse Address Link,收料仓地址(链接)
Calculate daily depreciation using total days in depreciation period,按折旧期间总天数计算日折旧额
"Enable this option to calculate daily depreciation by considering the total number of days in the entire depreciation period, (including leap years) while using daily pro-rata based depreciation",勾选此选项按天折旧将基于折旧期间总天数
Tree View,树视图
Redirect to the selected app after login,登录后自动跳转到默认应用
Used OAuth,启用OAuth
Return Qty from Rejected Warehouse,拒收仓退货数量
Making Journal Entries against advance accounts: {0} is not recommended. These Journals won't be available for Reconciliation.,因无法核销，不建议在日记账凭证中包括预收/付款科目：{0}
"Row #{0}: For {1}, you can select reference document only if account gets credited",第 {0} 行：{1} 仅限货方金额时填写源单据字段
"Row #{0}: For {1}, you can select reference document only if account gets debited",第 {0} 行：{1} 仅限借方金额时填写源单据字段
{0} role does not have permission on any doctype,角色 {0} 无单据类型权限
This is a Template BOM and will be used to make the work order for {0} of the item {1},这是模板物料清单，用于为物料 {1} 的 {0} 创建工单。
Update Salary Structures,更新工资结构
Remove if Zero Valued,0金额不显示
"If enabled, the component will not be displayed in the salary slip if the amount is zero",如勾选，金额为0时工资表上不显示
"If enabled, the value specified or calculated in this component will not contribute to the earnings or deductions. However, it's value can be referenced by other components that can be added or deducted. ",如勾选，此构成项不计入收入和扣除，但可被其它构成项计算公式引用
Consider Marked Attendance on Holidays,考虑假期出勤
"If enabled, deducts payment days for absent attendance on holidays. By default, holidays are considered as paid",如勾选，假期付款天数剔除假期，假期默认包含在付款天数内
Salary Withholding,工资暂停发放
Number of Withholding Cycles,暂停期数
Reason for Withholding Salary,暂停发放原因
Please select From Date.,请选择开始日期
Base & Variable,底薪与弹性工资
Payment Days calculations are based on these Payroll Settings,计薪天数计算基于此处工资设置
Payroll Based On,发薪方式
Consider Unmarked Attendance As,将未登记考勤视为
Click {0} to change the configuration and then resave salary slip,点 {0} 变更设置并重新保存工资单
No employees found with selected filters and active salary structure,无满足筛选条件及分派了薪资结构的员工
Maximum Consecutive Leaves Allowed,最大连休天数
Is Partially Paid Leave,未休完需计发工资
Allow Over Allocation,允许超分配
Maximum Encashable Leaves,最大可折现休假天数
Non-Encashable Leaves,不可折现休假天数
"Indicates the number of leaves that cannot be encashed from the leave balance. E.g. with a leave balance of 10 and 4 Non-Encashable Leaves, you can encash 6, while the remaining 4 can be carried forward or expired",不允许折现天数，如结余10天，4天不允许折现，则6天可折现，4天可结转到下一期或到期失效
Maximum Carry Forwarded Leaves,最大可结转休假天数
Expire Carry Forwarded Leaves (Days),结转假期过期（天）
Allocate on Day,分派日
First Day,第一天
Last Day,最后一天
The day of the month when leaves should be allocated,每月的哪一天分派假期额度
Skip Auto Attendance,忽略自动考勤
No attendance records found.,无考勤数据
No attendance records found for this criteria.,无满足条件的考勤数据
Unsettled,未结清
Paid via Salary Slip,通过工资单支付
Returned,已退回
Employee Hours Utilization Based On Timesheet,员工工时利用率
Total Hours (T),总工时(T)
Billed Hours (B),已开票工时(B)
Non-Billed Hours (NB),未开票工时(NB)
Untracked Hours (U),未登记工时(U)
Avg Utilization,平均利用率
Avg Utilization (Billed Only),平均利用率(已开票)
Total Non-Billed Hours,总未开票工时
Billed Hours,已开票工时
Non-Billed Hours,未开票工时
Untracked Hours,未登记工时
Disassemble,工单拆解
Disassemble Order,工单拆解
If enabled then system won't apply the pricing rule on the delivery note which will be create from the pick list,如勾选从拣货单下推的销售出库将不启用动态定价规则
Create Reposting Entries,创建
Kanban Settings,看板设置
Floor Name,车间名
Opening Number of Booked Depreciations,已提折旧期数
Statistical Component,是统计项
Is Income Tax Component,是所得税相关
Exempted from Income Tax,是税前扣除
"If checked, the full amount will be deducted from taxable income before calculating income tax without any declaration or proof submission.",如勾选，则本构成项为无需员工免税申报或免税证明的税前扣除项
Income Tax Slab Other Charges,个税税率表其他费用
Income Tax Slab not set in Salary Structure Assignment: {0},未在薪资结构分配中设置个税税率表：{0}
No employees found,未找到满足条件的员工
No employees found for the mentioned criteria:<br>Company: {0}<br> Currency: {1}<br>Payroll Payable Account: {2},未找到满足以下条件的员工:<br>公司: {0}<br> 货币: {1}<br>应付工资科目: {2}
Branch: {0},分支机构: {0}
Department: {0},部门: {0}
Designation: {0},职位: {0}
Start date: {0},开始日期: {0}
End date: {0},结束日期: {0}
Salary Slip already exists for {0} for the given dates,该日期的工资单 {0} 已经存在了
Reference: {0},参考 {0}
Duplicate Entry,重复记录
Salary Slip {0} failed. You can resolve the {1} and retry {0}.,工资单 {0} 出错了。请解决 {1} 后重新 {0}。
Failure Details,出错信息
Accounts not set for Salary Component {0},请为薪资构成项 {0} 分派科目
Is Recurring Additional Salary,是自动重复的额外薪水
Salary Slips submitted for period from {0} to {1},期间：{0} - {1} 的工资单已提交
Could not submit some Salary Slips: {},部分工资单 {} 未提交
Additional Salary ,额外薪水
Job Worker,委外供应商
Job Worker Name,委外供应商名
Job Worker Warehouse,委外仓库
Job Worker Contact,委外联系人
Select Job Worker Address,选择委外地址
Job Worker Address,委外地址
Job Worker Address Details,委外地址详情
Job Worker Delivery Note,委外送货单号
Item rate has been updated to zero as Allow Zero Valuation Rate is checked for item {0},因勾选了成本价为0，物料 {0} 的单价已设置为0
Items rate has been updated to zero as Allow Zero Valuation Rate is checked for the following items: {0},因勾选了成本价为0，这些物料 {0} 的单价已设置为0
Production Plan Already Submitted,生产计划已经提交了
No items are available in the sales order {0} for production,销售订单 {0} 无待生产的物料
No items are available in sales orders {0} for production,销售订单 {0} 无待生产的物料
Row #{0}: Stock not available to reserve for the Item {1} in Warehouse {2}.,第 {0} 行:仓库 {2} 中物料 {1}无可预留库存
Row #{0}: Only {1} available to reserve for the Item {2},第 {0} 行:物料 {2} 可预留库存数量仅有 {1}
Stock Unreservation,取消预留
Unreserve Stock,取消预留
Unreserving Stock...,取消预留中...
Please select items to unreserve.,请勾选待取消的库存预留
Billing Contact,发票联系人
Credit Limit Crossed,超信用额度
Document Types and Permissions,单据类型与权限
Apply User Permission On,用户权限限制字段（链接单据类型）
User Id Field,用户链接字段
Can only list down the document types which has been linked to the User document type.,仅限访问关联了用户（链接字段）的单据类型
Custom Document Types (Select Permission),被授权链接的单据类型
Late Entry & Early Exit Settings for Auto Attendance,迟到、早退自动考勤设置
Enable Late Entry Marking,允许迟到（自动考勤）
Enable Early Exit Marking,允许早退（自动考勤）
Mark Auto Attendance on Holidays,允许假期内自动考勤
"If enabled, auto attendance will be marked on holidays if Employee Checkins exist",勾选后假期内的签入、签出记录也自动生成考勤
Last Known Successful Sync of Employee Checkin. Reset this only if you are sure that all Logs are synced from all the locations. Please don't modify this if you are unsure.,员工签到最后一次成功同步的时间。只有在确认所有地点的所有日志都已同步后，才可重置此时间。如果不确定，请不要修改。
Use the new Print Format Builder,启用新打印格式编辑器
Only 'Payment Entries' made against this advance account are supported.,仅支持收付款凭证中使用此科目
Updated via 'Time Log' (In Minutes),由生产任务单工时记录表自动更新(分钟)
"{0}, complete the operation {1} before the operation {2}.",{0}，在工序 {2} 前请先完成工序 {1}
Please select a Work Order first.,请先选择生产工单
Extra Job Card Quantity,生产任务单数量超计划数量
The {0} {1} is used to calculate the valuation cost for the finished good {2}.,{0} {1} 用于计算产成品 {2} 的估值成本。
Kindly cancel the Manufacturing Entries first against the work order {0}.,请先取消工单 {0} 对应的生产单据。
Row #{0}: Cannot transfer more than Required Qty {1} for Item {2} against Job Card {3},第 {0} 行：对生产任务单 {3} 发物料 {2} 不可超过需求量 {1}
Excess Transfer,超发
Material Transfer (In Transit),直接调拨(在途)
Asset {0} has been updated. Please set the depreciation details if any and submit it.,资产 {0} 已变更，如需折旧请设置折旧信息后提交资产
Target Incoming Rate,入账单价
Reconciliation Takes Effect On,核销参考日期
Advance Payment Date,预付款日
Reconciliation Date,核销日
Oldest Of Invoice Or Advance,发票与预付款中最早者
Net Purchase Amount,采购金额（未税）
Asset transferred to Location {0},资产已转到 {0}
Validate Components and Quantities Per BOM,工单发料与耗用时强制按物料清单标准用量
Show Aggregate Value from Subsidiary Companies,显示下属公司合计值
Show Dimension Wise Stock,按辅助核算分组显示
Set Serial and Batch Bundle Naming Based on Naming Series,启用序列号/批号编号模板
Payment Reconciliation Settings,收付款核销设置
Interval should be between 1 to 59 MInutes,间隔在1到59分钟之间
Documents Processed on each trigger. Queue Size should be between 5 and 100,在5到100之间
Only applies for Normal Payments,仅适用正常收付款
Ignore Is Opening check for reporting,报表中忽略是开账凭证
Ignores legacy Is Opening field in GL Entry that allows adding opening balance post the system is in use while generating reports,报表中不按是否开账凭证标志获取科目期初余额（为了提升性能）
Fetch Timesheet in Sales Invoice,允许在销售发票获取工时表
Preview Required Materials,原材料需求预览
Grid Page Length,表单子表默认显示行数
Include Closed Orders,包括已关闭订单
Billed Items To Be Received,已开票待采购入库明细
Invalid Ledger Entries,异常总账凭证
Rows: {0} have 'Payment Entry' as reference_type. This should not be set manually.,第 {0} 行，源单据类型不能为收付款凭证
There were issues unlinking payment entry {0}.,无法取消付款凭证{0}核销
Send Email To Creator,发邮件给单据创建者
This file is public. It can be accessed without authentication.,此为公开文件，用户无需登录即可访问
State/Province,省/市/自治州
Select the Bank Account to reconcile.,选择银行户头
Protect Attached Files,保护上传的附件（文件）
Users are only able to delete attached files if the document is either in draft or if the document is canceled and they are also able to delete the document.,仅限用户有单据删除权限且单据在草稿或已取消状态下删除上传的附件
Total Expenses booked through,总费用明细
Actual Expenses,实际费用
Unbilled Orders,未开票订单
Ignore Exchange Rate Revaluation and Gain / Loss Journals,不显示汇兑损益日记账凭证
Allow Implicit Pegged Currency Conversion,允许挂钩货币的自动汇率转换
"System will do an implicit conversion using the pegged currency. <br>
Ex: Instead of AED -&gt; INR, system will do AED -&gt; USD -&gt; INR using the pegged exchange rate of AED against USD.","系统将采用挂钩货币进行隐式汇率转换。
例如：系统不会直接转换AED→INR，而是基于AED与美元的挂钩汇率，通过AED→USD→INR的路径完成间接换算。"
Yearly Amount,本年累计金额
Workstations,工站
Default Accounts,默认科目
Group By Supplier,按供应商合并
Invoice Date,开票日期
"If enabled, the source and target warehouse in the Material Transfer Stock Entry must be different else an error will be thrown. If inventory dimensions are present, same source and target warehouse can be allowed but atleast any one of the inventory dimension fields must be different.",启用后，物料移动-直接调拨单中的源仓库和目标仓库必须不同，否则将抛出错误。如果存在库存辅助核算，则允许源仓库和目标仓库相同，但至少任一个库存辅助核算字段必须不同。
Work Anniversaries ,工作周年纪念
Prevent self approval for leaves even if user has permissions,即使有权限也不允许审批自己的请假
Prevent self approval for expense claims even if user has permissions,即使有权限也不允许审批自己的费用报销
 Unlink Payment on Cancellation of Employee Advance,在取消员工预付款时解除付款关联
Allow Supplier Quotation with Zero Quantity,允许供应商报价单的数量为零
Allows users to submit Supplier Quotations with zero quantity. Useful when rates are fixed but the quantities are not. Eg. Rate Contracts.,允许用户提交数量为零的供应商报价单。在单价固定但数量不固定时很有用。例如：固定单价合同。
Allow Request for Quotation with Zero Quantity,允许询价单的数量为零
Allows users to submit Request for Quotations with zero quantity. Useful when rates are fixed but the quantities are not. Eg. Rate Contracts.,允许用户提交数量为零的询价单。在单价固定但数量不固定时很有用。例如：固定单价合同。
Allow Purchase Order with Zero Quantity,允许采购订单的数量为零
Allows users to submit Purchase Orders with zero quantity. Useful when rates are fixed but the quantities are not. Eg. Rate Contracts.,允许用户提交数量为零的采购订单。在单价固定但数量不固定时很有用。例如：固定单价合同。
View Stock Ledger,查看物料凭证
View Stock Balance,查看库存余额
Purchase Orders Count,采购订单张数
Average Order Values,订单平均金额
Auto Created (Reorder),自动创建（重订货）
Consider for Tax Withholding,纳入税务扣缴范围
Tax Template,税费模板
Route Options,网址跳转参数
Purchase Tax Withholding Category,采购代扣税类型
Sales Tax Withholding Category,销售代扣税类型
WIP Work Orders,在制工单
Manufactured Items Value,产值
Allow Editing of Items and Quantities in Work Order,允许修改工单所需物料数量
"If enabled, the system will allow users to edit the raw materials and their quantities in the Work Order. The system will not reset the quantities as per the BOM, if the user has changed them.",如果启用，系统将允许用户在工单中修改原材料及其数量。如果用户已经进行了更改，系统将不会根据物料清单 (BOM) 重置这些数量。
Material Planning,物料计划
Inward Order,受托加工
Outward Order,委外
Subcontracting Outward Order,委外订单
Active Subcontracted Items,活跃委外物料
Subcontracting Inward Order Count,受托加工单张数
Subcontracting Outward Order Count,委外订单张数
Meaning of Different Permission Types,各权限类型说明
Permission,权限
Audits,审计
Health Report,系统健康状态报表
Background Job,后台任务
Allows the user to search and see records.,允许用户搜索并查看记录。
The user can select a Customer in Sales Order but cannot open the Customer master.,用户可以在销售订单中选择客户，但无法打开客户主数据。
Allows the user to view the document.,允许用户查看单据。
Allows the user to edit existing records they have access to.,允许用户编辑其有权访问的现有记录。
Allows the user to create new documents.,允许用户创建新单据。
The user can create a new Item but cannot edit existing items.,用户可以创建新物料，但无法编辑现有物料。
Allows the user to delete documents.,允许用户删除单据。
Allows printing or PDF download of documents.,允许打印单据或下载 PDF。
The print button is enabled for the user in the document.,单据中的打印按钮对该用户可用。
Allows the user to email from the document.,允许用户通过单据发送邮件。
The email button is enabled for the user in the document.,单据中的邮件按钮对该用户可用。
Allows the user to access reports related to the document.,允许用户访问与该单据相关的报表。
"If the user has access to Employee and Report is enabled, they can view Employee-based reports.",如果用户有员工访问权限并启用了报表，则可以查看基于员工的报表。
Allows the user to export data from the Report view.,允许用户从报表视图导出数据。
The user can export report data.,用户可以导出报表数据。
Allows sharing document access with other users.,允许与其他用户分享单据访问权限。
The user can share document access with another user.,用户可以将单据访问权限分享给其他用户。
Allows users to enable the mask property for any field of the respective doctype.,允许用户为相应单据类型的任何字段启用掩码属性。
"If the user enables the mask property for the phone number field, the value will be displayed in a masked format (e.g., 811XXXXXXX).",如果用户为电话号码字段启用了掩码属性，该值将以掩码格式显示（例如：811XXXXXXX）。
to select,选择
to close,关闭
Edit Sidebar,编辑侧边栏
Desktop,桌面
Add row,添加一行
Duplicate row,复制一行
Delete row,删除一行
Delete {0} rows,删除 {0} 行
Duplicate {0} rows,复制 {0} 行
Add multiple,添加多行
Report Template,报表模板
Financial Report Template,财务报表模板
is enabled,已启用
is disabled,已禁用
{0} is enabled,{0} 已启用
{0} is disabled,{0} 已禁用
{0} equals {1},{0} 等于 {1}
{0} is not equal to {1},{0} 不等于 {1}
{0} is one of {1},{0} 是 {1} 其中的一个
{0} is not one of {1},{0} 不是 {1} 其中的一个
{0} contains {1},{0} 包含 {1}
{0} does not contain {1},{0} 不包含 {1}
{0} is after {1},{0} 在 {1} 之后
{0} is greater than {1},{0} 大于 {1}
{0} is before {1},{0} 在 {1} 之前
{0} is less than {1},{0} 小于 {1}
{0} is on or after {1},{0} 在 {1} 当天或之后
{0} is greater than or equal to {1},{0} 大于或等于 {1}
{0} is on or before {1},{0} 在 {1} 当天或之前
{0} is less than or equal to {1},{0} 小于或等于 {1}
{0} is set,{0} 有值
{0} is not set,{0} 是空值
{0} is {1},{0} 是 {1}
{0} is between {1} and {2},{0} 介于 {1} 和 {2} 之间
{0} is between {1},{0} 位于 {1} 范围
{0} is a descendant of {1},{0} 是 {1} 的子级
{0} is an ancestor of {1},{0} 是 {1} 的父级
{0} is not a descendant of {1},{0} 不是 {1} 的子级
{0} is not an ancestor of {1},{0} 不是 {1} 的父级
{0} is within {1},{0} 在 {1} 时间段内
Filtered by: {0}.,筛选条件：{0}。
Create Saved Filter,创建筛选器
Consolidated Report,合并报表
Custom Financial Statement,自定义财务报表
Customer Ledger,客户台账
Supplier Ledger,供应商台账
Registers,明细表
AR Summary,应收汇总表
AP Summary,应付汇总表
Item-wise sales Register,按物料销售明细表
Tax Withholding Group,代扣税组
Deduction Certificate,扣税证明
Items To Be Received,待入库物料
Materials To Be Transferred,待发出物料
Subcontracting Delivery,受托加工出库
Account Category,科目类别
Tax Expense,税费支出
Short-term Provisions,短期备抵/准备
Short-term Investments,短期投资
Long-term Provisions,长期备抵/准备
Cost of Goods Sold,主营业务成本
Failed Login Attempts,登录失败记录
Login Activity,登录活动
System Users,系统用户
Website Users,网站用户
Roles Allowed to Set and Edit Frozen Account Entries,允许修改已冻结期间凭证的角色
Accounting entries are frozen up to this date. Only users with the specified role can create or modify entries before this date.,“会计分录已在该日期前冻结。只有拥有指定权限的角色，才能在该日期之前创建或修改分录。”
Default Sales Contact,默认销售联系人
Default Stock Valuation Method,默认成本价计算方法
Reconciliation Statement,对账单
Session Default Settings,会话默认值
Download Backups,下载备份
Average Order Value,平均订单金额
Non Completed Tasks,未完成任务
Completed Projects,已完成项目
Quality Inspections,质检单
Base Tax Withheld,预扣税基数
Base Taxable Amount,应税基础金额
Taxable Date,纳税日期
Taxable Document Name,纳税单据名称
Taxable Document Type,纳税单据类型
Under Withheld Reason,欠缴/少扣原因
Withholding Date,扣缴日期
Withholding Document Name,扣缴单据名称
Withholding Document Type,扣缴单据类型
Edit Tax Withholding Entries,编辑代扣税明细
Ignore Tax Withholding Threshold,忽略起征点/起扣点
Budget Distribution Total,预算分配总计
Distribute Equally,平均分配
Distribution Frequency,分配频率
Revision Of,修订版次
Budget Distribution,预算分配
Hide If Zero,数值为零时隐藏
Include in Charts,包含在图表中
Indent Level,缩进级别
Italic Text,斜体文本
Line Reference,行参考/行引用
Reverse Sign,反转符号（正负号反转）
Value Type,数值类型
Module (for Export),模块（用于导出）
Advanced Filtering,高级过滤
Balance Type,余额类型
Bold Text,粗体文本
Display Name,显示名称
Formula or Account Filter,公式或科目过滤器
Report Line Items,报表行项目
Financial Report Row,财务报表行
Stock Value by Item Group,按物料组货值
Enable Parallel Reposting,允许后台并发处理
Is Phantom BOM,是虚拟物料清单
Is Phantom Item,是虚拟物料
Main Item Code,主物料号
Created By You,由您创建
Created By {0},由 {0} 创建
{0} Web page views,{0} 次网页浏览
Repeats {0},重复 {0}
Include Returned Invoices (Stand-alone),含独立红字发票
Dr,借方
Accounts Setup,会计设置
Sales Taxes,销售税费
COA Importer,科目表导入工具
Opening Invoice Tool,发票创建工具
FX Revaluation,外币重估
Analytical Accounting,辅助核算/多维核算
Enable Accounting Dimensions,启用辅助核算
"Enable cost center, projects and other custom accounting dimensions",启用成本中心、项目以及其他自定义核算维度
Enable Discounts and Margin,启用折扣与毛利管理
Apply discounts and margins on products,对产品应用折扣与毛利
Payment Options,支付选项
Enable Loyalty Point Program,启用会员积分计划
Role to Notify on Depreciation Failure,资产折旧失败通知角色
Users with this role will be notified if the asset depreciation gets failed,当资产折旧失败时，拥有此角色的用户将收到通知
Default Ageing Range,默认账龄天数区间
Payment Requests made from Sales / Purchase Invoice will be put in Draft explicitly,从销售/采购发票创建的付款申请将显式置为草稿状态
Enable tracking sales commissions,启用销售提成跟踪
Manage sales partner's and sales team's commissions,管理销售合作伙伴及销售团队的提成
"If enabled, system will set incoming rate as zero for stand-alone credit notes with expired batch item.",如果启用，系统将对包含过期批次物料的独立红字发票（贷记通知单）将入库成本价设为零。
Allow Negative Stock for Batch,允许批次负库存
"If enabled, the system will allow negative stock entries for the batch. But, this may lead to incorrect valuation rates, so it is recommended to avoid using this option. The system will permit negative stock only when it is caused by backdated entries and will validate and block negative stock in all other cases.",如果启用，系统将允许该批次出现负库存。但这可能导致计价错误，因此建议避免使用此选项。系统仅在由倒填单据引起的情况下允许负库存，在其他所有情况下都会验证并拦截负库存。
Has Operating Cost,包含工费成本
Advance Paid (Company Currency),已预付金额 (公司本币)
Projected On Hand,预计可用库存
Use Posting Datetime for Naming Documents,单据编号可使用记账日期
"When checked, the system will use the posting datetime of the document for naming the document instead of the creation datetime of the document.",勾选后，系统将使用单据的记账日期（Posting Datetime）而非创建日期作为单据命名的依据。
Only allow System Managers to upload public files,仅允许系统管理员上传公开文件
Disable Product Suggestion,禁用产品建议
Check Availability in Warehouse,仓库(检查可用库存)
Customize Quick Filters,定制过滤条件
Parent Icon,父图标
Logo URL,图标网址
Restrict Removal,限制移除
Icon Image,图标文件
Icon Type,图标类型
Workspace Sidebar,工作区侧边栏
Header Icon,主图标
Child Item,子项
Removed Icons,已移除的图标
Icon is not correctly configured please check the workspace sidebar to it,未正确配置工作区侧边栏的图标
Workspace,工作区
Inventory Valuation,存货计价
UTM Analytics,获客分析
Exclude Zero Balance Parties,隐藏零余额往来单位
ERPNext will make a stock ledger entry for each transaction of this item. Keep unchecked for non-stock or service items.,ERPNext 将为此物料的每笔交易生成物料凭证条目。对于非库存或服务类物料，请保持未勾选状态。
Enable for raw material items used in BOM. Uncheck for additional services like 'washing' used in manufacturing.,"为 BOM 中使用的原材料物料启用。对于制造中使用的附加服务（如""清洗""），请取消勾选。"
Used to create an opening Stock Entry with the Valuation Rate when the item is saved,用于创建新物料时同步生成期初库存（其它入库）。
Creates an Item Price automatically when the item is saved,在保存物料时自动创建物料价格。
Enable if this item is a company asset like machinery or furniture.,如果该物料是公司资产（如机器或家具），请启用。
"Percentage by which over-delivery or over-receipt is allowed against a Sales/Purchase Order for this item. If not set, value from Stock Settings will be used.",针对该物料的销售/采购订单允许的超额出库/入库百分比。如果未设置，将使用库存设置中的值。
"Percentage by which over-billing is allowed against a Sales/Purchase Order for this item. If not set, value from Accounts Settings will be used.",针对该物料的销售/采购订单允许的超额开票百分比。如果未设置，将使用会计设置中的值。
Creates a single grouped asset instead of individual assets when purchased in bulk.,批量采购时创建一个分组资产，而不是单个资产。
"Allow stock to go below zero for this item, even if negative stock is disabled in Stock Settings.",允许负库存（库存数量低于零），即使在库存设置中禁用了负库存。
Allow substituting this item with an alternative from the Item Alternative list when stock is unavailable.,当库存不可用时，允许使用物料替代列表中的替代品替换该物料。
Enable if a vendor manufactures this item for you. You can choose to provide them raw materials using the default BOM.,如果供应商为您制造该物料，请启用。您可以选择使用默认 BOM 为其提供原材料。
Enable for drop shipping - supplier delivers directly to the customer without passing through your warehouse.,如果是直运（直接代发）启用 - 供应商直接交付给客户，不经过您的仓库。
Track each unit with a unique serial number for warranty and return tracking. Cannot be changed after a stock transaction exists.,用唯一序列号跟踪每个单位，以便保修和退货跟踪。存在库存交易后无法更改。
Track this item in batches. Cannot be changed after a stock transaction exists.,按批次跟踪该物料。存在库存交易后无法更改。
Defines the date after which the item can no longer be used in transactions or manufacturing,定义该物料不能再用于交易或制造的日期之后。
Expense for this item will be recognized over a period of months. Eg: prepaid insurance or annual software license,该物料的费用将在数月内确认。例如：预付保险或年度软件许可证。
Income from this item will be recognized over a period of months instead of all at once. Eg: annual subscription paid upfront.,该物料的收入将在数月内确认，而不是一次性全部确认。例如：提前支付的年度订阅费。
Enable to reserve a small sample from each batch for any analysis arising ahead,启用以为每批保留少量样本，用于未来可能出现的任何分析。
"If enabled, sales from this item will be included in Sales Person and Sales Partner commission calculations",如果启用，该物料的销售将包含在销售人员和销售合作伙伴的佣金计算中。
Batch number will be auto-created in format AAAA.00001 if not specified in transactions. Leave blank to always enter batch numbers manually.,如果交易中未指定，批号将按格式 AAAA.00001 自动创建。留空表示始终手动输入批号。
"Maximum discount % allowed when selling this item. Eg: if set to 20%, a discount greater than 20% cannot be applied in sales transactions.",销售该物料时允许的最大折扣百分比。例如：若设置为 20%，则销售交易中不能应用超过 20% 的折扣。
Disabled items cannot be selected in any transaction.,禁用的物料无法在任何交易中被选择。
Will also apply for variants unless overridden,除非被覆盖，否则也将应用于多规格物料。
Batch number will be created based on expiry date. Expiry dates can be set in the Batch master.,批号将根据到期日期创建。到期日期可以在批次主数据中设置。
Enable if this item is provided by a customer and received via Stock Entry.,如果该物料由客户提供并通过其它入库接收，请启用。
Minimum stock level to maintain as a buffer. Used to calculate recommended reorder level: Reorder Level = Safety Stock + (Average Daily Consumption × Lead Time).,作为缓冲维持的最低库存水平。用于计算建议的再订货点：再订货点 = 安全库存 +（平均每日消耗量 × 提前期）。
The rate at which this item was last purchased via a Purchase Invoice. Auto-updated by the system.,该物料最后一次采购发票单价。由系统自动更新。
A quality inspection must be completed before generating a Purchase Receipt for this item.,此物料采购入库前，必须提交质量单。
A quality inspection must be completed before generating a Delivery Note for this item.,此物料销售出库提交前，必须提交质检单。
Consume Components,消耗组件
BOM Configuration,BOM 配置
Cost Allocation / Process Loss,成本分配 / 工序损耗
Users can make manufacture entry against Job Cards,用户可基于生产任务单入库
Components,组件
Secondary Items,辅助物料
Secondary Item Code,辅助物料编码
Secondary Item Name,辅助物料名称
Co-Product,联产品
Scrap,废料
Cost Allocation %,成本分配百分比
Process Loss %,工序损耗百分比
Set Operating Cost / Secondary Items From Sub-assemblies,从子装配件设置作业成本 / 辅助物料
"To include sub-assembly costs and secondary items in Finished Goods on a work order without using a job card, when the 'Use Multi-Level BOM' option is enabled.","当启用""使用多级 BOM""选项时，在不使用生产任务单的情况下，将子装配件成本和辅助物料包含到工单的产成品中。"
Production Item Info,生产物料信息
Item Attributes,物料属性
Is Sales Order required to create Sales Invoice/Delivery Note?,创建销售发票/交货单是否需要销售订单？
Is Delivery Note required to create Sales Invoice?,创建销售发票是否需要交货单？
How often should sales data be updated in Company/Project?,销售数据在公司/项目中的更新频率
The frequency at which project progress and company transaction details will be updated. Set it to daily or monthly if you post a lot of transactions.,项目进度和公司交易明细的更新频率。如果您录入大量交易，请设置为每日或每月。
Allow same Item to be added multiple times in a transaction,允许在交易中多次添加同一物料
Allow multiple Sales Orders against a customer's Purchase Order,允许针对客户的采购订单创建多个销售订单
Hide Customer's Tax ID from sales transactions,在销售交易中隐藏客户的税号
Allow Sales Order creation for expired Quotation,允许对已过期的报价单创建销售订单
Don't reserve Sales Order qty on sales return,销售退货时不预留销售订单数量
Prevents the automatic reservation of stock quantities from sales orders when processing sales returns.,在处理销售退货时，阻止自动预留销售订单中的库存数量。
Enable cut-off date on creating bulk Delivery Notes,在批量创建交货单时启用截止日期
"When enabled, it adds a cutoff date filter to Delivery Notes created in bulk from Sales Orders. This allows you to process orders only with a transaction date up to the specified cutoff date, which is useful for period-end processing and batch fulfillment.",启用后，会为从销售订单批量创建的交货单添加截止日期过滤器。这允许您仅处理交易日期截至指定截止日期的订单，适用于期末处理和批量履行。
Set incoming rate as zero for expired Batch,为过期批次设置入库成本价为零
Zero-Quantity Line Items,零数量行项目
Allow sales transactions with zero quantities if the rate is fixed but the quantities are not. e.g. Rate Contracts,如果价格已固定而数量未确定，允许零数量的销售交易。例如：价格合同。
Allow Quotation with zero quantity,允许零数量的报价单
Allow Sales Order with zero quantity,允许零数量的销售订单
Blanket Orders,框架订单
Use prices from Default Price List as fallback,如未维护价格表则使用默认价格列表价格
Allow editing Price List rate in transactions,允许在单据中修改从物料价格主数据自动带出的标价
Maintain same rate throughout sales cycle,在销售流程中物料价格不允许变更
Warn or stop if Item rate is changed in Delivery Notes and Sales Invoices generated from a Sales Order.,如果在从销售订单生成的交货单和销售发票中更改了物料价格，则发出警告或阻止。
Validate selling price for Item against purchase or valuation rate,用采购价或成本价校验销售价
Enable this to block transactions where the selling price is less than the purchase or valuation rate,启用此选项以阻止销售价低于采购价或成本价的交易
Calculate Product Bundle price based on child Item's rates,根据子物料的价格计算套件价格
Allow negative rates for Items,允许物料使用负单价
Activate Serial / Batch No for Item,激活启用物料的序列号/批次号功能
Enable Separate Reposting for GL,成本追溯调整生成单独的总账凭证
Do not fetch incoming rate from Serial No,不从序列号获取入库成本价
Document Naming,文档命名
Advanced Features,高级功能
Enable discount accounting for selling,为销售启用折扣会计
Allow delivery of overproduced quantity,允许交付超产数量
Deliver secondary Items,交付辅助物料
Enable Subscription,启用订阅
Enable Subscription tracking in invoice,在发票中启用订阅跟踪
Accounting Onboarding,会计初始化
Skip All,全部跳过
Create Warehouses,创建仓库
Create Item,创建物料
Create Purchase Receipt,创建采购收货
Create Transfer Entry,创建库存调拨
Configure Chart of Accounts,配置会计科目表
Setup Sales Taxes,设置销售税
Create Sales Invoice,创建销售发票
View Balance Sheet,查看资产负债表
Review Accounts Settings,检查会计设置
Financial Reports,财务报表
Profitability Analysis,盈利能力分析
Gross Profit,毛利
List,列表
About,关于
Keyboard Shortcuts,键盘快捷键
System Health Report,系统健康报告
Frappe Support,Frappe 支持
Manufacturing Setup,生产初始化
Selling Setup,销售初始化
Create Raw Material,创建原材料
Create Finished Good,创建成品
Create Operation,创建工序
Create Bill of Materials,创建物料清单
Create Work Order,创建工单
View Work Order Summary,查看工单汇总
Review Manufacturing Settings,检查生产设置
Create Customer,创建客户
View Sales Order Analysis,查看销售订单分析
Review Selling Settings,检查销售设置
Produced Quantity,生产数量
Completed Operation,已完成工序
Monthly Total Work Orders,每月工单总数
Monthly Quality Inspections,每月质检数
Work Order Analysis,工单分析
Not Started,未开始
In Progress,进行中
Rejected,拒绝
Item,物料
Allow Clearing Link Fields,允许清空链接字段
Buying Setup,采购初始化
Create supplier,创建供应商
Create Supplier,创建供应商
Create Purchase Invoice,创建采购发票
View Purchase Order Analysis,查看采购订单分析
Review Buying Settings,检查采购设置
Set this value to 0 to disable the feature.,将此值设为 0 可禁用此功能。
Tenure,任职
Frappe HR,人力资源
Cheque,支票
Cash,现金
Credit Card,信用卡
Wire Transfer,电汇
Bank Draft,银行汇票
Enable UTM,启用 UTM
"If enabled, the Secondary Items generated against a Finished Good will also be added in the Stock Entry when delivering that Finished Good.",启用后，交付成品时，该成品生成的辅助物料也会添加到库存单据中。
Login,登录
Feedback Template,反馈模板
Setup Organization,组织初始化
Invite Users,邀请用户
Setup Email Account,设置邮箱账户
Setup Role Permissions,设置角色权限
Review System Settings,检查系统设置
Subcontracting Setup,委外初始化
Learn Subcontracting,了解委外
Create Service Item,创建服务物料
Create Subcontracted Item,创建委外物料
Create Subcontracting Purchase Order,创建委外采购订单
Create Subcontracting Order,创建委外订单
Buying Settings,采购设置
Global Defaults,全局默认值
System Settings,系统设置
Accounts Settings,会计设置
POS Settings,POS 设置
Selling Settings,销售设置
Stock Settings,库存设置
Manufacturing Settings,生产设置
Subscription Settings,订阅设置
Currency Exchange Settings,汇率设置
The user can view Sales Invoices but cannot modify any field values in them.,用户可以查看销售发票，但不能修改其中任何字段值。
The user can update a customer or any other fields in an existing Sales Order but cannot create a new Sales Order.,用户可以更新现有销售订单中的客户或其他字段，但不能创建新的销售订单。
The user can delete Draft / Cancelled documents.,用户可以删除草稿或已取消的单据。
Allows the user to use Data Import tool to create / update records.,允许用户使用数据导入工具创建或更新记录。
The user can import new records or update existing data for the document.,用户可以为该单据导入新记录或更新现有数据。
Assets Setup,资产初始化
Learn Asset,了解资产
Create Asset Category,创建资产类别
Create Asset Item,创建资产物料
Create Asset Location,创建资产地点
Create Existing Asset,创建现有资产
 You are impersonating as another user.,您正在冒充其他用户。
!=,!=
"""Company History""",“公司历史”
"""amended_from"" field must be present to do an amendment.",必须出现“modified_from”字段才能进行修改。
"""{0}"" is not a valid Google Sheets URL",“ {0}”不是有效的Google表格网址
#{0},#{0}
${values.doctype_name} has been added to queue for optimization,${values.doctype_name} 已加入优化队列
&copy; Frappe Technologies Pvt. Ltd. and contributors,&copy; Frappe科技有限公司及贡献者
'*' is only allowed in {0} SQL function(s),仅允许在 {0} 个 SQL 函数中使用“*”
'In Global Search' is not allowed for field {0} of type {1},字段类型{1}的字段{0}不允许启用'全局搜索'
'In List View' is not allowed for field {0} of type {1},字段类型{1}的字段{0}不允许显示在'列表视图'
'{0}' is not a valid IBAN,“{0}”不是有效的IBAN号码
'{0}' is not a valid URL,'{0}' 不是有效的URL
'{0}' not allowed for type {1} in row {2},第{2}行类型{1}不允许使用'{0}'
(Mandatory),(必填项)
"0 - too guessable: risky password.
<br>
1 - very guessable: protection from throttled online attacks. 
<br>
2 - somewhat guessable: protection from unthrottled online attacks.
<br>
3 - safely unguessable: moderate protection from offline slow-hash scenario.
<br>
4 - very unguessable: strong protection from offline slow-hash scenario.","0 - 太容易猜到：有风险的密码。
<br>
1 - 非常容易猜测：防止受到限制的在线攻击。 
<br>
2 - 有点可猜测：防止不受限制的在线攻击。
<br>
3 - 安全地不可猜测：适度保护免受离线慢哈希场景的影响。
<br>
4 - 非常难以猜测：针对离线慢哈希场景的强大保护。"
1 = True & 0 = False,1=真 & 0=假
"1 Currency = [?] Fraction
For e.g. 1 USD = 100 Cent","1货币 = [？]分
例如1美元 = 100 美分"
1 Google Calendar Event synced.,已同步1个Google日历事件
1 Report,1个报表
1 day ago,1天前
1 of 2,第1项/共2项
1 row from {0},来自 {0}的 1 行
1 row to {0},1 行至 {0}
1 second ago,1秒前
2 hours ago,2小时前
2 months ago,2个月前
2 weeks ago,2周前
2 years ago,2年前
3 minutes ago,3分钟前
5 days ago,5天前
<,<
"<a href=""https://docs.frappe.io/framework/user/en/api/rest#1-token-based-authentication"" target=""_blank"">
  Click here to learn about token-based authentication
</a>","<a href=""https://docs.frappe.io/framework/user/en/api/rest#1-token-based-authentication"" target=""_blank"">
  点击此处了解基于令牌的认证
</a>"
<b>{0}</b> is not a valid URL,<b>{0}</b> 不是有效的URL
"<div class=""ql-editor read-mode""><p>Request a file containing your personally identifiable information (PII) that is saved on our system. The file will be in JSON format and is sent to you by email. If you would like to have your PII deleted from our system, please make a <a href=""/request-to-delete-data"" rel=""noopener noreferrer"">request to delete data</a>.</p></div>","<div class=""ql-editor read-mode""><p>申请获取包含系统存储的个人身份信息（PII）的文件。文件将以JSON格式通过邮件发送给您。如需从系统中删除您的PII，请提交 <a href=""/request-to-delete-data"" rel=""noopener noreferrer"">数据删除请求</a>。</p></div>"
"<div class=""ql-editor read-mode""><p>Send a request to delete your account and personally identifiable information (PII) that is stored on our system. You will receive an email to verify your request. Once the request is verified we will take care of deleting your PII. If you just want to check what PII we have stored, you can <a href=""/request-data"" rel=""noopener noreferrer"">request your data</a>.</p></div>","<div class=""ql-editor read-mode""><p>提交删除账户及系统存储的个人身份信息（PII）的请求。您将收到验证请求的邮件。请求通过验证后，我们将处理您的PII删除事宜。若仅需查看我们存储的PII内容，您可以<a href=""/request-data"" rel=""noopener noreferrer"">申请获取数据</a>。</p></div>"
"<div class=""well"">
    Edit list of Series in the box. Rules:
    <ul>
        <li>Each Series Prefix on a new line.</li>
        <li>Allowed special characters are ""/"" and ""-""</li>
        <li>
            Optionally, set the number of digits in the series using dot (.)
            followed by hashes (#). For example, "".####"" means that the series
            will have four digits. Default is five digits.
        </li>
        <li>
            You can also use variables in the series name by putting them
            between (.) dots
            <br>
            Supported Variables:
            <ul>
                <li><code>.YYYY.</code> - Year in 4 digits</li>
                <li><code>.YY.</code> - Year in 2 digits</li>
                <li><code>.MM.</code> - Month</li>
                <li><code>.DD.</code> - Day of month</li>
                <li><code>.WW.</code> - Week of the year</li>
                <li>
                    <code>.{fieldname}.</code> - fieldname on the document e.g.
                    <code>branch</code>
                </li>
                <li><code>.FY.</code> - Fiscal Year (requires ERPNext to be installed)</li>
                <li><code>.ABBR.</code> - Company Abbreviation (requires ERPNext to be installed)</li>
            </ul>
        </li>
    </ul>
    Examples:
    <ul>
        <li>INV-</li>
        <li>INV-10-</li>
        <li>INVK-</li>
        <li>INV-.YYYY.-.{branch}.-.MM.-.####</li>
    </ul>
</div>
<br>
","<div class=""well"">
    在框中编辑系列列表。规则：
    <ul>
        <li>每个系列前缀占一行。</li>
        <li>允许的特殊字符为“/”和“-”</li>
        <li>
            可选地，使用点 (.)
            后跟井号 (#) 来设置系列中的位数。例如，“.####”表示系列
            将有四位数字。默认值为五位数字。
        </li>
        <li>
            您还可以在系列名称中使用变量，方法是将它们放在
            (.) 点之间
            <br>
            支持的变量：
            <ul>
                <li><code>.YYYY。</code> - 4 位数字的年份</li>
                <li><code>.YY。</code> - 2 位数字的年份</li>
                <li><code>.MM.</code> - 月份</li>
                <li><code>.DD.</code> - 月份中的日期</li>
                <li><code>.WW.</code> - 一年中的周数</li>
                <li><code>.FY.</code> - 财政年度</li>
                <li><code>.ABBR.</code> - 公司缩写</li>
                <li>
                    <code>.{fieldname}.</code> - 文档上的字段名称，例如
                    <code>分支</code>
                </li>
            </ul>
        </li>
    </ul>
    示例：
    <ul>
        <li>INV-</li>
        <li>INV-10-</li>
        <li>INVK-</li>
        <li>INV-.YYYY.-.{branch}.-.MM.-.####</li>
    </ul>
</div>
<br>
"
"<h3>Custom CSS Help</h3>

<p>Notes:</p>

<ol>
<li>All field groups (label + value) are set attributes <code>data-fieldtype</code> and <code>data-fieldname</code></li>
<li>All values are given class <code>value</code></li>
<li>All Section Breaks are given class <code>section-break</code></li>
<li>All Column Breaks are given class <code>column-break</code></li>
</ol>

<h4>Examples</h4>

<p>1. Left align integers</p>

<pre><code>[data-fieldtype=""Int""] .value { text-align: left; }</code></pre>

<p>1. Add border to sections except the last section</p>

<pre><code>.section-break { padding: 30px 0px; border-bottom: 1px solid #eee; }
.section-break:last-child { padding-bottom: 0px; border-bottom: 0px;  }</code></pre>
","<h3>自定义 CSS 帮助</h3>

<p>注释：</p>

<ol>
<li>所有字段组（标签 + 值）都设置了属性<code>data-fieldtype</code>和<code>data-fieldname</code></li>
<li>所有值都有类<code>value</code></li>
<li>所有分段断开均使用<code>section-break</code>类</li>
<li>所有分隔列均为<code>column-break</code>类</li>
</ol>

<h4>示例</h4>

<p>1.左对齐整数</p>

<pre><code>[data-fieldtype=""Int""] .value { text-align: left; }</code></pre>

<p>1.为除最后一节外的各节添加边框</p>

<pre><code>.section-break { padding：30px 0px; border-bottom：1px solid #eee; }
.section-break:last-child { padding-bottom：0px; border-bottom：0px; }</code></pre>
"
"<h3>Print Format Help</h3>
<hr>
<h4>Introduction</h4>
<p>Print Formats are rendered on the server side using the Jinja Templating Language. All forms have access to the <code>doc</code> object which contains information about the document that is being formatted. You can also access common utilities via the <code>frappe</code> module.</p>
<p>For styling, the Boostrap CSS framework is provided and you can enjoy the full range of classes.</p>
<hr>
<h4>References</h4>
<ol>
	<li><a href=""http://jinja.pocoo.org/docs/templates/"" target=""_blank"">Jinja Templating Language</a></li>
	<li><a href=""http://getbootstrap.com"" target=""_blank"">Bootstrap CSS Framework</a></li>
</ol>
<hr>
<h4>Example</h4>
<pre><code>&lt;h3&gt;{{ doc.select_print_heading or ""Invoice"" }}&lt;/h3&gt;
&lt;div class=""row""&gt;
	&lt;div class=""col-md-3 text-right""&gt;Customer Name&lt;/div&gt;
	&lt;div class=""col-md-9""&gt;{{ doc.customer_name }}&lt;/div&gt;
&lt;/div&gt;
&lt;div class=""row""&gt;
	&lt;div class=""col-md-3 text-right""&gt;Date&lt;/div&gt;
	&lt;div class=""col-md-9""&gt;{{ doc.get_formatted(""invoice_date"") }}&lt;/div&gt;
&lt;/div&gt;
&lt;table class=""table table-bordered""&gt;
	&lt;tbody&gt;
		&lt;tr&gt;
			&lt;th&gt;Sr&lt;/th&gt;
			&lt;th&gt;Item Name&lt;/th&gt;
			&lt;th&gt;Description&lt;/th&gt;
			&lt;th class=""text-right""&gt;Qty&lt;/th&gt;
			&lt;th class=""text-right""&gt;Rate&lt;/th&gt;
			&lt;th class=""text-right""&gt;Amount&lt;/th&gt;
		&lt;/tr&gt;
		{%- for row in doc.items -%}
		&lt;tr&gt;
			&lt;td style=""width: 3%;""&gt;{{ row.idx }}&lt;/td&gt;
			&lt;td style=""width: 20%;""&gt;
				{{ row.item_name }}
				{% if row.item_code != row.item_name -%}
				&lt;br&gt;Item Code: {{ row.item_code}}
				{%- endif %}
			&lt;/td&gt;
			&lt;td style=""width: 37%;""&gt;
				&lt;div style=""border: 0px;""&gt;{{ row.description }}&lt;/div&gt;&lt;/td&gt;
			&lt;td style=""width: 10%; text-align: right;""&gt;{{ row.qty }} {{ row.uom or row.stock_uom }}&lt;/td&gt;
			&lt;td style=""width: 15%; text-align: right;""&gt;{{
				row.get_formatted(""rate"", doc) }}&lt;/td&gt;
			&lt;td style=""width: 15%; text-align: right;""&gt;{{
				row.get_formatted(""amount"", doc) }}&lt;/td&gt;
		&lt;/tr&gt;
		{%- endfor -%}
	&lt;/tbody&gt;
&lt;/table&gt;</code></pre>
<hr>
<h4>Common Functions</h4>
<table class=""table table-bordered"">
	<tbody>
		<tr>
			<td style=""width: 30%;""><code>doc.get_formatted(""[fieldname]"", [parent_doc])</code></td>
			<td>Get document value formatted as Date, Currency, etc. Pass parent <code>doc</code> for currency type fields.</td>
		</tr>
		<tr>
			<td style=""width: 30%;""><code>frappe.db.get_value(""[doctype]"", ""[name]"", ""fieldname"")</code></td>
			<td>Get value from another document.</td>
		</tr>
	</tbody>
</table>
","<h3>打印格式帮助</h3>
<hr>
<h4>简介</h4>
<p>打印格式是使用 Jinja 模板语言在服务器端渲染的。所有表单都可以访问<code>doc</code>对象，该对象包含正在格式化的文档的相关信息。你还可以通过<code>frappe</code>模块访问常用工具。</p>
<p>在样式设计方面，我们提供了 Boostrap CSS 框架，你可以使用全部的类。</p>
<hr>
<h4>参考资料</h4>
<ol>
	<li><a href=""http://jinja.pocoo.org/docs/templates/"" target=""_blank"">Jinja 模板语言</a></li>
	<li><a href=""http://getbootstrap.com"" target=""_blank"">Bootstrap CSS 框架</a></li>
</ol>
<hr>
<h4>示例</h4>
<pre><code>&lt;h3&gt;{{ doc.select_print_heading or ""Invoice"" }}&lt;/h3&gt;
&lt;div class=""row""&gt;
	&lt;div class=""col-md-3 text-right""&gt;客户姓名&lt;/div&gt;
	&lt;div class=""col-md-9""&gt;{{ doc.customer_name }}&lt;/div&gt;
&lt;/div&gt;
&lt;div class=""row""&gt;
	&lt;div class=""col-md-3 text-right""&gt;Date&lt;/div&gt;
	&lt;div class=""col-md-9""&gt;{{ doc.get_formatted(""invoice_date"") }}&lt;/div&gt;
&lt;/div&gt;
&lt;table class=""table table- border"" trbodybordered""&gt;
	&lt;tbody&gt;
		&lt;tr&gt;
			&lt;th&gt;Sr&lt;/th&gt;
			&lt;th&gt;Item Name&lt;/th&gt;
			&lt;th&gt;Description&lt;/th&gt;
			&lt;th class=""text- right"" Qty /th th class=""text- right"" Qtyright""&gt;Qty&lt;/th&gt;
			&lt;th class=""text-right""&gt;Rate&lt;/th&gt;
			&lt;th class=""text-right""&gt;Amount&lt;/th&gt;
		&lt;/tr&gt;
		{%- for row in doc.items -%}
		&lt;tr&gt;
			&lt;td style=""width：3%;""&gt;{{ row.idx }}&lt;/td&gt;
			&lt;td style=""width: 20%;""&gt;
				{{ row.item_name }}
				{% if row.item_code != row.item_name -%}
				&lt;br&gt;项目代码： {{ row.item_code}}
				{%- endif %}
			&lt;/td&gt;
			&lt;td style=""width: 37%;""&gt;
				&lt;div style=""border：0px;""&gt;{{ row.description }}&lt;/div&gt;&lt;/td&gt;
			&lt;td style=""width: 10%; text-align: right;""&gt;{{ row.qty }} {{ row.uom or row.stock_uom }}&lt;/td&gt;
			&lt;td style=""width: 15%; text-align: right;""&gt;{{
				row.get_formatted(""rate"", doc) }}&lt;/td&gt;
			&lt;td style=""width: 15%; text-align: right;""&gt;{{
				row.get_formatted(""amount"", doc) }}&lt;/td&gt;
		&lt;/tr&gt;
		{%- endfor -%}
	&lt;/tbody&gt;
&lt;/table&gt;</code></pre>
<hr>
<h4>常用函数</h4>
<table class=""table table-bordered"">
	<tbody>
		<tr>
			<td style=""width: 30%;""><code>doc.get_formatted(""[fieldname]"", [parent_doc])</code></td>
			<td>获取格式为日期、货币等的文档值。对于货币类型字段，请传递父<code>doc</code>。</td>
		</tr>
		<tr>
			<td style=""width: 30%;""><code>frappe.db.get_value(""[doctype]"", ""[name]"", ""fieldname"")</code></td>
			<td>从另一个文档获取值。</td>
		</tr>
	</tbody>
</table>
"
"<h4>Default Template</h4>
<p>Uses <a href=""http://jinja.pocoo.org/docs/templates/"">Jinja Templating</a> and all the fields of Address (including Custom Fields if any) will be available</p>
<pre><code>{{ address_line1 }}&lt;br&gt;
{% if address_line2 %}{{ address_line2 }}&lt;br&gt;{% endif -%}
{{ city }}&lt;br&gt;
{% if state %}{{ state }}&lt;br&gt;{% endif -%}
{% if pincode %} PIN:  {{ pincode }}&lt;br&gt;{% endif -%}
{{ country }}&lt;br&gt;
{% if phone %}Phone: {{ phone }}&lt;br&gt;{% endif -%}
{% if fax %}Fax: {{ fax }}&lt;br&gt;{% endif -%}
{% if email_id %}Email: {{ email_id }}&lt;br&gt;{% endif -%}
</code></pre>","<h4>默认模板</h4>
<p>使用<a href=""http://jinja.pocoo.org/docs/templates/"">Jinja 模板</a>，地址的所有字段（包括自定义字段（如有））均可用</p>
<pre><code>{{ address_line1 }}&lt;br&gt;
{% if address_line2 %}{{ address_line2 }}&lt;br&gt;{% endif -%}
{{ city }}&lt;br&gt;
{% if state %}{{ state }}&lt;br&gt;{% endif -%}
{% if pincode %} 密码：  {{ pincode }}&lt;br&gt;{% endif -%}
{{ country }}&lt;br&gt;
{% if phone %}电话： {{ phone }}&lt;br&gt;{% endif -%}
{% if fax %}传真： {{ fax }}&lt;br&gt;{% endif -%}
{% if email_id %}电子邮件： {{ email_id }}&lt;br&gt;{% endif -%}
</code></pre>"
"<h4>Email Reply Example</h4>

<pre>Order Overdue

Transaction {{ name }} has exceeded Due Date. Please take necessary action.

Details

- Customer: {{ customer }}
- Amount: {{ grand_total }}
</pre>

<h4>How to get fieldnames</h4>

<p>The fieldnames you can use in your email template are the fields in the document from which you are sending the email. You can find out the fields of any documents via Setup &gt; Customize Form View and selecting the document type (e.g. Sales Invoice)</p>

<h4>Templating</h4>

<p>Templates are compiled using the Jinja Templating Language. To learn more about Jinja, <a class=""strong"" href=""http://jinja.pocoo.org/docs/dev/templates/"">read this documentation.</a></p>
","<h4>电子邮件回复示例</h4>

<pre>订单逾期

交易 {{ name }} 已超过到期日。请采取必要行动。

详情

- 客户： {{ customer }}
- 金额： {{ grand_total }}
</pre>

<h4>如何获取字段名</h4>

<p>您可以在电子邮件模板中使用的字段名是发送电子邮件的文档中的字段。您可以通过设置 &gt; 自定义表单视图并选择文档类型（如销售发票）来查找任何文档的字段。</p>

<h4>模板</h4>

<p>模板使用 Jinja 模板语言编译。要了解有关 Jinja 的更多信息，请<a class=""strong"" href=""http://jinja.pocoo.org/docs/dev/templates/"">阅读此文档。</a></p>
"
"<h5 class=""text-muted uppercase"">Or</h5>","<h5 class=""text-muted uppercase"">或者</h5>"
"<p><strong>{{ __(""Condition Examples"") }}:</strong></p>
<pre><code class=""language-python"">doc.status==""Open""<br>doc.due_date==nowdate()<br>doc.total &gt; 40000
</code></pre>
","<p><strong>{{ __(""Condition Examples"") }}:</strong></p>
<pre><code class=""language-python"">doc.status==""Open""<br>doc.due_date==nowdate()<br>doc.total &gt; 40000
</code></pre>
"
"<p><strong>{{ __(""Condition Examples"") }}:</strong></p>
<pre>doc.status==""Open""<br>doc.due_date==nowdate()<br>doc.total &gt; 40000
</pre>","<p><strong>{{ __(""Condition Examples"") }}:</strong></p>
<pre>doc.status==""Open""<br>doc.due_date==nowdate()<br>doc.total &gt; 40000
</pre>"
"<p>Multiple webforms can be created for a single doctype. Add filters specific to this webform to display correct record after submission.</p><p>For Example:</p>
<p>If you create a separate webform every year to capture feedback from employees add a 
 field named year in doctype and add a filter <b>year = 2023</b></p>
","<p>可为单一类型创建多个网络表单。为该网络表单添加特定筛选器，以便在提交后显示正确的记录。</p><p>例如</p>
<p>如果您每年都创建一个单独的网络表格来收集员工的反馈意见，请在 doctype 中添加一个名为年份的 
 字段，并添加过滤器<b>年份 = 2023</b></p>
"
"<p>Set context before rendering a template. Example:</p><p>
</p><div><pre><code>
context.project = frappe.get_doc(""Project"", frappe.form_dict.name)
</code></pre></div>","<p>在渲染模板前设置上下文。示例</p><p>
</p><div><pre><code>
context.project = frappe.get_doc(""Project"", frappe.form_dict.name)
</code></pre></div>"
"<p>To interact with above HTML you will have to use `root_element` as a parent selector.</p><p>For example:</p><pre class=""p-3 bg-gray-100 border-radius rounded-sm mb-0"" style=""width: fit-content;""><code>// here root_element is provided by default
let some_class_element = root_element.querySelector('.some-class');
some_class_element.textContent = ""New content"";
</code></pre>","<p>要与上述 HTML 交互，您必须使用 `root_element` 作为父选择器。</p><p>例如：</p><pre class=""p-3 bg-gray-100 border-radius rounded-sm mb-0"" style=""width: fit-content;""><code>// 这里默认提供 root_element
let some_class_element = root_element.querySelector('.some-class');
some_class_element.textContent = ""New content"";
</code></pre>"
"<p>Your OTP secret on {0} has been reset. If you did not perform this reset and did not request it, please contact your System Administrator immediately.</p>",<p>您在{0}的OTP密钥已被重置。若非您本人操作，请立即联系系统管理员。</p>
"<pre>*  *  *  *  *
┬  ┬  ┬  ┬  ┬
│  │  │  │  │
│  │  │  │  └ day of week (0 - 6) (0 is Sunday)
│  │  │  └───── month (1 - 12)
│  │  └────────── day of month (1 - 31)
│  └─────────────── hour (0 - 23)
└──────────────────── minute (0 - 59)

---

* - Any value
/ - Step values
</pre>
","<pre>* * * * *
┬ ┬ ┬ ┬ ┬
│ │ │ │ │
│ │ │ │ └ 星期几 (0 - 6)（0 为星期日）
│ │ │ └───── 月 (1 - 12)
│ │ └────────── 月中某天 (1 - 31)
│ └──────────────── 小时 (0 - 23)
└──────────────────── 分钟 (0 - 59)

---

* - 任意值
/ - 步长值
</pre>
"
"<pre><code>doc.grand_total &gt; 0</code></pre>

<p>Conditions should be written in simple Python. Please use properties available in the form only.</p>
<p>Allowed functions:
</p><ul>
<li>frappe.db.get_value</li>
<li>frappe.db.get_list</li>
<li>frappe.session</li>
<li>frappe.utils.now_datetime</li>
<li>frappe.utils.get_datetime</li>
<li>frappe.utils.add_to_date</li>
<li>frappe.utils.now</li>
</ul>
<p>Example: </p><pre><code>doc.creation &gt; frappe.utils.add_to_date(frappe.utils.now_datetime(), days=-5, as_string=True, as_datetime=True) </code></pre><p></p>","<pre><code>doc.grand_total &gt; 0</code></pre>

<p>条件应使用简单的 Python 语言编写。请仅使用表单中可用的属性。</p>
<p>允许使用的函数：
</p><ul>
<li>frappe.db.get_value</li>
<li>frappe.db.get_list</li>
<li>frappe.session</li>
<li>frappe.utils.now_datetime</li>
<li>frappe.utils.get_datetime</li>
<li>frappe.utils.add_too_date</li>
<li>frappe.utils.now</li>
</ul>
<p>示例： </p><pre><code>doc.creation &gt; frappe.utils.add_to_date(frappe.utils.now_datetime(), days=-5, as_string=True, as_datetime=True) </code></pre><p></p>"
"<span class=""h2"">Hi,</span>","<span class=""h2"">你好、</span>"
<strong>Warning:</strong> This field is system generated and may be overwritten by a future update. Modify it using {0} instead.,<strong>警告:</strong> 本字段为系统生成，可能被后续更新覆盖。请使用{0}进行修改。
=,=
>,>
>=,>=
"A DocType's name should start with a letter and can only consist of letters, numbers, spaces, underscores and hyphens",文档类型名称应以字母开头，只能包含字母、数字、空格、下划线和连字符
"A Frappe Framework instance can function as an OAuth Client, Resource, or Authorization server. This DocType contains settings related to all three.",Frappe Framework实例可作为OAuth客户端、资源服务器或授权服务器运行。本文档类型包含与此三种角色相关的设置。
A field with the name {0} already exists in {1},字段{0}已在{1}中存在
A file with same name {} already exists,同名文件{}已存在
A recurring {0} {1} has been created for you via Auto Repeat {2}.,已通过自动重复{2}为您创建周期性{0} {1}。
A template already exists for field {0} of {1},字段{1}.{0}的模板已存在
"A version identifier string for the client software.
<br>
The value of the should change on any update of the client software with the same Software ID.","客户端软件的版本标识符字符串。
<br>
对于具有相同软件ID的客户端软件，该值应在任何更新时变更。"
A0,A0
A1,A1
A2,A2
A3,A3
A4,A4
A5,A5
A6,A6
A7,A7
A8,A8
A9,A9
ALL,全部
API Access,API 访问
API Endpoint Args should be valid JSON,API端点参数应为有效的JSON格式
API Key and Secret to interact with the relay server. These will be auto-generated when the first push notification is sent from any of the apps installed on this site.,与中继服务器交互的 API 密钥和密钥。当从本网站安装的任何应用发送首次推送通知时自动生成。
API Keys,API密钥
API Logging,API调用日志
API Request Log,API请求日志
ASC,升序
About Us,关于我们
About {0} minute remaining,剩余约{0}分钟
About {0} minutes remaining,剩余约{0}分钟
About {0} seconds remaining,剩余约{0}秒
Accept Invitation,接受邀请
Accepted At,接受时间
Access Control,访问控制
Access Token,访问令牌
Access not allowed from this IP Address,禁止从此IP地址访问
Account,科目
Accounts Manager,会计经理
"Accurate count can not be fetched, click here to view all documents",无法获取准确计数，点击此处查看所有文档
Action Complete,操作完成
Action Failed,操作失败
Action Label,操作标签
Action Timeout (Seconds),操作超时（秒）
Action Type,操作类型
Action {0} completed successfully on {1} {2}. View it {3},操作{0}在{2} {1}上成功完成。查看{3}
Action {0} failed on {1} {2}. View it {3},操作{0}在{2} {1}上失败。查看{3}
Actions,操作
Activate,激活
Active Directory,活动目录
Active Sessions,活动会话
Activity,活动
Add,添加
Add / Remove Columns,添加/移除列
Add / Update,添加/更新
Add Attachment,添加附件
Add Background Image,添加背景图片
Add Border at Bottom,底部添加边框
Add Border at Top,顶部添加边框
Add CSS,添加CSS
Add Child,添加子项
Add Column,添加列
Add Contacts,添加联系人
Add Container,添加容器
Add Custom Tags,添加自定义标签
Add Gray Background,添加灰色背景
Add Indexes,添加索引
Add New,添加新内容
Add Participants,添加参与者
Add Query Parameters,添加查询参数
Add Reply-To header,添加回复标题
Add Roles,添加角色
Add Series Prefix,添加系列前缀
Add Signature,添加签名
Add Space at Bottom,底部添加间距
Add Space at Top,顶部添加间距
Add Subscribers,添加订阅者
Add Tags,添加标签
Add Translate Data,添加翻译数据
Add Unsubscribe Link,添加退订链接
Add Video Conferencing,添加视频会议
Add X-Original-From header,添加 X-Original-From 标头
Add a Row,添加行
Add a comment,添加评论
Add a row above the current row,在当前行上方插入行
Add a row at the bottom,在底部添加行
Add a row at the top,在顶部添加行
Add a row below the current row,在当前行下方插入行
Add a {0} Chart,添加{0}图表
Add field,添加字段
Add numbers or special characters.,添加数字或特殊字符。
Add page break,添加分页符
Add section above,在上方添加章节
Add to Dashboard,添加到仪表板
Add to table,添加到表格
Add to this activity by mailing to {0},发送邮件至{0}参与此活动
Add {0},添加{0}
Add/Update Filter,添加/更新过滤器
Added,添加了
Added default log doctypes: {},已添加默认日志文档类型: {}
Added {0} ({1}),已添加{0}（{1}）
Address,地址
Address Template,地址模板
Address Title,地址标题
Address Type,地址类型
Addresses,地址
Addresses added here will be used as the Reply-To header for outgoing emails sent from this account.,此处添加的地址将用作从此账户发送的外发电子邮件的回复标头。
"Adds a clear (×) button to Link fields, allowing users to quickly remove the selected value.",为链接字段添加清除（x）按钮，方便用户快速移除已选值。
Adds a custom client script to a DocType,为文档类型添加自定义客户端脚本
Administrator,管理员
Administrator can't follow,管理员无法关注
Advanced,高级
Advanced Control,高级控制
Advanced Search,高级搜索
Advanced Settings,高级设置
After,之后
After Cancel,取消后
After Delete,删除后
After Discard,废弃后
After Save,保存后
After Submission,提交后
After Submit,提交后
Aggregate Field is required to create a number card,创建数字卡片需要聚合字段
Aggregate Function field is required to create a dashboard chart,创建仪表板图表需要聚合函数字段
Alert,警报
Alias must be a string,别名必须为字符串
Align,对齐
Align Right,右对齐
Alignment,对准
All Records,所有记录
All Submissions,所有提交
Allow,允许
Allow API Indexing Access,允许API索引访问
Allow Auto Repeat,允许自动重复
Allow Bulk Editing,启用批量编辑
Allow Consecutive Login Attempts,允许连续登录尝试次数
Allow Google Calendar Access,允许访问Google日历
Allow Guest,允许访客
Allow Guest to View,允许访客查看
Allow Guests to Upload Files,允许访客上传文件
Allow Login using Mobile Number,允许使用手机号登录
Allow Login using User Name,允许使用用户名登录
Allow Modules,允许模块
Allow Roles,允许角色
Allow comments,允许评论
Allow delete,允许删除
Allow editing after submit,提交后允许编辑
"Allow editing even if the doctype has a workflow set up.

Does nothing if a workflow isn't set up.","即使文档类型已设置工作流程，也允许编辑。

如果未设置工作流程，则不执行任何操作。"
Allow incomplete forms,允许不完整表单
Allow multiple responses,允许多次提交
Allow print,允许打印
Allow sending usage data for improving applications,允许发送使用数据以改进应用程序
Allowed Doctypes for Guest Uploads,允许访客上传的单据类型
Allowed File Extensions,允许的文件扩展名
Allowed In Mentions,允许提及
Allowed Modules,允许的模块
Allowed Public Client Origins,允许的公共客户端来源
Allowed Roles,允许的角色
Allowed embedding domains,允许的嵌入域名
Allowed special characters are '/' and '-',允许的特殊字符为“/”和“-”
"Allows clients to fetch metadata from the <code>/.well-known/oauth-authorization-server</code> endpoint. Reference: <a href=""https://datatracker.ietf.org/doc/html/rfc8414"">RFC8414</a>","允许客户端从<code>/.well-known/oauth-authorization-server</code>端点获取元数据。参考<a href=""https://datatracker.ietf.org/doc/html/rfc8414"">RFC8414</a>"
"Allows clients to fetch metadata from the <code>/.well-known/oauth-protected-resource</code> endpoint. Reference: <a href=""https://datatracker.ietf.org/doc/html/rfc9728#name-protected-resource-metadata"">RFC9728</a>","允许客户端从<code>/.well-known/oauth-protected-resource</code>端点获取元数据。参考：<a href=""https://datatracker.ietf.org/doc/html/rfc9728#name-protected-resource-metadata"">RFC9728</a>"
"Allows clients to register themselves without manual intervention. Registration creates a <b>OAuth Client</b> entry. Reference: <a href=""https://datatracker.ietf.org/doc/html/rfc7591"">RFC7591</a>","允许客户端在无需人工干预的情况下自行注册。注册将创建<b>OAuth 客户端</b>条目。参考：<a href=""https://datatracker.ietf.org/doc/html/rfc7591"">RFC7591</a>"
Allows clients to view this as an Authorization Server when querying the <code>/.well-known/oauth-protected-resource</code> end point.,允许客户端在查询<code>/.well-known/oauth-protected-resource</code>端点时将此视为授权服务器。
Allows enabled Social Login Key Base URL to be shown as authorization server.,允许将已启用的社交登录密钥基础URL显示为授权服务器。
Allows skipping authorization if a user has active tokens.,若用户持有有效令牌，允许跳过授权流程。
Already Registered,已注册
Already amended as {0},已修改为{0}
Already in the following Users ToDo list:{0},已在以下用户待办列表中：{0}
Also adding the status dependency field {0},同时添加状态依赖字段{0}
Always,始终
Always BCC Address,始终密送地址
Amend,修订
Amending,修订中
Amendment Not Allowed,不允许修订
Amendment naming rules updated.,修订命名规则已更新。
An email to verify your request has been sent to your email address. Please verify your request to complete the process.,验证请求的邮件已发送至您的邮件地址。请验证您的请求以完成流程。
An error occurred while setting Session Defaults,设置会话默认值时发生错误
An unexpected error occurred while authorizing {}.,授权{}时发生意外错误。
Announcement Widget,公告小部件
Announcements,公告
Annual,全年
Anonymization Matrix,匿名化矩阵
Anonymous responses,匿名响应
App,应用
App ID,应用 ID
App Name (Client Name),应用名称（客户端名称）
App not found for module: {0},未找到模块{0}对应的应用
App {} is not installed,应用程序 {} 未安装
"Append as communication against this DocType (must have fields: ""Sender"" and ""Subject""). These fields can be defined in the email settings section of the appended doctype.",作为针对此 DocType 的通信附加(必须包含字段：“发件人”和“主题”)。这些字段可以在附加 DocType 的电子邮件设置部分中定义。
Applicable For,适用于
Application Logo,应用徽标
Application Name,应用名称
Application Version,应用版本
Application is not installed,应用未安装
Applied On,应用于
Applies To (DocType),适用于（单据类型）
Apply,应用
Apply Module Export Filter,应用模块导出过滤器
Apply document permissions,应用文档权限
Approval Required,需要审批
Apps,应用
Ar,阿拉伯语
Are you sure you want to cancel the invitation?,是否确认取消邀请？
Are you sure you want to clear the assignments?,确定要清除分配吗？
Are you sure you want to delete all {0} rows?,您确定要删除所有 {0} 行吗？
Are you sure you want to delete the column? All the fields in the column will be moved to the previous column.,确定要删除列吗？该列中的所有字段将移至前一列。
Are you sure you want to delete the tab? All the sections along with fields in the tab will be moved to the previous tab.,确定要删除标签页吗？该标签页中的所有节及字段将移至前一标签页。
Are you sure you want to delete this record?,是否确认删除本记录？
Are you sure you want to discard the changes?,确定要放弃更改吗？
Are you sure you want to generate a new report?,确定要生成新报告吗？
Are you sure you want to log out?,您确定要退出吗？
Are you sure you want to merge {0} with {1}?,确定要将{0}与{1}合并吗？
Are you sure you want to proceed?,确定要继续吗？
Are you sure you want to relink this communication?,您确定要重新链接此通信吗？
Are you sure you want to reset all customizations?,确定要重置所有自定义设置吗？
Are you sure you want to save this document?,确定要保存此文档吗？
Are you sure you want to {0}?,是否确认要{0}？
Arguments,参数
"As document sharing is disabled, please give them the required permissions before assigning.",由于文档共享已禁用，请在分配前授予必要权限。
"As per your request, your account and data on {0} associated with email {1} has been permanently deleted",根据您的要求，已永久删除您在{0}上与电子邮件{1}关联的账户和数据
Ask,询问
Assign To User Group,分配给用户组
Assign a user,分配用户
Assign to the user set in this field,分配给此字段设置的用户
Assignee,负责人
Assignment Rule Day,分配规则日
Assignment Rule is not allowed on document type {0},文档类型{0}不允许使用分配规则
Assignment Update on {0},{0}上的分配更新
Assignment of {0} removed by {1},{1}移除了{0}的分配
Asynchronous,异步
At least one column is required to show in the grid.,网格中需要至少显示一列。
At least one field is required in Web Form Fields Table,Web表单字段表中需要至少一个字段
At least one field of Parent Document Type is mandatory,父文档类型必须至少有一个字段
Attach Files,附加文件
Attached File,附加文件
Attached To Name must be a string or an integer,附加到名称必须是字符串或整数
Attachment,附件
Attachment Limit Reached,已达到附件限制
Attachment Link,附件链接
Attachment Not Found,找不到附件
Attachment Settings,附件设置
Attachments,附件
Attendee not found in this event.,在此活动中未找到参加者。
Attending,出席
Attribution,归属
Audit System Hooks,审计系统钩子
Auth URL data should be valid JSON,认证URL数据应为有效的JSON格式
Authenticate as Service Principal,作为服务主体认证
Authentication Apps you can use are:,可使用的认证应用包括：
Authentication failed while receiving emails from Email Account: {0}.,从电子邮件账户{0}接收邮件时认证失败。
Author,作者
Authorization,授权
Authorization Code,授权码
Authorization URI,授权URI
Authorization error for {}.,{}的授权错误。
Authorize API Access,授权API访问
Authorize API Indexing  Access,授权API索引访问
Authorize Google Calendar Access,授权Google日历访问
Authorize URL,授权URL
Authors,作者
Authors / Maintainers,作者/维护者
Auto,自动
Auto Repeat,自动重复
Auto Repeat Day,自动重复日
Auto Repeat Day{0} {1} has been repeated.,自动重复日{0} {1}已重复。
Auto Repeat Document Creation Failed,自动重复文档创建失败
Auto Repeat Schedule,自动重复计划
Auto Repeat User,自动重复用户
Auto Repeat created for this document,已为此文档创建自动重复
Auto Repeat failed for {0},{0}自动重复失败
Auto Reply,自动回复
Auto repeat failed. Please enable auto repeat after fixing the issues.,自动重复失败。请在解决问题后重新启用自动重复。
Autocomplete,自动完成
Automated Message,自动化消息
Automatic sending of emails is disabled via site config.,通过站点配置禁用自动发送电子邮件。
Automatically applied a filter for recent data. You can disable this behavior from the list view settings.,已自动应用最近数据筛选器。您可以在列表视图设置中禁用此行为。
Awaiting Password,等待密码
Awesome Work,出色的工作
"Awesome, now try making an entry yourself",很棒，现在请尝试自己创建条目
B,B
B0,B0
B1,B1
B10,B10
B2,B2
B3,B3
B4,B4
B5,B5
B6,B6
B7,B7
B8,B8
B9,B9
Back,返回
Back to Home,返回首页
Back to sign in,返回登录
Background Color,背景颜色
Background Image,背景图片
Background Jobs Check,后台作业检查
Background Print (required for >25 documents),后台打印（超过25个文档时需要）
Backups (MB),备份(MB)
Bad Cron Expression,错误的Cron表达式
Banker's Rounding (legacy),银行家舍入法（旧版）
Banner,横幅
Banner HTML,横幅HTML
Bar,柱状图
Barcode,条码
Base URL,基础URL
Based On,基于
Based on Field,基于字段
Based on Permissions For User,基于用户权限
Basic Info,基本信息
Before,之前
Before Cancel,取消前
Before Delete,删除前
Before Discard,放弃前
Before Print,打印前
Before Save,保存前
Before Submit,提交前
Beginner,初学者
Binary Logging,二进制日志记录
Bio,个人简介
Birth Date,出生日期
Blank Template,空白模板
Blue,蓝色
Bottom,底部
Brand,品牌
Brand HTML,品牌HTML
"Brand is what appears on the top-left of the toolbar. If it is an image, make sure it
has a transparent background and use the &lt;img /&gt; tag. Keep size as 200px x 30px","品牌是出现在工具栏左上方的内容。如果是图片，请确保
背景透明，并使用 &lt;img /&gt; 标签。大小保持为 200px x 30px"
Breadcrumbs,面包屑导航
Browser,浏览器
Browser Version,浏览器版本
Bufferpool Size,缓冲池大小
Build,构建
Build {0},构建{0}
Built on {0},基于{0}构建
Bulk Actions,批量操作
Bulk Delete,批量删除
Bulk Edit {0},批量编辑{0}
Bulk Operation Failed,批量操作失败
Bulk Operation Successful,批量操作成功
Bulk Update,批量更新
Bulk approval only support up to 500 documents.,批量审批最多支持500个文档。
Bulk operation is enqueued in background.,批量操作已加入后台队列。
Bulk operations only support up to 500 documents.,批量操作最多支持500个文档。
Bulk {0} is enqueued in background.,批量{0}已加入后台队列。
Button,按钮
Button Color,按钮颜色
Button Gradients,按钮渐变
Button Rounded Corners,按钮圆角
Button Shadows,按钮阴影
"By default the title is used as meta title, adding a value here will override it.",默认使用标题作为元标题，在此处添加值将覆盖默认设置。
Bypass Restricted IP Address Check If Two Factor Auth Enabled,启用双因素认证时绕过受限IP地址检查
C5E,C5E
CANCELLED,已取消
CMD,命令
COLOR PICKER,颜色选择器
CSS,CSS
CSS Class,CSS类
CSS selector for the element you want to highlight.,需高亮元素的CSS选择器
CSV,CSV
Cache,缓存
Cache Cleared,缓存已清除
Calendar,日历
Calendar Name,日历名称
Calendar View,日历视图
Callback Message,回调消息
Callback Title,回调标题
Camera,摄像头
Campaign,促销活动
Campaign Description (Optional),活动描述（可选）
Can not rename as column {0} is already present on DocType.,无法重命名，因为列{0}已存在于文档类型中。
Can't follow since changes are not tracked.,无法关注，因为未跟踪更改。
Can't rename {0} to {1} because {0} doesn't exist.,无法将{0}重命名为{1}，因为{0}不存在。
Cancel,取消
Cancel All,全部取消
Cancel Import,取消导入
Cancel Prepared Report,取消准备的报告
Cancelling,正在取消
Cannot Download Report due to insufficient permissions,因权限不足无法下载报告
Cannot Fetch Values,无法获取值
Cannot access file path {0},无法访问文件路径{0}
Cannot attach a folder to a document,无法将文件夹附加到单据
Cannot cancel before submitting while transitioning from <b>{0} State</b> to <b>{1} State</b>,从<b>{0}状态</b>转换到<b>{1}状态</b>时，提交前无法取消
Cannot cancel {0}.,无法取消{0}。
Cannot change docstatus from 0 (Draft) to 2 (Cancelled),无法将文档状态从0（草稿）更改为2（已取消）
Cannot change docstatus from 1 (Submitted) to 0 (Draft),无法将文档状态从1（已提交）更改为0（草稿）
Cannot change field type in {0}: some existing values cannot be converted to the new type,无法更改 {0} 中的字段类型：某些现有值无法转换为新类型
Cannot change state of Cancelled Document <b>({0} State)</b>,无法更改已取消文档的状态<b>({0}状态)</b>
Cannot configure Core DocTypes for Global Search.,无法配置全局搜索的核心单据类型。
Cannot create private workspace of other users,无法创建其他用户的私有工作空间
Cannot delete Desktop Icon '{0}' as it is restricted,无法删除桌面图标“{0}”，因为它受到限制
Cannot delete standard action. You can hide it if you want,无法删除标准操作。您可以隐藏它
Cannot delete standard document state.,无法删除标准文档状态。
Cannot delete standard field <strong>{0}</strong>. You can hide it instead.,无法删除标准字段<strong>{0}</strong>。您可以隐藏它。
Cannot delete standard link. You can hide it if you want,无法删除标准链接。您可以隐藏它
Cannot delete system generated field <strong>{0}</strong>. You can hide it instead.,无法删除系统生成字段<strong>{0}</strong>。您可以隐藏它。
Cannot delete {0},无法删除{0}
Cannot edit Standard Dashboards,无法编辑标准仪表板
Cannot edit Standard charts,无法编辑标准图表
Cannot edit filters for standard charts,无法编辑标准图表筛选器
Cannot edit filters for standard number cards,无法编辑标准数字卡筛选器
Cannot enable {0} for a non-submittable doctype,无法为非可提交文档类型启用{0}
Cannot find file {} on disk,无法在磁盘上找到文件{}
Cannot get file contents of a Folder,无法获取文件夹内容
Cannot import table with more than 5000 rows.,无法导入超过5000行的表格。
Cannot map because following condition fails:,无法对应，因为以下条件失败：
Cannot register an empty XLSX style,无法注册空的 XLSX 样式
Cannot set 'Report' permission if 'Only If Creator' permission is set,若设置'仅创建者'权限则无法设置'报告'权限
Cannot set Notification with event {0} on Document Type {1},无法在文档类型{1}上设置事件{0}的通知
Cannot share {0} with submit permission as the doctype {1} is not submittable,无法共享{0}的提交权限，因为文档类型{1}不可提交
Cannot submit {0}.,无法提交{0}。
Cannot update {0},无法更新{0}
Cannot use sub-query here.,此处不能使用子查询。
Cannot use {0} in order/group by,不能在order/group by中使用{0}
Cannot {0} {1}.,无法{0} {1}。
Capture,捕获
Card,卡片
Card Break,卡片分隔
Card Links,卡片链接
Category,类别
Category Name,类别名称
Change Image,更换图片
Change Letter Head,更换信头
Change Print Format,更改打印格式
"Change the starting / current sequence number of an existing series. <br>

Warning: Incorrectly updating counters can prevent documents from getting created.","更改现有序列的起始/当前序列号。 <br>

警告：错误更新计数器可能导致无法创建文档。"
Changed at,更改于
Changed by,更改人
Changelog Feed,变更日志订阅
Changing any setting will reflect on all the email accounts associated with this domain.,任何设置更改将影响与此域关联的所有电子邮件账户。
Channel,渠道
Chart,图表
Chart Configuration,图表配置
Chart Name,图表名称
Chart Options,图表选项
Chart Source,图表来源
Chart Type,图表类型
Chat,聊天
Check Request URL,检查请求URL
Check the Error Log for more information: {0},查看错误日志获取更多信息：{0}
Check this if the Update Value is a formula or expression (e.g. doc.amount * 2). Leave unchecked for plain text values.,如果更新值是公式或表达式（例如 doc.amount * 2），请选中此项。对于纯文本值，不要选中。
Check this if you don't want users to sign up for an account on your site. Users won't get desk access unless you explicitly provide it.,勾选此项可禁止用户注册账户。除非明确授权，否则用户无法访问工作台。
"Check to display the full numeric value (e.g., 1,234,567 instead of 1.2M).","勾选以显示完整数值（例如：1,234,567而非1.2M）。"
"Checking this will enable tracking page views for blogs, web pages, etc.",勾选此项将启用博客、网页等的页面浏览跟踪
Checking this will publish the page on your website and it'll be visible to everyone.,勾选此项将在网站上发布该页面，所有人可见。
Checking this will show a text area where you can write custom javascript that will run on this page.,勾选此项将显示文本区，可编写在此页面运行的JavaScript代码。
Child DocTypes are not allowed,不允许子文档类型
Child Doctype,子文档类型
Child Table {0} for field {1} must be virtual,字段{1}的子表{0}必须为虚拟表
Child query fields for '{0}' must be a list or tuple.,“{0}”的子查询字段必须为列表或元组。
Choose a color,选择颜色
Choose an icon,选择图标
City,城市
City/Town,市/镇
Clear & Add Template,清空并添加模板
Clear & Add template,清除并添加模板
Clear Assignment,清除分配
Clear Error Logs,清除错误日志
Clear Link,清除链接
Clear Logs After (days),日志保留天数
Clear all filters,清除所有过滤器
Clear cache and reload,清除缓存和重新加载
Click below to get started:,点击下方开始使用：
Click here,点击此处
Click on a file to select it.,点击文件进行选择。
Click on the button to log in to {0},点击按钮登录{0}
Click on the link below to approve the request,点击下方链接批准请求
Click on {0} to edit,点击{0}进行编辑
Click table to edit,点击表格进行编辑
Click to Set Dynamic Filters,点击设置动态筛选器
Click to sort by {0},点击按{0}排序
Client,客户端
Client Credentials,客户端凭证
Client ID,客户端ID
Client Id,客户端标识
Client Metadata,客户端元数据
Client Script,客户端脚本
Client Secret Basic,客户端密钥基本认证
Client Secret Post,客户端密钥POST认证
Client URI,客户端URI
Client script,客户端脚本
Close,关闭
Close Condition,关闭条件
Close properties,关闭属性
Closed,已关闭
Cmd+Enter to add comment,Cmd+Enter添加评论
Code,代码
Code Challenge,代码质询
Code Editor Type,代码编辑器类型
Code challenge method,代码质询方法
Collapsible,可折叠
Color,颜色
Column,列
Column 1,列1
Column 2,列2
Column Labels:,列标签：
Column Name,列名
Column Name cannot be empty,列名不能为空
Column Width,列宽
Column width cannot be zero.,列宽不能为零。
Column {0},列{0}
Columns,列
Columns / Fields,列/字段
Comm10E,Comm10E
Comment,评论
Comment Type,评论类型
Comment publicity can only be updated by the original author or a System Manager.,评论公开状态仅可由原作者或系统管理员修改。
Comments,评论
Commit,提交
Committed,已提交
Common words are easy to guess.,常见的单词很容易猜到。
Communication Date,通讯日期
Communication Link,通讯链接
Communication secret not set,未设置通讯密钥
Company Abbreviation (requires ERPNext to be installed),公司缩写（需要安装 ERPNext）
Company History,公司历史
Company Introduction,公司简介
Compare Versions,版本比较
Compilation warning,编译警告
Compiled Successfully,编译成功
Complete,完成
Complete Registration,完成注册
Completed,已完成
Component,薪资构成
Compressed,已压缩
Condition,条件
Condition JSON,条件JSON
Condition Type,条件类型
Condition description,条件描述
Conditions,条件
Configure,配置
Configure Chart,配置图表
Configure Recorder,配置记录器
Configure columns for {0},为{0}配置列
Configure search fields,配置搜索字段
Configure search settings,配置搜索设置
"Configure various aspects of how document naming works like naming series, current counter.",配置文档命名的各项参数，如命名序列、当前计数器。
Confirm,确认
Confirm Access,确认访问
Confirm Deletion of Account,确认删除账户
Confirm New Password,确认新密码
Confirmation Email Template,确认邮件模板
"Congratulations on completing the module setup. If you want to learn more you can refer to the documentation <a target=""_blank"" href=""{0}"">here</a>.","恭喜您完成模块设置。如果您想了解更多信息，可以参考文档 <a target=""_blank"" href=""{0}"">这里</a>。"
Connect to {},连接到{}
Connected User,已连接用户
Connection Lost,连接丢失
Connection Success,连接成功
Console,控制台
Console Log,控制台日志
Console Logs can not be deleted,控制台日志不可删除
Constraints,约束条件
Contact,联系人
Contact / email not found. Did not add attendee for -<br>{0},未找到联系人/邮件地址。未添加参与者 -<br>{0}
Contact Numbers,联系电话
Contact Phone,联系电话
Contact Synced with Google Contacts.,联系人已与Google联系人同步。
Contact Us,联系我们
Contact Us Settings,联系我们设置
Contacts,联系人
Contains {0} security fix,包含{0}个安全修复
Contains {0} security fixes,包含{0}个安全修复
Content,内容
Content Hash,内容哈希
Content Type,内容类型
Content data shoud be a list,内容数据应为列表
Content type for building the page,页面构建的内容类型
Context,上下文
Context Script,上下文脚本
Continue,继续
Contribution Document Name,贡献文档名称
Contribution Status,贡献状态
"Controls whether new users can sign up using this Social Login Key. If unset, Website Settings is respected.",控制是否允许新用户使用此社交登录密钥注册。若未设置，则遵循网站设置。
Copied {0} {1} to clipboard,已将 {0} {1} 复制到剪贴板
Copy File URL,复制文件网址
Copy Link,复制链接
Copy embed code,复制嵌入代码
Copy to Clipboard,复制到剪贴板
Copy token to clipboard,复制令牌至剪贴板
Copyright,版权
Core Modules {0} cannot be searched in Global Search.,核心模块{0}无法在全局搜索中查找。
Correct version :,正确版本：
Could not connect to outgoing email server,无法连接到外发邮件服务器
Could not map column {0} to field {1},无法映射列{0}到字段{1}
Could not parse field: {0},无法解析字段：{0}
Could not start Chromium. Check logs for details.,无法启动Chromium。请查看日志获取详细信息。
Could not start up:,无法启动：
Count,计数
Count Customizations,自定义项计数
Count of linked documents,关联文档计数
Counter,计数器
Country,国家
Country Code Required,需要国家代码
Country Name,国家名称
Create,创建
Create & Continue,创建并继续
Create Account,创建账户
Create Address,创建地址
Create Chart,创建图表
Create Child Doctype,创建子文档类型
Create Entry,创建条目
Create Letter Head,创建信头
Create Log,创建日志
Create New,新建
Create New Kanban Board,新建看板面板
Create a New Format,创建新格式
Create a Reminder,创建提醒
Create a new document,创建一个新单据
Created At,创建于
Created By,创建人
Creation of this document is only permitted in developer mode.,仅允许在开发者模式下创建此文档。
Cron Format,Cron格式
Cron format is required for job types with Cron frequency.,Cron频率的作业类型需要Cron格式。
Currency,货币
Currency Name,货币名称
Currency Precision,货币精度
"Currency list stores the currency value, its symbol and fraction unit",货币列表存储货币值、符号及最小单位
Current,当前
Current Index,当前指数
Current Job ID,当前作业ID
Current Series,当前单据编号模板
Current Value,当前值
Current status,当前状态
Custom,自定义
Custom Configuration,自定义配置
Custom Delimiters,自定义分隔符
Custom Documents,自定义文档
Custom Field,自定义字段
Custom Field {0} is created by the Administrator and can only be deleted through the Administrator account.,自定义字段{0}由管理员创建，仅能通过管理员账户删除。
Custom Footer,自定义页脚
Custom Format,自定义格式
Custom Group Search,自定义组搜索
"Custom Group Search if filled needs to contain the user placeholder {0}, eg uid={0},ou=users,dc=example,dc=com","若填写自定义群组搜索，需包含用户占位符{0}，例如uid={0},ou=users,dc=example,dc=com"
Custom HTML,自定义HTML
Custom HTML Help,自定义HTML帮助
"Custom LDAP Directoy Selected, please ensure 'LDAP Group Member attribute' and 'Group Object Class' are entered",已选择自定义LDAP目录，请确保填写'LDAP组成员属性'和'组对象类'
Custom Label,自定义标签
Custom Menu Items,自定义菜单项
Custom Options,自定义选项
Custom Overrides,自定义覆盖
Custom Report,自定义报表
Custom Reports,自定义报表
Custom Role,自定义角色
Custom SCSS,自定义SCSS
"Custom get_list method for {0} must return a QueryBuilder object or None, got {1}",{0}的自定义get_list方法必须返回QueryBuilder对象或None，实际返回{1}
Custom?,自定义？
Customizations Discarded,已放弃自定义
Customize Dashboard,自定义仪表板
Customize Form - {0},自定义表单 - {0}
DB Tables,数据库表
DELAY,延迟
DELETE,删除
DLE,DLE
DRAFT,草稿
Daily Events should finish on the Same Day.,每日事件应在同一天结束。
Daily Long,每日长格式
Daily Maintenance,日常维护
Danger,危险
Dark,深色
Dark Color,深色
Dark Theme,暗色主题
Dashboard Chart Field,仪表板图表字段
Data,数据
Data Clipped,数据截断
Data Export,数据导出
Data Import,数据导入
Data Import Log,数据导入日志
Data Import Template,数据导入模板
Data Import is not allowed for {0}. Enable 'Allow Import' in DocType settings.,不允许 {0} 导入数据。在 DocType 设置中启用“允许导入”。
Data Too Long,数据过长
Database,数据库
Database Engine,数据库引擎
Database Processes,数据库进程
Database Table Row Size Limit,数据库表行大小限制
Database Version,数据库版本
Date,日期
Date Format,日期格式
Date Range,日期范围
Date after which this security.txt should be considered stale. Expires timestamp is converted to UTC.,此 security.txt 应被视为过时的日期。过期时间戳转换为 UTC。
Date and Number Format,日期和数字格式
Day,天
Day of Week,星期几
Day of month,一个月中的哪一天
Days,天
Days Remaining,剩余天数
Deadlock Occurred,发生死锁
Debug Log,调试日志
Decimal Separator must be '.' when Quoting is set to Non-numeric,当报价设置为非数字时，小数分隔符必须为'.'
Decimal Separator must be a single character,小数分隔符必须为单个字符
Default,默认
Default App,默认应用
Default Email Template,默认邮件模板
Default Inbox,默认收件箱
Default Portal Home,默认门户首页
Default Print Format,默认打印格式
Default Print Language,默认打印语言
Default Redirect URI,默认重定向URI
Default Sort Field,默认排序字段
Default Template For Field,字段的默认模板
Default Theme,默认主题
Default User Role,默认用户角色
Default User Type,默认用户类型
Default Value,默认值
Default View,默认视图
Default Workspace,默认工作区
Default display currency,默认显示货币
Default value for {0} must be in the list of options.,{0}的默认值必须在选项列表中。
DefaultValue,默认值
Defaults,默认值
Defaults Updated,默认设置已更新
Defaults to `en`,默认为 `en`
Defines how long exported reports sent via email are kept in the system. Older files will be automatically deleted.,定义通过邮件发送的导出报告在系统中保留的时长。较早的文件将被自动删除。
Delete,删除
Delete Account,删除账户
Delete Background Exported Reports After (Hours),后台导出报告删除时限（小时）
Delete Column,删除列
Delete Data,删除数据
Delete Gravatar URLs,删除头像 URL
Delete Kanban Board,删除看板
Delete Section,删除节段
Delete Tab,删除标签页
Delete all,全部删除
Delete all {0} rows,删除所有 {0} 行
Delete and Generate New,删除并生成新项
Delete column,删除列
Delete comment?,删除评论？
Delete entire column with fields,删除包含字段的整列
Delete entire tab with fields,删除包含字段的整个标签页
Delete section,删除节段
Delete tab,删除标签页
Deleted,已删除
Deleted!,已删除!
Deletion Steps,删除步骤
Deletion of this document is only permitted in developer mode.,仅在开发者模式下允许删除此文档
Delimiter Options,分隔符选项
Delimiter detection failed. Try to enable custom delimiters and adjust the delimiter options as per your data.,分隔符检测失败。请启用自定义分隔符并根据数据调整分隔符选项
Delimiter must be a single character,分隔符必须为单个字符
Delivery Status,交货状态
Delivery Status Notification Type,递送状态通知类型
Deny,拒绝
Department,部门
Depends On,取决于
Description,描述
Description to inform the user about any action that is going to be performed,用于向用户说明即将执行的操作的描述
Designation,职位
Desk User,桌面用户
Desktop Icon,桌面图标
Desktop Layout,桌面布局
Desktop Settings,桌面设置
Details,详细信息
Detect CSV type,检测CSV类型
Didn't receive the link?,没有收到链接？
Diff,差异
Digits,数字
Dinars,第纳尔
Directory Server,目录服务器
Disable Auto Refresh,禁用自动刷新
Disable Automatic Recency Filters,禁用自动时效性过滤器
Disable Comment Count,禁用评论计数
Disable Count,禁用计数
Disable Prepared Report Automation,禁用准备的报告自动化
Disable Scrolling,禁用滚动
Disabled,禁用
Disabled Auto Reply,禁用自动回复
Discard,丢弃
Discard {0},放弃 {0}
Discard?,确认放弃？
Discarded,已放弃
Disclaimer: These indexes are suggested based on data and queries performed during this recording. These suggestions may or may not help.,免责声明：这些索引建议基于录制期间的数据和查询，可能对性能提升有帮助，也可能没有帮助
Discussion Reply,讨论回复
Discussion Topic,讨论主题
Display,显示
Divider,分隔线
Do Not Create New User,不创建新用户
Do not create new user if user with email does not exist in the system,如果系统中不存在该邮箱用户则不创建新用户
Do not warn me again about {0},不再就{0}向我发出警告
"DocStatus of the following states have changed:<br><strong>{0}</strong><br>
				Do you want to update the docstatus of existing documents in those states?<br>
				This does not undo any effect bought in by the document's existing docstatus.
				","以下状态的文档状态已更改：<br><strong>{0}</strong><br>
				您想更新这些状态下现有文档的 docstatus 吗？<br>
				这不会消除文档现有 docstatus 所带来的任何影响。
				"
DocType <b>{0}</b> provided for the field <b>{1}</b> must have atleast one Link field,字段 <b>{1}</b> 指定的DocType <b>{0}</b> 必须至少包含一个链接字段
DocType Missing,单据类型缺失
DocType View,文档类型视图
DocType must have atleast one field,文档类型必须至少包含一个字段
DocType not supported by Log Settings.,日志设置不支持该文档类型
DocType required,需指定文档类型
DocType {0} does not exist.,文档类型 {0} 不存在
DocType {} not found,未找到文档类型 {}
DocType's name should not start or end with whitespace,文档类型名称首尾不可包含空格
"DocTypes cannot be modified, please use {0} instead",文档类型不可修改，请使用 {0}
Doctype To Sync,要同步的单据类型
Doctype name is limited to {0} characters ({1}),文档类型名称长度限制为 {0} 字符（当前：{1}）
Document Links Row #{0}: Could not find field {1} in {2} DocType,文档链接第 #{0} 行：在 {2} 文档类型中未找到字段 {1}
Document Links Row #{0}: Invalid doctype or fieldname.,文档链接第 #{0} 行：无效的文档类型或字段名
Document Links Row #{0}: Parent DocType is mandatory for internal links,文档链接第 #{0} 行：内部链接必须指定父文档类型
Document Links Row #{0}: Table Fieldname is mandatory for internal links,文档链接第 #{0} 行：内部链接必须指定表字段名
Document Name (ID),单据名称（ID）
Document Name must not be empty,单据名称不能为空
Document Restoration Summary,文档恢复摘要
Document Saved,文档已保存
Document Tag,文档标签
Document Title,文档标题
Document Type and Function are required to create a number card,创建数字卡片需指定文档类型和功能
Document Type is required,文件类型为必填项
Document Type {0} has been repeated.,文档类型 {0} 已重复
Document Types (Select Permissions Only),文档类型（仅选择权限）
Document Unlocked,文档已解锁
Document cannot be used as a filter value,单据不能用作过滤值
Document follow is not enabled for this user.,该用户未启用文档关注功能
Document has been cancelled,文档已取消
Document has been submitted,文档已提交
Document is in draft state,文档处于草稿状态
Document not Relinked,文档未重新链接
Document renaming from {0} to {1} has been queued,文档重命名（从 {0} 到 {1}）已加入队列
Document {0} Already Restored,文档 {0} 已恢复
Documentation URL,文档URL
Documents restored successfully,文档恢复成功
Documents that failed to restore,恢复失败的文档
Documents that were already restored,已恢复的文档
Domain Name,域名
Domains HTML,域名HTML
Don't Import,不导入
Don't have an account?,没有账户？
Download,下载
Download Data,下载数据
Download Files Backup,下载文件备份
Download Link,下载链接
Download PDF,下载PDF
Download Template,下载模板
Download Your Data,下载您的数据
Download as CSV,下载为CSV
Download vCard,下载vCard
Download vCards,下载vCards
Drag,拖动
Drag columns to set order. Column width is set in percentage. The total width should not be more than 100. Columns marked in red will be removed.,拖动列以排序。列宽按百分比设置，总宽度不得超过100%。红色标记的列将被删除
Dropdowns,下拉列表
DuckDB Sync,DuckDB 同步
DuckDB Sync Item,DuckDB 同步项
Due Date,到期日
Due Date Based On,到期日依据
Duplicate,复制
Duplicate Name,名称重复
Duplicate current row,复制当前行
Duplicate rows,重复行
Dynamic,动态
Dynamic Filters,动态过滤器
Dynamic Filters JSON,动态过滤器JSON
Dynamic Link,动态链接
Dynamic Route,动态路由
Dynamic Template,动态模板
Edit,编辑
Edit Address in Form,在表单中编辑地址
Edit Chart,编辑图表
Edit Custom Block,编辑自定义块
Edit Custom HTML,编辑自定义HTML
Edit Footer,编辑页脚
Edit Format,编辑格式
Edit HTML,编辑HTML
Edit Header,编辑页眉
Edit Heading,编辑标题
Edit Letter Head,编辑信头
Edit Letter Head Footer,编辑信头页脚
Edit Links,编辑链接
Edit Number Card,编辑数字卡片
Edit Onboarding,编辑入职流程
Edit Print Format,编辑打印格式
Edit Profile,编辑个人资料
Edit Properties,编辑属性
Edit Quick List,编辑快速列表
Edit Shortcut,编辑快捷方式
Edit Values,编辑值
Edit mode,编辑模式
Edit row,编辑行
Edit the {0} Doctype,编辑 {0} 文档类型
Edit your response,编辑您的回复
Edit {0},编辑{0}
Edit {0} rows,编辑 {0} 行
Editing {0},正在编辑 {0}
Either key or IP flag is required.,需提供密钥或IP标识
Element Selector,元素选择器
Email Account Disabled.,电子邮件账户已禁用
Email Account not setup. Please create a new Email Account from Settings > Email Account,未设置电子邮件账户。请通过 设置 > 电子邮件账户 创建新账户
Email Account {0} Disabled,邮件账户{0}已禁用
Email Address,电子邮箱
Email Addresses,电子邮件地址
Email Group,电子邮件组
Email Header,邮件标头
Email Queue flushing aborted due to too many failures.,由于过多失败，已中止电子邮件队列刷新操作。
Email Retry Limit,邮件重试次数限制
Email Sent,邮件已发出？
Email Sent At,邮件发送时间
Email Settings,邮件设置
Email Signature,邮件签名
Email Template,电子邮件模板
Email is mandatory to create User Email,创建用户电子邮件时必须填写邮箱地址
Email is required.,需要电子邮件。
Email not sent to {0} (unsubscribed / disabled),电子邮件不会被发送到{0}（退订/禁用）
Email queue is currently suspended. Resume to automatically send other emails.,邮件队列已暂停。恢复后系统将自动发送其他邮件。
Email sending undone,电子邮件发送已撤消
Email size {0:.2f} MB exceeds the maximum allowed size of {1:.2f} MB,电子邮件大小 {0:.2f} MB 超出了允许的最大大小 {1:.2f} MB
Email undo window is over. Cannot undo email.,电子邮件撤消窗口已结束。无法撤消电子邮件。
Emails Pulled,已拉取电子邮件
Emails are already being pulled from this account.,已从该账户持续拉取电子邮件。
Embed code copied,嵌入代码已复制
Empty alias is not allowed,不允许使用空别名
Empty string arguments are not allowed,不允许使用空字符串参数
Enable,启用
Enable Action Confirmation,启用操作确认
Enable Address Autocompletion,启用地址自动补全功能
Enable Allow Auto Repeat for the doctype {0} in Customize Form,在表单自定义中为文档类型{0}启用自动重复功能
Enable Auto Reply,启用自动回复
Enable Comments,启用评论
Enable Dynamic Client Registration,启用动态客户端注册
Enable Email Notifications,启用邮件通知
Enable Google API in Google Settings.,在Google设置中启用Google API。
Enable Password Policy,启用密码策略
Enable Print Server,启用打印服务器
Enable Push Notification Relay,启用推送通知中继
Enable Scheduler,启用调度程序
Enable Security,启用安全设置
Enable Snapshot Reports,启用快照报告
Enable Social Login,启用社交登录
Enable System Notification,启用系统通知
Enable Tracking Page Views,启用页面访问跟踪
Enable bulk edit for child table fields in Form view.,在表单视图中启用子表字段的批量编辑。
Enable bulk update of this field across child table rows.,跨子表行启用此字段的批量更新。
Enable developer mode to create a standard Print Template,启用开发者模式以创建标准打印模板
Enable developer mode to create a standard Web Template,启用开发者模式以创建标准网页模板
"Enable if on click
opens modal.","如果点击
则启用打开模式。"
Enable in-app website tracking,启用应用内网站跟踪
Enabled,已启用
"Enabling this will register your site on a central relay server to send push notifications for all installed apps through Firebase Cloud Messaging. This server only stores user tokens and error logs, and no messages are saved.",启用后将在中央中继服务器注册站点，通过Firebase云消息推送所有已安装应用的通知。该服务器仅存储用户令牌和错误日志，不保存任何消息。
Encryption key is in invalid format!,加密密钥格式无效！
Encryption key is invalid! Please check site_config.json,加密密钥无效！请检查site_config.json文件
End,结束
End Date,结束日期
End Date Field,结束日期字段
End Date cannot be today.,结束日期不能是今日。
Endpoints,端点
Energy Point,能量点
Enqueued By,入队者
Enqueued creation of indexes,索引创建已入队
Ensure the user and group search paths are correct.,确保用户和组搜索路径正确。
Enter Client Id and Client Secret in Google Settings.,在Google设置中输入客户端ID和客户端密钥。
Enter Code displayed in OTP App.,输入OTP应用中显示的验证码。
"Enter Email Recipient(s) in the To, CC, or BCC fields",在“收件人”、“抄送”或“密件抄送”字段中输入电子邮件收件人
Enter Value,输入值
Enter a name for this {0},为此{0}输入名称
Enter folder name,输入文件夹名称
"Enter list of Options, each on a new line.",输入选项列表，每个选项占一个新行。
Enter the fieldname of the currency field or a cached value (e.g. Company:company:default_currency).,输入货币字段的字段名称或缓存值（例如 Company:company:default_currency）。
Enter your password,输入密码
Entity Name,实体名称
Entity Type,实体类型
Equals,等于
Error,错误
Error Log,错误日志
Error Logs,错误日志
Error Message,错误信息
"Error connecting to QZ Tray Application...<br><br> You need to have QZ Tray application installed and running, to use the Raw Print feature.<br><br><a target=""_blank"" href=""https://qz.io/download/"">Click here to Download and install QZ Tray</a>.<br> <a target=""_blank"" href=""https://erpnext.com/docs/user/manual/en/setting-up/print/raw-printing"">Click here to learn more about Raw Printing</a>.","连接到QZ托盘应用程序时出错... <br><br>您需要安装并运行QZ Tray应用程序，才能使用Raw Print功能。 <br><br> <a href=""https://qz.io/download/"" target=""_blank"">单击此处下载并安装QZ托盘</a> 。 <br> <a href=""https://erpnext.com/docs/user/manual/en/setting-up/print/raw-printing"" target=""_blank"">单击此处以了解有关原始印刷的更多信息</a> 。"
Error connecting via IMAP/POP3: {e},通过IMAP/POP3连接时出错：{e}
Error connecting via SMTP: {e},通过SMTP连接时出错：{e}
Error has occurred in {0},{0}发生错误
Error in Client Script,客户端脚本错误
Error in Client Script.,客户端脚本错误。
Error in Header/Footer Script,页眉/页脚脚本错误
Error in Notification,通知错误
Error in print format on line {0}: {1},打印格式第{0}行错误：{1}
Error in {0}.get_list: {1},{0}.get_list中发生错误：{1}
Error parsing nested filters: {0}. {1},解析嵌套过滤器时出错：{0}。 {1}
"Error validating ""Ignore User Permissions""",验证“忽略用户权限”时出错
Error {0}: {1},错误{0}：{1}
Error: Data missing in table {0},错误：表{0}中数据缺失
Error: {0} Row #{1}: Value missing for: {2},错误：{0} 行#{1}：缺少值：{2}
Errors,错误集
Evaluate as Expression,作为表达式求值
Event,事件
Event Frequency,事件频率
Event Notifications,活动通知
Event Reminders,事件提醒
Event Synced with Google Calendar.,事件已与Google日历同步。
Event Type,事件类型
Events,事件
Everyone,所有人
"Ex: ""colors"": [""#d1d8dd"", ""#ff5858""]","例如：“colors”：[“#d1d8dd”, “#ff5858”]"
"Example: ""/desk""",示例：“/desk”
Example: #Tree/Account,示例：#Tree/Account
Example: 00001,示例：00001
Examples:,示例
Excel,Excel
Excellent,优秀
Execute,执行
Execute Console script,执行控制台脚本
Executing Code,执行代码
Executing...,正在执行...
Executive,执行人员
Existing Gravatar URLs may still be stored on User and Contact records. Do you want to delete these URLs now?,现有的 Gravatar URL 可能仍存储在用户和联系人记录中。您想立即删除这些 URL 吗？
"Existing Gravatar URLs may still be stored on User, Contact, and Lead records. Do you want to delete these URLs now?",现有的 Gravatar URL 仍可能存储在用户、联系人和潜在客户记录中。您想立即删除这些 URL 吗？
Existing Role,现有角色
Expand,展开
"Expected 'and' or 'or' operator, found: {0}",期望“and”或“or”运算符，实际发现：{0}
Expert,专家
Expiration date must be in the future,到期日期必须是将来的日期
Expired,已过期
Expires,过期
Export,导出
Export Data,导出数据
Export Import Log,导出导入日志
Export Type,导出类型
Export all {0} rows?,导出全部{0}行？
Export as zip,压缩导出
Export in Background,后台导出
Export not allowed. You need {0} role to export.,不允许导出，您没有{0}的角色。
Export only customizations assigned to the selected module.<br><span class='text-muted'><strong>Note:</strong> You must set the <em>Module (for export)</em> field on Custom Field and Property Setter records before applying this filter.</span><p class='alert alert-warning'> <strong>Warning:</strong> Customizations from other modules will be excluded.</p>,仅导出分配给所选模块的自定义项。<br><span class='text-muted'><strong>注意：</strong> 在应用此设置之前，您必须在自定义字段和属性设置器记录上设置 <em>Module（用于导出）</em> 字段filter.</span><p class='alert alert-warning'> <strong>警告：</strong> 来自其他模块的自定义将被排除。</p>
Export the data without any header notes and column descriptions,导出数据时不包含标题注释和列描述
Export without main header,不导出主标题
Exported permissions will be force-synced on every migrate overriding any other customization.,导出的权限将在每次迁移时强制同步，覆盖其他自定义设置。
External,外部
External Link,外部链接
Extra Parameters,额外参数
FAILURE,失败
Facebook,Facebook
Fail,失败
Failed,失败
Failed Emails,发送失败的邮件
Failed Jobs,失败任务
Failed Logins (Last 30 days),登录失败（最近30天）
Failed Transactions,失败事务
Failed to aquire lock: {}. Lock may be held by another process.,获取锁失败：{}。可能被其他进程占用。
Failed to change password.,密码修改失败。
Failed to compute request body: {},计算请求正文失败：{}
"Failed to decode token, please provide a valid base64-encoded token.",解码令牌失败，请提供有效的Base64编码令牌。
Failed to decrypt key {0},解密密钥{0}失败
Failed to delete communication,删除通讯失败
Failed to evaluate conditions: {},条件评估失败：{}
Failed to export python type hints,导出Python类型提示失败
Failed to generate names from the series,未能从序列生成名称
Failed to generate preview of series,无法生成序列预览
Failed to get method for command {0} with {1},无法获取命令{0}的方法（参数{1}）
Failed to get method {0} with {1},无法获取方法{0}（参数{1}）
"Failed to import virtual doctype {}, is controller file present?",导入虚拟文档类型{}失败，控制器文件是否存在？
Failed to optimize image: {0},图像优化失败：{0}
Failed to render message: {},消息渲染失败：{}
Failed to render subject: {},主题渲染失败：{}
Failed to request login to Frappe Cloud,请求登录Frappe云失败
Failed to retrieve the list of IMAP folders from the server. Please ensure the mailbox is accessible and the account has permission to list folders.,无法从服务器检索 IMAP 文件夹列表。请确保邮箱可访问并且账户有权列出文件夹。
Failed to send notification email,发送通知邮件失败
Failed to update global settings,更新全局设置失败
Failed while calling API {0},调用API {0}时失败
Failing Scheduled Jobs (last 7 days),失败的计划任务（最近7天）
Failure,故障
Failure Rate,故障率
FavIcon,网站图标
Fax,传真
Feedback,反馈
Female,女
Fetch Images,获取图像
Fetching default Global Search documents.,正在获取默认全局搜索文档。
Fetching fields from {0}...,正在从 {0} 获取字段...
Field,字段
"Field ""route"" is mandatory for Web Views",Web视图必须使用字段“路由”
"Field ""title"" is mandatory if ""Website Search Field"" is set.",如果设置了“网站搜索字段”，则“标题”字段是必填的。
Field <code>{0}</code> not found in {1},在 {1} 中找不到字段 <code>{0}</code>
Field Missing,缺失字段
Field Name,字段名称
Field Orientation (Left-Right),字段布局（左右排列）
Field Orientation (Top-Down),字段布局（上下排列）
Field Template,字段模板
Field Type,字段类型
Field {0} does not exist on {1},字段{0}在{1}中不存在
Field {0} is referring to non-existing doctype {1}.,字段{0}引用了不存在的文档类型{1}。
Field {0} must be a virtual field to support virtual doctype.,字段{0}必须为虚拟字段以支持虚拟文档类型。
Field {0} on document {1} is neither a Mobile number field nor a Customer or User link,文档{1}的字段{0}既不是手机号码字段，也不是客户或用户链接字段
Fieldname,字段名
Fieldname '{0}' conflicting with a {1} of the name {2} in {3},字段名'{0}'与{3}中的{1} {2}冲突
Fieldname called {0} must exist to enable autonaming,必须存在名为{0}的字段才能启用自动命名
Fieldname {0} appears multiple times,字段名{0}重复出现
Fieldname {0} conflicting with meta object,字段名{0}与元对象冲突
Fields,字段
Fields `file_name` or `file_url` must be set for File,文件必须设置`file_name`或`file_url`字段
Fields must be a list or tuple when as_list is enabled,启用as_list时字段必须为列表或元组
"Fields must be a string, list, tuple, pypika Field, or pypika Function",字段必须为字符串、列表、元组、pypika字段或pypika函数
Fieldtype,字段类型
Fieldtype cannot be changed from {0} to {1},字段类型不能从{0}更改为{1}
File,文件
"File ""{0}"" was skipped because of invalid file type",由于文件类型无效，文件“{0}”被跳过
File Information,文件信息
File Manager,文件管理器
File Name,文件名
File Size,文件大小
File Storage,文件存储
File Type,文件类型
File URL is required when copying an existing attachment.,复制现有附件时需要文件 URL。
File name cannot have {0},文件名不能包含{0}
File type of {0} is not allowed,不允许{0}文件类型
File upload failed.,文件上传失败。
File {0} does not exist,文件{0}不存在
Files,文件
Filter Area,过滤面积
Filter Data,过滤数据
Filter Values,过滤值
Filter condition missing after operator: {0},运算符后缺少筛选条件：{0}
Filter fields have invalid backtick notation: {0},过滤器字段具有无效的反引号表示法：{0}
Filtered By,过滤依据
Filters Configuration,过滤器配置
Filters Editor,筛选器编辑器
"Filters will be accessible via <code>filters</code>. <br><br>Send output as <code>result = [result]</code>, or for old style <code>data = [columns], [result]</code>","可通过<code>filters</code>访问过滤器。<br><br>输出格式为<code>result = [result]</code>，或旧式<code>data = [columns], [result]</code>"
Filters:,过滤器：
Fingerprint,指纹
Fingerprint Stats,指纹统计
Finished,已完成
First Seen,第一次看到
Fiscal Year (requires ERPNext to be installed),会计年度（需要安装 ERPNext）
Float,浮点数
Fold,折叠
Folder,文件夹
Folder {0} is not empty,文件夹{0}非空
Folio,页码
Follow,关注
Following document {0},正在关注文档{0}
Following documents are linked with {0},以下单据链接到 {0}
Following fields are missing:,以下字段缺失：
Following fields have invalid values:,以下字段包含无效值：
Following fields have missing values,以下字段缺少值
Font,字体
Font Properties,字体属性
Fonts,字体
Footer,页脚
Footer Content,页脚内容
Footer HTML,页脚HTML
Footer HTML set from attachment {0},页脚HTML已从附件{0}设置
Footer Image,页脚图片
Footer Script,页脚脚本
Footer Template,页脚模板
Footer Template Values,页脚模板值
Footer might not be visible as {0} option is disabled</div>,页脚可能不可见，因为{0}选项已禁用</div>
For DocType,针对文档类型
For DocType Link / DocType Action,用于文档类型链接/文档类型操作
For Document,针对文档
For Example: {} Open,示例：{} 打开
For User,用户
"For a dynamic subject, use Jinja tags like this: <code>{{ doc.name }} Delivered</code>",如需动态主题，请使用Jinja标签，例如：<code>{{ doc.name }} 已交付</code>
"For comparison, use >5, <10 or =324.
For ranges, use 5:10 (for values between 5 & 10).","为了进行比较，请使用 >5、<10 或 =324。
对于范围，请使用 5:10（对于 5 到 10 之间的值）。"
For example:,例如：
"For help see <a href=""https://frappeframework.com/docs/user/en/guides/portal-development/web-forms"" target=""_blank"">Client Script API and Examples</a>","如需帮助，请参阅 <a href=""https://frappeframework.com/docs/user/en/guides/portal-development/web-forms"" target=""_blank"">客户端脚本 API 和示例</a>"
"For more information, {0}.",更多信息，请{0}。
"For multiple addresses, enter the address on different line. e.g. test@test.com ⏎ test1@test.com",多个地址请分行输入。例如：test@test.com ⏎ test1@test.com
Force Stop job,强制终止作业
Force User to Reset Password,强制用户重置密码
Forgot password?,忘记密码？
Form,表单
Form Builder,表单构建器
Form Settings,表单设置
Form URL-Encoded,表单URL编码
Format,格式
Format Data,格式化数据
Forum,论坛
Forward,转发
Forward Query Parameters,转发查询参数
Fraction,分数
Fraction Units,分数单位
Framework,框架
Frappe,Frappe
Frappe Framework Version,Frappe框架版本
Frappe Light,Frappe Light主题
Frappe Mail,Frappe邮件
Frappe Mail OAuth Error,Frappe邮件OAuth错误
Frappe Mail Site,Frappe邮件站点
"Frappe no longer uses Gravatar because it can disclose hashed email addresses to a third-party service. To fully stop this behavior, existing Gravatar image URLs must be deleted.",Frappe 不再使用 Gravatar，因为它可以向第三方服务泄露散列电子邮件地址。要完全阻止此行为，必须删除现有的 Gravatar 图像 URL。
Frappe page builder using components,使用组件的Frappe页面构建器
Free,免费
Frequency,频率
Friday,星期五
From,从
From Attach Field,从附加字段
From Field,从现场
From User,来源用户
Full Name,全名
Full Width,全宽
Full name is required.,需要全名。
Function,函数
Function {0} requires arguments but none were provided,函数{0}需要参数但未提供任何参数
Further sub-groups can only be created under records marked as 'Group',仅可在标记为“组”的记录下创建进一步子组
GET,GET
GNU Affero General Public License,GNU Affero通用公共许可证
GNU General Public License,GNU通用公共许可证
Gantt,甘特图
Gantt View,甘特视图
Gender,性别
Genderqueer,性别酷儿
Generate Keys,生成密钥
Generate Random Password,生成随机密码
Generate Separate Documents For Each Assignee,为每位负责人生成独立文档
Generate Tracking URL,生成跟踪URL
Geoapify,Geoapify服务
Geolocation,地理位置
Geolocation Settings,地理位置设置
Get Header and Footer wkhtmltopdf variables,获取页眉页脚wkhtmltopdf变量
Get OpenID Configuration,获取OpenID配置
Get PDF,获取PDF
Git Branch,Git分支
GitHub,GitHub
Github flavoured markdown syntax,GitHub风格的Markdown语法
Global Search Settings,全局搜索设置
Go Back,返回
Go to Login Required field,转到登录必填字段
Go to Page,前往页面
Go to Workflow,转到工作流
Go to Workspace,转到工作区
Go to next record,转到下一条记录
Go to previous record,转到上一条记录
Go to this URL after completing the form,填写表单后跳转至此URL
Goal,目标
Good,好
Google Analytics anonymise IP,Google Analytics匿名化IP
Google Calendar,谷歌日历
"Google Calendar - Could not create Calendar for {0}, error code {1}.",谷歌日历 - 无法为{0}创建日历，错误代码{1}
"Google Calendar - Could not delete Event {0} from Google Calendar, error code {1}.",谷歌日历 - 无法从谷歌日历删除事件{0}，错误代码{1}
"Google Calendar - Could not fetch event from Google Calendar, error code {0}.",谷歌日历 - 无法从谷歌日历获取事件，错误代码{0}
"Google Calendar - Could not find Calendar for {0}, error code {1}.",Google日历 - 未找到{0}的日历，错误代码{1}。
"Google Calendar - Could not insert contact in Google Contacts {0}, error code {1}.",谷歌日历 - 无法在谷歌联系人{0}中插入联系人，错误代码{1}
"Google Calendar - Could not insert event in Google Calendar {0}, error code {1}.",谷歌日历 - 无法在谷歌日历{0}插入事件，错误代码{1}
"Google Calendar - Could not update Event {0} in Google Calendar, error code {1}.",谷歌日历 - 无法更新谷歌日历中的事件{0}，错误代码{1}
Google Calendar Event ID,Google日历事件ID
Google Calendar ID,Google日历ID
Google Calendar has been configured.,谷歌日历已配置
Google Calender,谷歌日历
"Google Contacts - Could not sync contacts from Google Contacts {0}, error code {1}.",谷歌联系人 - 无法从谷歌联系人{0}同步联系人，错误代码{1}
"Google Contacts - Could not update contact in Google Contacts {0}, error code {1}.",谷歌联系人 - 无法更新谷歌联系人{0}中的联系人，错误代码{1}
Google Contacts Id,Google联系人ID
Google Drive,谷歌云端硬盘
Google Drive Picker,Google云端硬盘选择器
Google Drive Picker Enabled,已启用Google云端硬盘选择器
Google Meet Link,Google Meet链接
Google Services,Google服务
Google Settings,Google设置
Google Sheets URL is invalid or not publicly accessible.,谷歌表格URL无效或不可公开访问
"Google Sheets URL must end with ""gid={number}"". Copy and paste the URL from the browser address bar and try again.",Google表格网址必须以“ gid = {number}”结尾。从浏览器地址栏中复制并粘贴URL，然后重试。
Grant Type,授权类型
Graph,图表
Gravatar URL deletion has been queued.,头像 URL 删除已排队。
Gravatar URLs will not be deleted.,头像 URL 不会被删除。
Great!,太棒了！
Greater Than,大于
Greater Than Or Equal To,大于等于
Grid Empty State,网格空状态
Grid Shortcuts,网格快捷键
Group,组
Group By field is required to create a dashboard chart,创建仪表板图表需要分组依据字段
Group By must be a string,分组依据必须为字符串
Group Object Class,组对象类
Grouped by <span style='font-weight:600;'>{0}</b>,按<span style='font-weight:600;'>{0}</b>分组
Guests are not allowed to upload files for {0} Doctype,不允许访客上传 {0} Doctype 的文件
Guidelines and policies on vulnerability reporting. Defaults to `https://frappe.io/security`,漏洞报告指南和政策。默认为 `https://frappe.io/security`
HEAD,HEAD
HERE,HERE地图
HTML,HTML
HTML Editor,HTML编辑器
HTML Message,HTML消息
HTML Page,HTML页面
HTML with jinja support,支持jinja的HTML
Half-yearly,每半年
Handled Emails,已处理邮件
Has Attachments,有附件
Has Next Condition,存在后续条件
Has Setup Wizard,包含设置向导
Header Script,页眉脚本
Header and Breadcrumbs,页眉与面包屑导航
Header/Footer scripts can be used to add dynamic behaviours.,页眉/页脚脚本可用于添加动态行为
Headers must be a dictionary,请求头必须为字典类型
Heading,标题
Heatmap,热力图
Hello,你好
"Hello,",您好：
Help,帮助
Help Article,帮助文章
Help Articles,帮助文章
Help Category,帮助分类
Help Dropdown,帮助下拉菜单
"Help: To link to another record in the system, use ""/desk/note/[Note Name]"" as the Link URL. (don't use ""http://"")",帮助：要链接到系统中的另一条记录，请使用“/desk/note/[Note Name]”作为链接 URL。 （不要使用“http://”）
Helpful,有帮助
Helvetica Neue,Helvetica Neue
Here's your tracking URL,这是您的跟踪URL
Hidden Fields,隐藏字段
Hidden columns include: <br> {0},隐藏列包括：<br> {0}
Hide,隐藏
Hide Block,隐藏区块
Hide Buttons,隐藏按钮
Hide Days,隐藏天数
Hide Empty Read-Only Fields,隐藏空的只读字段
Hide Error,隐藏错误
Hide Label,隐藏标签
Hide Preview,隐藏预览
"Hide Previous, Next and Close button on highlight dialog.",在高亮对话框中隐藏上一条、下一条和关闭按钮
Hide Seconds,隐藏秒数
Hide Standard Menu,隐藏标准菜单
Hide Weekends,隐藏周末
Hide footer,隐藏页脚
Hide navbar,隐藏导航栏
High,高
Highlight,高亮
Home,主页
Home Page,主页
Home Settings,主页设置
Hourly,每小时
Hourly Long,每小时长格式
Hourly Maintenance,按小时维护
Hourly rate limit for generating password reset links,生成密码重置链接的每小时速率限制
Hours,小时
Human-readable name intended for display to the end user.,面向最终用户显示的人类可读名称。
"I guess you don't have access to any workspace yet, but you can create one just for yourself. Click on the <b>Create Workspace</b> button to create one.<br>",您可能尚无工作区访问权限，但可创建个人工作区。点击<b>创建工作区</b>按钮创建<br>
ID (name),标识符(名称)
"IDs must contain only alphanumeric characters, not contain spaces, and should be unique.",ID仅可包含字母数字字符，不能含空格且需唯一
IMAP Details,IMAP详情
IMAP Folder Not Found,未找到 IMAP 文件夹
IMAP Folder Validation Failed,IMAP 文件夹验证失败
IMAP Folder name cannot be empty.,IMAP 文件夹名称不能为空。
IP Address,IP地址
Icon,图标
Icon Style,图标风格
Icon will appear on the button,图标将显示在按钮上
"If checked, <i>Prepared Report</i> will not be enabled automatically on slow runs.",如果选中，<i>Prepared Report</i> 将不会在慢速运行时自动启用。
"If checked, a confirmation will be required before performing workflow actions.",若勾选，执行工作流操作前将需要确认。
"If checked, negative numeric values of Currency, Quantity or Count would be shown as positive",勾选后货币、数量或计数的负值将显示为正值
"If enabled, all responses on the web form will be submitted anonymously",启用后Web表单提交将匿名处理
"If enabled, only System Managers can upload public files. Other users can't see the checkbox <i>Is Private</i> in the upload dialog.",如果启用，只有系统管理员可以上传公开文件。其他用户在上传对话框中将看不到“设为私有”的勾选框。
"If enabled, the password strength will be enforced based on the Minimum Password Score value. A value of 1 being very weak and 4 being very strong.",若启用，系统将根据最小密码评分值强制执行密码强度（注：1分表示极弱，4分表示极强）。
"If this email is registered with us, a download link will be sent to it.",如果此电子邮件已在我们这里注册，则会向其发送下载链接。
"If this email is registered with us, we have sent password reset instructions to it. Please check your inbox.",如果此电子邮件已在我们这里注册，我们已向其发送密码重置说明。请检查您的收件箱。
"If this was a mistake or you need access again, please reach out to your team.",若此为误操作或您需要重新获取访问权限，请联系您的团队。
"If you are updating, please select ""Overwrite"" else existing rows will not be deleted.",如果你的操作是更新，请选择“覆盖”否则现有的行不会删除。
"If you have any questions, reach out to your system administrator.",如有任何疑问，请联系系统管理员。
"If you have recently restored the site, you may need to copy the site_config.json containing the original encryption key.",若近期恢复站点，需复制包含原始密钥的site_config.json文件
Ignore attachments over this size,忽略超过此大小的附件
Ignored Apps,忽略的应用
Illegal SQL Query,非法SQL查询
Illegal template,非法模板
Image Height (px),图像高度（像素）
Image Link,图片链接
Image View,图像视图
Image Width (px),图像宽度（像素）
Image link '{0}' is not valid,图片链接'{0}'无效
Image optimized,图片已优化
Image: Corrupted Data Stream,图片：数据流损坏
Images,图片
Impersonated by {0},被{0}模拟登录
Impersonating {0},正在模拟{0}登录
Implement `clear_old_logs` method to enable auto error clearing.,需实现`clear_old_logs`方法以启用自动错误清理
Implicit,隐式
Import,导入
Import File,导入文件
Import Log,导入日志
Import Log Preview,导入日志预览
Import Preview,导入预览
Import Progress,导入进度
Import Subscribers,导入订阅者
Import Type,导入类型
Import Warnings,导入警告
Import from Google Sheets,从Google表格导入
"Import template should be of type .csv, .xlsx or .xls",导入模板须为.csv、.xlsx或.xls格式
Import template should contain a Header and atleast one row.,导入模板需包含标题行和至少一行数据
"Import timed out, please re-try.",导入超时，请重试
Importing {0} is not allowed.,禁止导入{0}
Importing {0} of {1},导入{1}的{0}
"Importing {0} of {1}, {2}",正在导入{1}中的{0}，{2}
In Read Only Mode,只读模式中
"In {0}, {1} is required in every row.",在 {0} 中，每行都需要 {1}。
"In {0}, {1} is required in row {2}.",在 {0} 中，第 {2} 行中需要 {1}。
"In {0}, {1} is required in rows {2}.",在 {0} 中，第 {2} 行中需要 {1}。
"In {0}, {1} is required in {2} rows.",在 {0} 中，{2} 行中需要 {1}。
Inbox,收件箱
Inbox View,收件箱视图
Include Disabled,包含已禁用
Include Name Field,包含名称字段
Include Theme from Apps,包含应用主题
Include Web View Link in Email,邮件中包含网页视图链接
Include hidden columns,包含隐藏列
Incoming,入站
Incoming Emails (Last 7 days),入站邮件(最近7天)
Incompatible Values,不兼容的值
Incomplete Virtual Doctype Implementation,虚拟文档类型实现不完整
Incorrect Configuration,配置错误
Incorrect URL,URL错误
Incorrect value in row {0}:,第{0}行值错误：
Incorrect value:,错误值：
Index Web Pages for Search,为搜索建立网页索引
Index created successfully on column {0} of doctype {1},在{1}的{0}列成功创建索引
Indexing authorization code,正在索引授权码
Indexing refresh token,正在索引刷新令牌
Indicator Color,指示器颜色
Info,信息
Info:,信息：
Initial Sync Count,初始同步计数
InnoDB,InnoDB
Input existing role name if you would like to extend it with access of another role.,输入现有角色名称以继承其他角色的权限
Insert,插入
Insert Image in Markdown,在Markdown中插入图片
Insert New Records,插入新记录
Insert Style,插入样式
Install {0} from Marketplace,从应用市场安装{0}
Installed Application,已安装应用
Installed Applications,已安装应用
Installed Apps,已安装应用
Instructions,说明
Insufficient Permission Level for {0},{0}权限级别不足
Insufficient Permissions for deleting Report,删除报表权限不足
Insufficient Permissions for editing Report,编辑报表权限不足
Insufficient attachment limit,附件限制不足
Integration Request,集成请求
Integrations,集成
Inter,Inter字体
Internal Server Error,内部服务器错误
Interval,间隔
Intro Video URL,介绍视频URL
Introduction,介绍
Introductory information for the Contact Us Page,联系我们页面的介绍信息
Introspection URI,内省URI
Invalid,无效
"Invalid ""depends_on"" expression",“depends_on”表达式无效
"Invalid ""depends_on"" expression set in filter {0}",在过滤器{0}中设置了无效的“ depends_on”表达式
"Invalid ""mandatory_depends_on"" expression",“mandatory_depends_on”表达式无效
Invalid Action,无效操作
Invalid CSV Format,CSV格式无效
Invalid Code. Please try again.,验证码无效，请重试
Invalid Condition: {},无效条件：{}
Invalid Credentials,无效证件
Invalid Credentials for Email Account: {0},电子邮件账户凭据无效：{0}
Invalid Date,日期无效
Invalid DocType,文档类型无效
Invalid DocType: {0},无效文档类型：{0}
Invalid Doctype,无效文档类型
Invalid Email.,电子邮件无效。
Invalid Fieldname,字段名无效
Invalid File URL,文件URL无效
Invalid Filter,无效筛选器
Invalid Filter Value,过滤值无效
"Invalid Link Filters for field {0}. Link Filters must be a list of filters, where each filter is a list with four values: doctype, fieldname, operator, and value.",字段 {0} 的链接过滤器无效。链接过滤器必须是过滤器列表，其中每个过滤器都是具有四个值的列表：doctype、fieldname、operator 和 value。
Invalid Link Filters for field {0}. Link Filters must be valid JSON.,字段 {0} 的链接过滤器无效。链接过滤器必须是有效的 JSON。
Invalid Naming Series: {},无效命名规则：{}
Invalid Operation,无效操作
Invalid Outgoing Mail Server or Port: {0},出站邮件服务器或端口无效：{0}
Invalid Override,无效覆盖
Invalid Package Name,包名称无效
Invalid Parameters.,参数无效
Invalid Phone Number,电话号码无效
Invalid Table Fieldname,表字段名无效
Invalid Transition,无效转换
Invalid URL,URL无效
Invalid Values,无效值
Invalid Webhook Secret,Webhook密钥无效
Invalid action,无效动作
Invalid aggregate function,无效聚合函数
Invalid alias format: {0}. Alias must be a simple identifier.,别名格式无效：{0}。别名必须为简单标识符。
Invalid app,无效应用
Invalid argument format: {0}. Only quoted string literals or simple field names are allowed.,参数格式无效：{0}。仅允许带引号的字符串字面量或简单字段名。
"Invalid argument type: {0}. Only strings, numbers, dicts, and None are allowed.",参数类型无效：{0}。只允许使用字符串、数字、字典和 None。
Invalid backup path,备份路径无效
"Invalid characters in fieldname: {0}. Only letters, numbers, and underscores are allowed.",字段名包含无效字符：{0}。仅允许字母、数字和下划线。
Invalid column,无效列
Invalid condition type in nested filters: {0},嵌套筛选器中条件类型无效：{0}
"Invalid credentials, try again.",凭据无效，请重试。
Invalid direction in Order By: {0}. Must be 'ASC' or 'DESC'.,排序方向无效：{0}。必须为“ASC”或“DESC”。
Invalid docstatus,文档状态无效
Invalid expression in Workflow Update Value: {0},工作流程更新值中的表达式无效：{0}
Invalid expression set in filter {0},过滤器{0}中的表达式无效
Invalid expression set in filter {0} ({1}),过滤器{0}({1})中的表达式无效
"Invalid field format for SELECT: {0}. Field names must be simple, backticked, table-qualified, aliased, or '*'.",SELECT字段格式无效：{0}。字段名必须为简单名称、反引号包裹、表限定、别名或“*”。
"Invalid field format in {0}: {1}. Use 'field', 'link_field.field', or 'child_table.field'.",{0}中字段格式无效：{1}。请使用“字段”、“链接字段.字段”或“子表.字段”。
Invalid field type: {0},字段类型无效：{0}
Invalid filter condition: {0}. Expected a list or tuple.,筛选条件无效：{0}。期望为列表或元组。
Invalid filter field format: {0}. Use 'fieldname' or 'link_fieldname.target_fieldname'.,筛选字段格式无效：{0}。请使用“字段名”或“链接字段名.目标字段名”。
Invalid filter: {0},无效过滤器：{0}
Invalid format. Supported formats are {0},格式无效。支持的格式有 {0}
"Invalid function argument type: {0}. Only strings, numbers, lists, and None are allowed.",函数参数类型无效：{0}。仅允许字符串、数字、列表和None。
Invalid input,输入无效
Invalid json added in the custom options: {0},自定义选项中包含无效JSON：{0}
Invalid name type (integer) for varchar name column,varchar名称列使用了整型名称类型
Invalid naming series {}: dot (.) missing,命名规则{}错误：缺少点号(.)
Invalid naming series {}: dot (.) missing before the numeric placeholders. Kindly use a format like <b>ABCD.#####</b>.,命名序列{}无效：数字占位符前缺少点号(.)。请使用类似<b>ABCD.#####</b>的格式。
Invalid nested expression: dictionary must represent a function or operator,无效的嵌套表达式：字典必须表示函数或运算符
Invalid or corrupted content for import,导入内容无效或损坏
Invalid or expired key,密钥无效或过期
Invalid redirect regex in row #{}: {},第{}行重定向正则表达式无效：{}
Invalid request arguments,请求参数无效
Invalid request body,请求正文无效
Invalid role,角色无效
Invalid simple filter format: {0},简单筛选器格式无效：{0}
Invalid start for filter condition: {0}. Expected a list or tuple.,筛选条件起始格式无效：{0}。期望为列表或元组。
Invalid template file for import,导入模板文件无效
Invalid token state! Check if the token has been created by the OAuth user.,令牌状态无效！请检查是否由OAuth用户创建
Invalid username or password,用户名或密码错误
Invalid value specified for UUID: {},指定的UUID值无效：{}
Invalid values for fields:,字段包含无效值：
Invalid wkhtmltopdf version,wkhtmltopdf版本无效
Invalid {0} condition,{0}条件无效
Invalid {0} dictionary format,{0} 字典格式无效
Inverse,反转
Invitation already accepted,邀请已被接受
Invitation already exists,邀请已存在
Invitation cannot be cancelled,邀请无法取消
Invitation is cancelled,邀请已取消
Invitation is expired,邀请已过期
Invitation not found,未找到邀请
Invitation to join {0} cancelled,加入{0}的邀请已取消
Invitation to join {0} expired,加入{0}的邀请已过期
Invited By,邀请人
Is,是
Is Current,是否为当前
Is Group,是否分组
Is Remote Request?,是否为远程请求？
Is Setup Complete?,设置是否完成？
Is Table Field,是否为表字段
Is Unique,是否唯一
Is standard,标准字段
It is too late to undo this email. It is already being sent.,现在撤消这封电子邮件为时已晚。它已经被发送了。
Item Label,条目标签
Item Type,条目类型
Item cannot be added to its own descendants,项目不能添加至其子节点
Items,物料
JS Message,JS消息
JSON,JSON
JSON Request Body,JSON请求体
Jane Doe,张三
Javascript is disabled on your browser,浏览器已禁用JavaScript
Jinja,Jinja
Job Id,作业标识
Job Stopped Successfully,作业已成功停止
Job is in {0} state and can't be cancelled,任务处于{0}状态，无法取消
Job is not running.,作业未运行。
Job stopped successfully,作业已成功停止
Join video conference with {0},加入与{0}的视频会议
K,千
Kanban,看板
Kanban Board,看板
Kanban View,看板视图
Keep Closed,保持关闭
Keep Gravatar URLs,保留头像 URL
Key,键
Keycloak,Keycloak认证
Kh,高棉语
Knowledge Base,知识库
Knowledge Base Contributor,知识库贡献者
L,升
LDAP Auth,LDAP认证
LDAP Custom Settings,LDAP自定义设置
LDAP Group,LDAP组
LDAP Group Field,LDAP组字段
LDAP Group Mapping,LDAP组映射
LDAP Group Mappings,LDAP组映射集
LDAP Group Member attribute,LDAP组成员属性
LDAP Last Name Field,LDAP姓氏字段
LDAP Middle Name Field,LDAP中间名字段
LDAP Mobile Field,LDAP手机字段
LDAP Phone Field,LDAP电话字段
LDAP Search String,LDAP搜索字符串
"LDAP Search String must be enclosed in '()' and needs to contian the user placeholder {0}, eg sAMAccountName={0}",LDAP搜索字符串必须用'()'包裹并包含用户占位符{0}，例如sAMAccountName={0}
LDAP Search and Paths,LDAP搜索路径
LDAP Server Settings,LDAP服务器设置
LDAP Server Url,LDAP服务器URL
LDAP Settings,LDAP设置
LDAP User Creation and Mapping,LDAP用户创建与映射
LDAP Username Field,LDAP用户名字段
LDAP search path for Groups,LDAP组搜索路径
LDAP search path for Users,LDAP用户搜索路径
LDAP settings incorrect. validation response was: {0},LDAP设置错误，验证响应为：{0}
Label,标签
Label Help,标签帮助
Language,语言
Language Code,语言代码
Language Name,语言名称
Last 10 active users,最近10个活跃用户
Last 14 Days,过去14天
Last 30 Days,过去30天
Last 6 Months,过去6个月
Last 7 Days,过去7天
Last 90 Days,过去90天
Last Edited By You,由您最后编辑
Last Edited By {0},由 {0} 最后编辑
Last Execution,最后执行时间
Last IP,最后登录IP
Last Known Versions,最后已知版本
Last Name,姓
Last Quarter,上季度
Last Received At,最后接收时间
Last Reset Password Key Generated On,最后重置密码密钥生成时间
Last Run,最后运行
Last Seen,最后出现
Last Updated,最后更新
Last Updated By,最后更新人
Last Week,上周
Last Year,去年
Layout,布局
Layout Reset,布局重置
"Layout will be reset to standard layout, are you sure you want to do this?",布局将重置为标准布局，确定继续？
Learn more,了解更多
Legal,法律
Length,长度
Length of passed data array is greater than value of maximum allowed label points!,传入数据数组长度超过最大允许标签点数！
Less,小于
Less Than,小于
Less Than Or Equal To,小于等于
Let us continue with the onboarding,让我们继续完成初始化配置
Let's Get Started,开始吧
Let's setup your account.,让我们设置您的账户。
Let's take you back to onboarding,让我们带您回到初始化配置
Letter Head Scripts,信头脚本
Letter Head cannot be both disabled and default,信头不能同时禁用并设为默认
Level,级别
Library,库
License,许可证
Light,浅色
Light Blue,浅蓝
Light Color,浅色
Light Theme,浅色主题
Liked by me,被我喜欢的
Liked by {0} people,被 {0} 人喜欢
Likes,喜欢
Limit must be a non-negative integer,限制必须为非负整数
Link,链接
Link Count,链接计数
Link Details,链接详情
Link Expired,链接已过期
Link Fieldname,链接字段名
Link To,链接至
Link To in Row,行内链接到
Link Type,链接类型
Link Type in Row,行内链接类型
"Link for About Us Page is ""/about"".",关于我们的页面的链接是“/about”。
Linked with {0},与 {0} 链接
Links,链接
List Columns,列表列
List Settings,列表设置
List View,列表视图
List View Settings,列表视图设置
"List of email addresses, separated by comma or new line.",电子邮件地址列表，用逗号或换行分隔。
List setting message,列表设置消息
Load More,加载更多
Load More Communications,加载更多沟通记录
Load more,加载更多
Loading Filters...,正在加载筛选器...
Loading error stats...,正在加载错误统计信息...
Loading...,载入中...
Log,日志
Log API Requests,记录API调用日志
Log Data,日志数据
Log In To {0},登录到{0}
Log Index,日志索引
Log Setting User,日志设置用户
Log Settings,日志设置
Login After,登录后
Login Before,登录前
Login Failed please try again,登录失败，请重试
Login Methods,登录方式
Login To {0},登录到{0}
Login is required to see web form list view. Enable {0} to see list settings,需要登录才能查看Web表单列表视图。启用{0}以查看列表设置
Login required,需要登录
Login to start a new discussion,登录以发起新讨论
Login to view,登录查看
Login token required,需要登录令牌
Login with password,使用密码登录
Login with username and password is not allowed.,不允许通过用户名密码登录。
Login with {0},通过{0}登录
Logo URI,标识URI
Logout,注销
Logout All Sessions,退出所有会话
Long Text,长文本
Looks like you didn't change the value,您似乎未更改该值
Looks like you haven’t added any third party apps.,您似乎未添加任何第三方应用。
Low,低
M,百万
MIT License,MIT许可证
Main Section (HTML),主要部分（HTML）
Main Section (Markdown),主要部分（Markdown）
Major,主要
Make Attachment Public (by default),默认公开附件
Makes the page public,使页面公开可见
Malformed Address Header,地址标头格式错误
Manage 3rd party apps,管理第三方应用
Manage Billing,管理账单
Mandatory field: {0},必填字段：{0}
Mandatory fields required:,需要以下必填字段：
Map,地图
Map View,地图视图
Map columns from {0} to fields in {1},将{0}的列映射到{1}的字段
Map route parameters into form variables. Example <code>/project/&lt;name&gt;</code>,将路由参数映射为表单变量。例如<code>/project/&lt;name&gt;</code>
Mapping column {0} to field {1},正在映射列{0}到字段{1}
Margin Left,左边距
Margin Right,右边距
MariaDB Variables,MariaDB变量
Mark all as read,全部标记为已读
Mark as Read,标记为已读
Mark as Unread,标记为未读
Markdown,Markdown
Marketing Manager,市场营销经理
Max File Size (MB),最大文件大小(MB)
Max Height,最大高度
Max Report Rows,最大报表行数
Max Value,最大值
Max attachment size,最大附件尺寸
Max signups allowed per hour,每小时最大允许注册数
Maximum,最大值
Maximum Attachment Limit of {0} has been reached for {1} {2}.,{1} {2} 已达到{0}的最大附件限制
Maximum attachment limit of {0} has been reached.,已达到{0}的最大附件限制
Maybe,也许
Me,我
Medium,中
Meeting,会议
Members,成员
Memory Usage,内存使用量
Memory Usage in MB,内存使用量（MB）
Mention,@提及
Mentions,提及
Menu,菜单
Merge with existing,与现有合并
Message,信息
Message Examples,消息示例
Message ID,消息ID
Message Parameter,消息参数
Message Sent,消息已发送
Message Type,消息类型
Message from server: {0},服务器消息：{0}
Message to be displayed on successful completion,成功完成后显示的消息
Meta,元数据
Meta Title,元标题
Meta description,元描述
Meta image,元图像
Meta title,元标题
Meta title for SEO,SEO元标题
Metadata,元数据
Method,方法
Method is required to create a number card,创建数字卡片需指定方法
Middle Name,中间名
Middle Name (Optional),中间名（选填）
Milestone,里程碑
Milestone Tracker,里程碑跟踪器
Minimum,最小值
Minor,次要
Minutes After,分钟后
Minutes Before,分钟前
Minutes Offset,分钟偏移量
Misconfigured,配置错误
Missing DocType,缺失文档类型
Missing Field,缺失字段
Missing Permission,缺少权限
Missing Value,缺失值
Mobile,手机号
Modal Trigger,模态框触发器
Module,模块
Module Def,模块定义
Module HTML,模块HTML
Module Name,模块名称
Module Onboarding,模块初始化
"Module changed to {0}. Files in the previous module were not moved and remain at {1}, remove or relocate them manually.",模块更改为 {0}。上一个模块中的文件未移动并保留在 {1}，请手动删除或重新定位它们。
Module onboarding progress reset,模块入门进度已重置
Module {} not found,未找到模块{}
Monday,星期一
Month,月
Monthly,每月
Monthly Long,完整月份
More,更多
More Info,更多信息
More Information,更多信息
More Options,更多选择
Most Used,最常用
Most probably your password is too long.,很可能是密码过长导致
Move,移动
Move cursor to above row,移动光标至上一行
Move cursor to below row,移动光标至下一行
Move cursor to next column,移动光标至下一列
Move cursor to previous column,移动光标至上一列
Move to next step when clicked inside highlighted area.,点击高亮区域后移至下一步
Mozilla doesn't support :has() so you can pass parent selector here as workaround,Mozilla不支持:has()，此处可传递父选择器作为替代方案
Mr,先生
Ms,女士
Must be a publicly accessible Google Sheets URL,必须为可公开访问的Google表格URL
"Must be enclosed in '()' and include '{0}', which is a placeholder for the user/login name. i.e. (&(objectclass=user)(uid={0}))",必须用'()'括起并包含'{0}'（用户/登录名的占位符），例如：(&(objectclass=user)(uid={0}))
Must specify a Query to run,必须指定要运行的查询
Mute Sounds,静音
My Account,我的账户
My Device,我的设备
My Workspaces,我的工作空间
NEVER,从来没有
NOTE: This box is due for depreciation. Please re-setup LDAP to work with the newer settings,注意：此配置即将弃用，请使用新版设置重新配置LDAP
Name,名称
Name (Doc Name),名称（文档名）
"Name already taken, please set a new name",名称已被占用，请设置新名称
Name of {0} cannot be {1},{0}的名称不能为{1}
"Naming Options:
<ol><li><b>field:[fieldname]</b> - By Field</li><li><b>naming_series:</b> - By Naming Series (field called naming_series must be present)</li><li><b>Prompt</b> - Prompt user for a name</li><li><b>[series]</b> - Series by prefix (separated by a dot); for example PRE.#####</li>
<li><b>format:EXAMPLE-{MM}morewords{fieldname1}-{fieldname2}-{#####}</b> - Replace all braced words (fieldnames, date words (DD, MM, YY), series) with their value. Outside braces, any characters can be used.</li></ol>","命名选项：
<ol><li><b>字段：[字段名称]</b> - 按字段</li><li><b>自动增量</b> - 使用数据库的自动增量功能</li><li><b>naming_series：</b> - 按命名系列（名为 naming_series 的字段必须存在）</li><li><b>提示</b> - 提示用户输入名称</li><li><b>[series]</b> - 按前缀排列系列（以点分隔）；例如 PRE。#####</li>
<li><b>format:EXAMPLE-{MM}morewords{fieldname1}-{fieldname2}-{#####}</b> - 将所有括号内的单词（字段名称、日期单词（DD、MM、YY）、系列）替换为其值。括号外可使用任何字符。</li></ol>"
Naming Series updated,命名系列已更新
Navbar,导航栏
Navbar Item,导航项
Navbar Settings,导航栏设置
Navbar Template,导航栏模板
Navbar Template Values,导航栏模板值
Navigate list down,向下导航列表
Navigate list up,向上导航列表
Navigate to main content,跳转到主要内容
Navigation Buttons,导航按钮
Navigation Settings,导航设置
Need Help?,需要帮助？
Need Workspace Manager role to edit private workspace of other users.,需要工作空间管理员角色才能编辑其他用户的私有工作空间。
Need Workspace Manager role to edit public workspaces.,需要工作空间管理员角色才能编辑公共工作空间。
Negative Value,负值
Nested filters must be provided as a list or tuple.,嵌套筛选器必须作为列表或元组提供。
Network Printer Settings,网络打印机设置
Never,从不
New Address,新地址
New Custom Block,新建自定义块
New Document Form,新建文档表单
New Document Shared {0},新文档已共享{0}
New Folder,新建文件夹
New Links,新建链接
New Mention on {0},{0}的新@提及
New Name,新名称
New Notification,新通知
New Onboarding,新建入门指引
New Password,新密码
New Quick List,新建快速列表
New Role,新建角色
New Users (Last 30 days),新用户（最近30天）
New Value,新值
New Workflow Name,新工作流名称
New Workspace,新建工作区
"New line separated list of allowed public client URLs (eg <code>https://frappe.io</code>), or <code>*</code> to accept all.
<br>
Public clients are restricted by default.","以换行符分隔的允许公共客户端URL列表（例如<code>https://frappe.io</code>），或使用<code>*</code>接受所有来源。
<br>
默认情况下公共客户端受到限制。"
New line separated list of scope values.,以换行符分隔的作用域值列表。
"New lines separated list of strings representing ways to contact people responsible for this client, typically email addresses.",以换行符分隔的字符串列表，表示联系此客户端负责人的方式，通常为邮件地址。
New password cannot be same as old password,新密码不能与旧密码相同
New {0},新建 {0}
New {0} Created,已创建新{0}
New {0} {1} added to Dashboard {2},新{0}{1}已添加到仪表盘{2}
New {0} {1} created,已创建新{0}{1}
New {0}: {1},新{0}：{1}
Next,下一个
Next 14 Days,未来 14 天
Next 30 Days,未来30天
Next 6 Months,未来6个月
Next 7 Days,未来 7 天
Next Actions,下一步行动
Next Actions HTML,下一步操作HTML
Next Document,下一文档
Next Execution,下次执行
Next Form Tour,下一表单导览
Next Month,下月
Next State,下一状态
Next Week,下周
Next Year,明年
Next on Click,点击后下一步
No Data,无数据
No Email field found in {0},在{0}中未找到邮件字段
No Entry for the User {0} found within LDAP!,LDAP中未找到用户{0}的条目！
No Filters Set,未设置过滤器
No Google Calendar Event to sync.,无Google日历事件需同步
No IMAP folders were found on the server. Please verify the email account settings and ensure the mailbox contains folders.,在服务器上找不到 IMAP 文件夹。请验证电子邮件账户设置并确保邮箱包含文件夹。
No Images,无图像
No LDAP User found for email: {0},未找到邮箱为{0}的LDAP用户
No Label,无标签
No Letterhead,无信头
No Name Specified for {0},{0}未指定名称
No Permissions Specified,未指定权限
No Preview,无预览
No RQ Workers connected. Try restarting the bench.,无RQ工作进程连接，请尝试重启服务
No Suggestions,无建议
No Tags,无标签
No attachment found for the prepared report,未找到准备好的报告的附件
No automatic optimization suggestions available.,暂无自动优化建议
No changes made,未作更改
No changes made because old and new name are the same.,新旧名称相同，未作更改
No changes to sync,无变更需同步
No changes to update,无变更需更新
No comments yet.,暂无评论.
No contacts linked to document,文档未关联联系人
No currency fields in {0},{0} 中没有货币字段
No data to export,没有要导出的数据
No data to perform this action,没有数据来执行此操作
No default Address Template found. Please create a new one from Setup > Printing and Branding > Address Template.,未找到默认地址模板，请通过 设置 > 打印与品牌 > 地址模板 创建
No documents found tagged with {0},未找到标记为{0}的文档
No editable fields available for bulk edit.,没有可用于批量编辑的可编辑字段。
No email addresses to invite,无邮件地址可邀请
No matching entries in the current results,当前结果中没有匹配的条目
No naming series defined,未定义命名系列
No of Requested SMS,请求短信数量
No of Sent SMS,发送短信数量
No other document types.,没有其他单据类型。
No permission to '{0}' {1},无权限'{0}' {1}
No pinned document types.,没有固定的单据类型。
No rows,无行数据
No rows selected,未选择行
No subject,无主题
No user has the role <strong>{0}</strong>,没有用户具有角色 <strong>{0}</strong>
No {0},无{0}
No.,编号
Nomatim,Nomatim（地理编码服务）
Non Negative,非负
Non-Conforming,不符合
None: End of Workflow,无：工作流结束
Not Allowed,不允许
Not Equals,不等于
Not Found,未找到
Not Helpful,无帮助
Not Nullable,不可为空
Not Permitted to read {0},无权限读取{0}
Not Published,未发布
Not Sent,未发送
Not active,非活动
"Not allowed to attach {0} document, please enable Allow Print For {0} in Print Settings",不允许附加{0}文档，请在打印设置中启用“允许打印{0}”
Not allowed to create custom Virtual DocType.,不允许创建自定义虚拟文档类型。
Not configured,未配置
Not found,未找到
Not permitted. {0}.,不允许。 {0}。
Note: Etc timezones have their signs reversed.,注：Etc时区符号取反。
Note: Your request for account deletion will be fulfilled within {0} hours.,注：您的账户删除请求将在{0}小时内处理。
Nothing left to redo,无内容可重做
Nothing left to undo,无内容可撤销
Notification,通知
Notification Log,通知日志
Notification Settings,通知设置
Notification Subscribed Document,订阅通知的文档
Notification sent to,通知已发送至
Notification: customer {0} has no Mobile number set,通知：客户{0}未设置手机号码
Notification: document {0} has no {1} number set (field: {2}),通知：文档{0}未设置{1}号码（字段：{2}）
Notification: user {0} has no Mobile number set,通知：用户{0}未设置手机号码
Notifications,通知
Notifications Disabled,通知已禁用
Notify Users On Every Login,每次登录时通知用户
Now,现在
Number,数值
Number Cards,数字卡片集
Number Format,数字格式
Number of Backups,备份数量
Number of Queries,查询次数
"Number of attachment fields are more than {}, limit updated to {}.",附件字段数超过{}，限制已更新为{}。
Number of backups must be greater than zero.,备份数量必须大于零。
Number of keys,密钥数量
Number of onsite backups,本地备份数量
OAuth,OAuth
OAuth Client,OAuth客户端
OAuth Client ID,OAuth客户端ID
OAuth Client Role,OAuth客户端角色
OAuth Error,OAuth错误
OAuth Provider,OAuth 提供者
OAuth Scope,OAuth权限范围
OAuth Settings,OAuth设置
"OAuth has been enabled but not authorised. Please use ""Authorise API Access"" button to do the same.","OAuth 已启用但未授权。请使用""Authorise API Access""按钮进行同样操作。"
OPTIONS,选项
OR,或
OTP SMS Template,OTP短信模板
OTP SMS Template must contain <code>{0}</code> placeholder to insert the OTP.,OTP SMS 模板必须包含 <code>{0}</code> 占位符才能插入 OTP。
OTP Secret Reset - {0},OTP密钥重置 - {0}
OTP placeholder should be defined as <code>{{ otp }}</code> ,OTP placeholder should be defined as <code>{{ otp }}</code>
OTP setup using OTP App was not completed. Please contact Administrator.,使用OTP应用的OTP设置未完成。请联系管理员。
Occurrences,发生次数
Occurrences (last 30 days),发生次数（过去 30 天）
Office,办公室
Office 365,Office 365
Official Documentation,官方文档
Offset X,X轴偏移
Offset Y,Y轴偏移
Offset must be a non-negative integer,偏移量必须为非负整数
Old Password,旧密码
Old and new fieldnames are same.,新旧字段名相同。
Oldest Unscheduled Job,最早未计划任务
On Payment Charge Processed,支付扣款处理完成时
On Payment Failed,支付失败时
On Payment Mandate Acquisition Processed,支付授权获取处理完成时
On Payment Mandate Charge Processed,支付授权扣款处理完成时
On Payment Paid,支付完成时
On or After,在或之后
On or Before,在或之前
Onboarding Status,入职状态
Onboarding complete,入职完成
One Last Step,最后一步
One Time Password (OTP) Registration Code from {},来自{}的一次性密码（OTP）注册码
Only CSV and Excel formats are supported for export,仅支持 CSV 和 Excel 格式导出
Only Custom Modules can be renamed.,只能重命名自定义模块。
Only Options allowed for Data field are:,数据字段仅允许以下选项：
Only System Managers can make this file public.,只有系统管理员才能公开此文件。
Only Workspace Manager can edit public workspaces,仅工作区管理员可编辑公共工作区
Only allowed to export customizations in developer mode,仅开发者模式下允许导出自定义项
Only draft documents can be discarded,仅草稿文档可丢弃
Only one {0} can be set as primary.,仅可设置一个{0}为主项。
Only reports of type Report Builder can be deleted,仅报表生成器类型的报告可删除
Only reports of type Report Builder can be edited,仅报表生成器类型的报告可编辑
Only the Administrator can delete a standard DocType.,仅管理员可删除标准文档类型。
Only the assignee can complete this to-do.,仅被分配者可完成此待办事项。
Only {0} emailed reports are allowed per user.,每位用户仅允许通过邮件发送{0}份报告。
Oops! Something went wrong.,糟糕！出错了。
Open Communication,打开沟通记录
Open Document,打开文档
Open Frappe CRM,打开 Frappe CRM
Open Frappe Helpdesk,打开冰沙帮助台
Open Global Search,打开全球搜索
Open Link,打开链接
Open Reference Document,打开参考文档
Open Source applications for the web.,开源为Web应用程序
Open Translation,开放翻译
Open URL in a New Tab,在新标签页打开URL
Open a dialog with mandatory fields to create a new record quickly. There must be at least one mandatory field to show in dialog.,打开含必填字段的对话框快速创建记录。对话框中需至少显示一个必填字段。
Open console,打开控制台
Open in a new tab,在新标签页打开
Open list item,打开列表项
Open reference document,打开引用文档
Open {0},打开{0}
OpenID Configuration,OpenID配置
OpenID Configuration fetched successfully!,OpenID配置获取成功！
OpenLDAP,OpenLDAP
Operator {0} requires exactly 2 arguments (left and right operands),运算符 {0} 恰好需要 2 个参数（左操作数和右操作数）
Optimize,优化
Optimizing image...,正在优化图像...
Option 1,选项1
Option 2,选项2
Option 3,选项3
"Optionally, set the number of digits in the series using dot (.) followed by hashes (#). For example, '.####' means that the series will have four digits. Default is five digits.",（可选）使用点 (.) 后跟散列 (#) 设置系列中的位数。例如，“.####”表示该系列将有四位数字。默认值为五位数字。
Options,选项
Options for Rating field can range from 3 to 10,评分字段选项范围3至10
Options for select. Each option on a new line.,选择项。每行一个选项。
Options for {0} must be set before setting the default value.,设置默认值前必须先设置{0}的选项。
Options is required for field {0} of type {1},{1}类型字段{0}必须设置选项
Order By must be a string,排序依据必须为字符串
Orientation,方向
Original,原创
Outgoing Emails (Last 7 days),出站邮件（最近7天）
Outlook.com,Outlook.com
Output,输出
PATCH,补丁
PDF,PDF
PDF Generator,PDF生成器
PDF Settings,PDF设置
PDF generation failed,PDF生成失败
PDF generation may not work as expected.,PDF生成可能无法按预期工作。
"PDF printing via ""Raw Print"" is not supported.","不支持通过 ""原始打印 ""进行 PDF 打印。"
PID,进程ID
POP3 OAuth authentication failed for Email Account {0},电子邮件账户 {0} 的 POP3 OAuth 身份验证失败
POST,POST
PUT,PUT
Package contains disallowed path entry,包包含不允许的路径条目
Page Builder,页面构建器
Page Building Blocks,页面构建块
Page Margins,页面边距
Page Number,页码
Page Route,页面路由
Page height and width cannot be zero,页面高度和宽度不能为零
"Page to show on the website
","在网站上显示的页面
"
Parameter,参数
Parent Document Type,父文档类型
Parent Document Type is required to create a number card,创建数字卡片需要父文档类型
Parent Element Selector,父元素选择器
Parent Field,父字段
Parent Field must be a valid fieldname,父字段必须是有效字段名
Parent Label,父标签
Parent Missing,父项缺失
Parent Page,父页面
Parent Table,父表
Parent document type is required to create a dashboard chart,创建仪表板图表需要父文档类型
Parent-to-child or child-to-different-child grouping is not allowed.,不允许父子层级或子级到不同子级的分组方式。
Parentfield not specified in {0}: {1},{0}中未指定父字段：{1}
"Parenttype, Parent and Parentfield are required to insert a child record",插入子记录需要父类型、父项和父字段
Partial,部分
Partial Success,部分成功
Partially Sent,部分发送
Participants,参与者
Pass,通过
Password,密码
Password Reset,密码重置
Password Reset Link Generation Limit,密码重置链接生成限制
Password cannot be filtered,密码不可被过滤
Password changed successfully.,密码修改成功
Password is required.,需要密码。
Password missing in Email Account,邮箱账户缺少密码
Password not found for {0} {1} {2},未找到{0} {1} {2}的密码
Password requirements not met,不满足密码要求
Password set,密码已设置
Password size exceeded the maximum allowed size,密码长度超过允许最大值
Password size exceeded the maximum allowed size.,密码长度超过允许最大值
Passwords do not match,密码不匹配
Passwords do not match!,密码不匹配！
Paste,粘贴
Patch,补丁
Patch Log,补丁日志
Patch type {} not found in patches.txt,未在patches.txt中找到{}类型的补丁
Path {0} is not within module {1},路径 {0} 不在模块 {1} 内
Path {0} it not a valid path,{0}不是有效路径
Payload Count,有效载荷计数
Peak Memory Usage,峰值内存使用
Pending Emails,待处理邮件
Pending Jobs,待处理作业
Pending Verification,待验证
Percentage,百分比
Perm Level,权限级别
Permanently Discard {0}?,永久丢弃{0}？
Permission Error,权限错误
Permission Level,权限级别
Permission Levels,权限级别
Permission Log,权限日志
Permission Rules,权限规则
Permission Type,权限类型
Permission Type '{0}' is reserved. Please choose another name.,权限类型“{0}”已保留。请选择其他名称。
Permissions,权限
Permissions Error,权限错误
Personal,个人
Personal Data Deletion Request,个人数据删除请求
Personal Data Deletion Step,个人数据删除步骤
Phone,电话
Phone No.,电话号码
Phone Number {0} set in field {1} is not valid.,字段{1}中设置的电话号码{0}无效
Pie,饼图
Pin,销
Pinned,已固定
Placeholder,占位符
Plain Text,纯文本
Plant,工厂
Please Authorize OAuth for Email Account {0},请为邮箱账户{0}授权OAuth
Please Authorize OAuth for Email Account {},请为邮箱账户{}授权OAuth
Please Set Chart,请设置图表
Please Update SMS Settings,请更新短信设置
Please add a valid comment.,请添加有效评论
Please add at least one naming series.,请添加至少一个命名系列。
Please adjust filters to include some data,请调整过滤器以包含一些数据
Please attach an image file to set HTML for Footer.,请附加图像文件以设置页脚HTML
Please attach an image file to set HTML for Letter Head.,请附加图像文件以设置信头HTML
Please attach the package,请附加安装包
Please check the filter values set for Dashboard Chart: {},请检查仪表板图表设置的过滤值：{}
"Please check the value of ""Fetch From"" set for field {0}",请检查为字段{0}设置的“提取自”的值
Please check your email login credentials.,请检查邮箱登录凭证
Please check your email.,请检查您的电子邮件。
Please click Edit on the Workspace for best results,请在工作区点击编辑以获得最佳效果
"Please click on 'Export Errored Rows', fix the errors and import again.",请点击'导出错误行'，修正错误后重新导入
Please click on the following link and follow the instructions on the page. {0},请点击以下链接并按页面指示操作。{0}
Please contact your system manager to install correct version.,请联系系统管理员安装正确版本
Please create Card first,请先创建卡片
Please create chart first,请先创建图表
Please delete the field from {0} or add the required doctype.,请从{0}删除字段或添加所需文档类型
Please enable atleast one Social Login Key or LDAP or Login With Email Link before disabling username/password based login.,禁用用户名/密码登录前，请至少启用一个社交登录密钥/LDAP/邮件链接登录
Please enable pop-ups,请启用弹出窗口
Please enable pop-ups in your browser,请在浏览器中启用弹窗
Please enable {} before continuing.,请先启用{}再继续
Please enter Access Token URL,请输入访问令牌URL
Please enter OpenID Configuration URL,请输入OpenID配置URL
Please enter a valid email.,请输入有效的电子邮件。
Please enter both your email and message so that we can get back to you. Thanks!,请填写邮箱和留言以便回复，谢谢！
Please enter the password,请输入密码
Please enter the password for: <b>{0}</b>,请输入<b>{0}</b>的密码
"Please enter your email, we'll send you password reset link",请输入您的电子邮件，我们将向您发送密码重置链接
Please enter your new password.,请输入新密码
Please enter your old password.,请输入旧密码
Please fill the following mandatory fields before saving:,保存前请填写以下必填字段：
Please find attached {0}: {1},附件为{0}: {1}
Please login to post a comment.,请登录后发表评论
Please remove the printer mapping in Printer Settings and try again.,请在打印机设置中移除打印机映射后重试
Please save the form before previewing the message,请在预览消息之前保存表单
Please save the report first,请先保存报表
Please save to edit the template.,请保存后编辑模板
Please select Document Type first.,请先选择单据类型。
Please select Entity Type first,请先选择实体类型
Please select a DocType in options before setting filters,设置过滤器之前，请在选项中选择单据类型
Please select a country code for field {1}.,请为字段{1}选择国家代码
Please select a file first.,请先选择文件
Please select a transaction.,请选择一项交易。
Please select a valid date filter,请选择有效日期过滤器
Please select prefix first,请先选择前缀
Please select the LDAP Directory being used,请选择正在使用的LDAP目录
Please select {0},请选择{0}
Please set the document name,请设置文档名称
Please set the following documents in this Dashboard as standard first.,请先将仪表板中的以下文档设为标准文档
Please setup default outgoing Email Account from Settings > Email Account,请通过设置 > 邮箱账户配置默认发件账户
Please setup default outgoing Email Account from Tools > Email Account,请通过工具 > 邮箱账户配置默认发件账户
Please specify a valid parent DocType for {0},请为{0}指定有效的父文档类型
Please specify at least 10 minutes due to the trigger cadence of the scheduler,由于调度器的触发频率，请至少指定10分钟
Please specify the field from which to attach files,请指定附加文件的字段
Please specify the minutes offset,请指定分钟偏移量
Please specify which datetime field must be checked,请指定需要检查的日期时间字段
Please update your security settings from desk.,请从桌面更新您的安全设置。
Please update {} before continuing.,继续前请更新{}
Please use a valid LDAP search filter,请使用有效的LDAP搜索过滤器
Please use following links to download file backup.,请使用以下链接下载文件备份。
Please visit https://frappecloud.com/docs/sites/migrate-an-existing-site#encryption-key for more information.,更多信息请访问https://frappecloud.com/docs/sites/migrate-an-existing-site#encryption-key
Policy URI,策略URI
Polling,轮询
Poor!,可怜！
Popover Element,弹出元素
Popover or Modal Description,弹出框或模态框描述
Port,端口
Portal,门户
Portal Menu Item,门户菜单项
Position,位置
"Post it here, our mentors will help you out.",在此提交问题，我们的导师将为您解答
Postal,邮政
Postal Code,邮政编码
Posting Timestamp,过账时间戳
Precision,精度
Precision ({0}) for {1} cannot be greater than its length ({2}).,{1}的精度（{0}）不能大于其长度（{2}）。
Prefer not to say,不愿透露
Preferred Language,首选语言
Preferred Shipping Address,首选送货地址
Prefix,前缀
Prepared Report Analytics,预制报表分析
Prepared report render failed,预制报表渲染失败
Preview,预览
Preview HTML,预览HTML
Preview Message,预览消息
Preview Mode,预览模式
Preview on {0},在{0}上预览
Preview type,预览类型
Preview:,预览：
Previous Document,上一份文档
Previous Submission,前次提交
Primary Email,主要邮箱
Primary Mobile,主要手机
Primary Phone,主要电话
Primary key of doctype {0} can not be changed as there are existing values.,文档类型{0}的主键存在值，不可修改
Print,打印
Print Format,打印格式
Print Format Builder,打印格式生成器
Print Format Builder Beta,打印格式构建器测试版
Print Format Error,打印格式错误
Print Format Field Template,打印格式字段模板
Print Format For,打印格式适用对象
Print Format Help,打印格式帮助
Print Format Type,打印格式类型
Print Format not found,未找到打印格式
Print Format {0} is disabled,打印格式{0}已禁用
Print Heading,打印标题
Print Language,打印语言
Print Server,打印服务器
Print Settings,打印设置
Print Style,打印样式
Print Style Name,打印样式名称
Print Style Preview,打印样式预览
Print Width,打印宽度
Printer,打印机
Printer Mapping,打印机映射
Printer Name,打印机名称
Printer Settings,打印机设置
Printer mapping not set.,未设置打印机映射
Printing failed,打印失败
Private Files (MB),私有文件(MB)
Private Files Backup:,私有文件备份：
Proceed,继续
Proceed Anyway,仍然继续
Prof,教授
Profile Picture,个人资料图片
Profile updated successfully.,个人资料更新成功.
Project,项目
Property,属性
Property Type,属性类型
Protected File,受保护文件
"Provide a list of allowed Doctypes for file uploads. Each line should contain one allowed Doctype. If unset, uploads to all doctypes are allowed. Example: <br>User<br>Item<br>Quotation",提供允许文件上传的单据类型列表。每一行应包含一个允许的 Doctype。如果未设置，则允许上传到所有单据类型。 Example: <br>User<br>Item<br>Quotation
Provider,供应商
Public Files (MB),公开文件(MB)
Public Files Backup:,公共文件备份：
Public Policy URL must start with https://,公共政策 URL 必须以 https:// 开头
Publish,发布
Published Web Forms,已发布的网络表格
Published Web Pages,已发布的网页
Publishing Dates,发布日期
Pull Emails,拉取邮件
Pull from Google Calendar,从谷歌日历拉取
Pull from Google Contacts,从谷歌联系人拉取
Pulled from Google Calendar,已从谷歌日历拉取
Pulled from Google Contacts,已从谷歌联系人拉取
Pulling emails...,正在拉取邮件...
Purchase Manager,采购经理
Purple,紫色
Push Notification,推送通知
Push Notification Settings,推送通知设置
Push Notifications,推送通知
Push to Google Calendar,推送至谷歌日历
Push to Google Contacts,推送至谷歌联系人
Put on Hold,暂停处理
Python,Python
QR Code,二维码
QZ Tray Failed:,QZ托盘失败:
Query,查询
Query Options,查询选项
Query analysis complete. Check suggested indexes.,查询分析完成，请检查建议索引
Queue,队列
Queue Overloaded,队列过载
Queue Status,队列状态
Queue Type(s),队列类型
Queue(s),队列
Queued,排队
Queued At,排队时间
Queued for Submission. You can track the progress over {0}.,已加入提交队列，可通过{0}跟踪进度
Queues,队列列表
Queuing {0} for Submission,正在将{0}加入提交队列
Quoting must be between 0 and 3,引用级别须在0至3之间
RAW Information Log,原始信息日志
Random,随机
Range,范围
Raw HTML can be used only with Email Templates having 'Use HTML' checked. Proceeding with plain text email.,原始 HTML 只能与选中“使用 HTML”的电子邮件模板一起使用。继续使用纯文本电子邮件。
"Raw HTML emails are rendered as complete Jinja templates. Otherwise, emails are wrapped in the standard.html email template, which inserts brand_logo, header and footer.",原始 HTML 电子邮件呈现为完整的 Jinja 模板。否则，电子邮件将包装在 standard.html 电子邮件模板中，其中插入品牌徽标、页眉和页脚。
Raw Printing Setting,原始打印设置
Raw Printing Settings,原始打印设置
Re-Run in Console,在控制台重新运行
Re:,回覆：
Re: {0},回复：{0}
Read Only,只读
Read Only Mode,只读模式
Read mode,阅读模式
Read the documentation to know more,查阅文档以了解更多
Read-Only queries are allowed,允许只读查询
Readme,自述文件
Realtime (SocketIO),实时通信(SocketIO)
Reason,原因
Rebuilding of tree is not supported for {},不支持对{}进行树结构重建
Received an invalid token type.,收到无效令牌类型
Receiver Parameter,接收人参数
Recipient,收件人
Recipient Account Field,收件人账户字段
Recipients,收件人列表
Recorder Suggested Index,记录器建议索引
Recursive Fetch From,递归获取自
Redirect HTTP Status,重定向HTTP状态码
Redirect To Path,重定向至路径
Redirect URI,重定向URI
Redirect URL,重定向URL
Redirects,重定向
Redo last action,重做上一步操作
Referance Doctype and Dashboard Name both can't be used at the same time.,关联文档类型与仪表板名称不可同时使用
Reference,参考
Reference Date,参考日期
Reference Datetime,参考日期时间
Reference Docname,参考文档名称
Reference: {0} {1},参考：{0} {1}
Referrer,来源页
Refresh,刷新
Refresh All,全部刷新
Refresh Google Sheet,刷新谷歌表格
Refresh List,刷新列表
Refresh Print Preview,刷新打印预览
Refresh Token,刷新令牌
Rejected malformed encoded address header with synthesized '@': {0},拒绝了带有合成“@”的格式错误的编码地址标头：{0}
Relay Server URL missing,缺少中继服务器URL
Relay Settings,中继设置
Release,发布
Release Notes,版本说明
Reload List,重新加载列表
Remind At,提醒时间
Remind Me,提醒我
Reminder cannot be created in past.,无法创建过去的提醒
Remove,移除
Remove page break,移除分页符
Remove tab,移除标签页
Removed,已移除
Render labels to the left and values to the right in this section,本部分标签左对齐，值右对齐
Reopen,重新打开
Repeat,重复
Repeat on Last Day of the Month,在每月最后一天重复
Repeat this Event,重复此事件
"Repeats like ""aaa"" are easy to guess",像“AAA”重复很容易被猜到
Replicate,复制
Replicating...,正在复制...
Replication completed.,复制完成
Reply,回复
Reply All,全部回复
Reply To Address,回复地址
Reply To email is required,需要回复电子邮件
Reply-To Addresses,回复地址
Report Column,报表列
Report Description,报告描述
Report Document Error,报表文档错误
Report Filter,报表过滤器
Report Information,报告信息
"Report Name, Report Field and Fucntion are required to create a number card",创建数字卡片需填写报表名称、字段和聚合函数
Report Ref DocType,报表关联文档类型
Report Reference Doctype,报告参考文档类型
Report View,报表视图
Report bug,报告缺陷
"Report has no data, please modify the filters or change the Report Name",报表无数据，请调整过滤器或更换报表名称
"Report has no numeric fields, please change the Report Name",报表无数字字段，请更换报表名称
Report limit reached,达到报表限制
Report timed out.,报表超时
Report with more than 10 columns looks better in Landscape mode.,超过10列的报表更适合横向模式
Report {0} deleted,报表{0}已删除
Report {0} saved,报表{0}已保存
Reports already in Queue,报表已加入队列
Request Data,请求数据
Request Description,请求描述
Request Headers,请求头
Request ID,请求ID
Request Method,请求方法
Request Timed Out,请求超时
Request Timeout,请求超时
Request URL,请求URL
Request for Account Deletion,账户删除请求
Requested Numbers,请求号码
Require Trusted Certificate,需要可信证书
"Requires any valid fdn path. i.e. ou=groups,dc=example,dc=com","需要有效的FDN路径，例如：ou=groups,dc=example,dc=com"
"Requires any valid fdn path. i.e. ou=users,dc=example,dc=com","需要有效的FDN路径，例如：ou=users,dc=example,dc=com"
Reset All,全部重置
Reset Chart,重置图表
Reset Dashboard Customizations,重置仪表板自定义
Reset Fields,重置字段
Reset LDAP Password,重置LDAP密码
Reset Password,重设密码
Reset Password Template,密码重置模板
Reset To Default,重置为默认
Reset sorting,重置排序
Reset your password,重置密码
Resource,资源
Resource Documentation,资源文档
Resource Name,资源名称
Resource Policy URI,资源策略URI
Resource TOS URI,资源服务条款URI
Response,响应
Response Headers,响应头
Response Type,响应类型
Rest of the day,今日剩余时间
Restore,恢复
Restoring Deleted Document,正在恢复已删除文档
Restrict IP,限制IP
Retry,重试
Reverting length to {0} for '{1}' in '{2}'. Setting the length as {3} will cause truncation of data.,正在将'{2}'中'{1}'的长度恢复为{0}。设置为{3}将导致数据截断。
Revocation URI,撤销URI
Revoke,撤销
Rich Text,富文本
Role,角色
Role 'All' will be given to all system + website users.,'所有'角色将赋予所有系统和网站用户。
Role 'Desk User' will be given to all system users.,'工作台用户'角色将赋予所有系统用户。
Role Name,角色名称
Role Permissions,角色权限
Role Profiles,角色配置文件
Role Replication,角色复制
Role has been set as per the user type {0},已根据用户类型{0}设置角色
Roles,角色
Roles Html,角色HTML
"Route: Example ""/desk""",路线：示例“/desk”
Row,行
Row # {0}: Non administrator user can not set the role {1} to the custom doctype,行号{0}：非管理员用户无法为自定义文档类型设置角色{1}
Row #{}: Fieldname is required,行号{}：字段名必填
Row Format,行格式
Row Indexes,行索引
Row Name,行名称
Row Number,行号
Row {0},第{0}行
Rows Added,新增行
Rows Threshold for Grid Search,网格搜索行数阈值
Rule,规则
Rule Conditions,规则条件
"Rule for this doctype, role, permlevel and if-owner combination already exists.",该文档类型、角色、权限层级和所有者条件的组合规则已存在。
Rules,规则
Rules for configuring series,系列配置规则
Rules with higher priority number will be applied first.,优先级数值高的规则将优先应用。
Runtime in Minutes,运行时间（分钟）
Runtime in Seconds,运行时间（秒）
SMS,短信
SMS Gateway URL,短信网关URL
SMS Log,短信日志
SMS Parameter,短信参数
SMS Settings,短信设置
SMS sent successfully,短信发送成功
SMS was not sent. Please contact Administrator.,短信未发送，请联系管理员。
SMTP Server is required,需要SMTP服务器
SQL,SQL
"SQL Conditions. Example: {""status"" : ""open"", ""priority"" : ""medium""}","SQL 条件。示例：{""status"" : ""open"", ""priority"" : ""medium""}"
SQL Output,SQL输出
SQL Queries,SQL查询
SQL functions are not allowed as strings in SELECT: {0}. Use dict syntax like {{'COUNT': '*'}} instead.,SQL 函数不允许作为 SELECT: {0} 中的字符串。请改用 {{'COUNT': '*'}} 等字典语法。
SUCCESS,成功
"SUCCESS,FAILURE",成功，失败
"SUCCESS,FAILURE,DELAY",成功、失败、延迟
SWATCHES,色板
Sales Manager,销售经理
"Sales without complexity, lock-in and per-user costs. Try it for free!",销售没有复杂性、锁定和每用户成本。免费试用！
Sample,样本
Saturday,星期六
Save,保存
Save Anyway,仍然保存
Save As,另存为
Save Customizations,保存自定义
Save Report,保存报表
Save on Completion,完成后保存
Save the document.,保存文档。
Saved,已保存
Saved Filters,已保存的筛选器
Saving Changes...,保存更改...
Saving Customization...,正在保存自定义...
Saving Sidebar,保存侧边栏
Saving this will export this document as well as the steps linked here as json.,保存将导出此文档及其关联步骤为JSON格式。
Scan,扫描
Scan QRCode,扫描二维码
Schedule,计划任务
Scheduled Against,计划关联对象
Scheduled Job,计划作业
Scheduled execution for script {0} has updated,脚本{0}的计划执行已更新
Scheduler,调度器
Scheduler Status,调度器状态
Scheduler can not be re-enabled when maintenance mode is active.,维护模式激活时无法重新启用调度器。
Scope,作用域
Scopes Supported,支持的作用域
Script,脚本
Script Report,脚本报表
Script Type,脚本类型
Scripting / Style,脚本/样式
Scripts,脚本集
Search,搜索
Search Fields,搜索字段
Search Priorities,搜索优先级
Search Results,搜索结果
Search fields,搜索字段
Search fields updated.,搜索字段已更新。
Search for countries...,搜索国家...
Search for {0},搜索{0}
Search the docs (Press / to focus),搜索文档（按 / 聚焦）
Search...,搜索...
Seconds,秒
Section ID,章节ID
Section Title,节标题
Security Alert: Your account is being impersonated,安全警报：您的账户正在被冒充
Security Alert: Your password has been changed.,安全警报：您的密码已被更改。
Security Error: The Path provided is not safe.,安全错误：提供的路径不安全。
Security Settings,安全设置
Security Settings Contact,安全设置 联系方式
Security Settings Language,安全设置语言
Security.txt,安全.txt
Security.txt will be served only under HTTPS.,Security.txt 将仅在 HTTPS 下提供。
Security.txt will expire soon!,Security.txt 即将过期！
See all Activity,查看所有活动
See previous responses,查看之前的响应
Select All,全选
Select Attachments,选择附件
Select Child Table,选择子表
Select Column,选择列
Select Columns,选择列
Select Country,选择国家
Select Currency,选择货币
Select Dashboard,选择仪表板
Select Date Range,选择日期范围
Select Field,选择字段
Select Fields,选择字段
Select Fields (Up to {0}),选择字段（最多{0}个）
Select Fields To Update,选择要更新的字段
Select Google Calendar to which event should be synced.,选择要同步事件的Google日历。
Select Google Contacts to which contact should be synced.,选择要同步联系人的Google联系人。
Select Kanban,选择看板
Select Language,选择语言
Select List View,选择列表视图
Select Module,选择模块
Select Network Printer,选择网络打印机
Select Page,选择页面
Select Print Format,选择打印格式
Select Print Format to Edit,选择要编辑的打印格式
Select Report,选择报表
Select Time Zone,选择时区
Select Workflow,选择工作流
Select Workspace,选择工作区
Select a group {0} first.,请先选择{0}组。
Select a valid Sender Field for creating documents from Email,选择有效的发件人字段以从邮件创建文档
Select a valid Subject field for creating documents from Email,选择有效的主旨字段以从邮件创建文档
Select an Image,选择图片
Select list item,选择列表项
Select multiple list items,选择多个列表项
Select records for removing assignment,选择要移除分配的记录
Select which delivery events should trigger a delivery status notification (DSN) from the SMTP server.,选择哪些传递事件应触发来自 SMTP 服务器的传递状态通知 (DSN)。
Select {0},选择{0}
Send,发送
Send <b>at the earliest</b> this number of minutes before or after the reference datetime. The actual sending may be delayed by up to 5 minutes due to the scheduler's trigger cadence.,最早在参考时间的前后该分钟数发送。实际发送可能因调度器触发周期延迟最多5分钟。
Send As Raw HTML,作为原始 HTML 发送
Send Email Alert,发送邮件提醒
Send Email On State,在状态变更时发送邮件
Send Link,发送链接
Send Now,立即发送
Send System Notification,发送系统通知
Send alert if datetime matches this field's value,当日期时间匹配此字段值时发送提醒
Send an email reminder in the morning,早上发送邮件提醒
Send email when document transitions to the state.,当文档转换到该状态时发送邮件。
Send login link,发送登录链接
Send only if there is any data,仅在有数据时发送
Sender,发件人
Sender Email Field,发件人邮箱字段
Sender Field should have Email in options,发件人字段选项中应包含邮箱
Sender Name,发件人名称
Sender Name Field,发件人名称字段
Sending,发送中
Sent,已发送
Sent Folder Name,已发送文件夹名称
Sent On,发送日期
Sent To,发给
Separator,分隔符
Series counter for {} updated to {} successfully,{}的序列计数器成功更新至{}
Server Action,服务器动作
Server Error,服务器错误
Server IP,服务器IP
Server Scripts feature is not available on this site.,此站点未启用服务器脚本功能
Server error during upload. The file might be corrupted.,上传期间服务器错误。该文件可能已损坏。
Server failed to process this request because of a concurrent conflicting request. Please try again.,因并发请求冲突，服务器未能处理本请求。请稍后重试。
Server is busy. Please try again in a few seconds.,服务器正忙。请几秒钟后重试。
Server was too busy to process this request. Please try again.,服务器繁忙，请稍后重试
Service,服务
Session Created,会话已创建
Session Default,会话默认值
Session Defaults,会话默认值
Session Defaults Saved,会话默认值已保存
Session Expired,会话已过期
Sessions,会话
Set Chart,设置图表
Set Dynamic Filters,设置动态过滤器
Set Filters for {0},为{0}设置过滤器
Set Level,设置层级
Set New Password,设置新密码
Set Number of Backups,设置备份数量
Set Password,设置密码
Set Permissions,设置权限
Set Properties,设置属性
Set Quantity,设置数量
Set as Default Theme,设为默认主题
Set dynamic filter values in JavaScript for the required fields here.,在此处用JavaScript为必填字段设置动态过滤值
Set non-standard precision for a Float or Currency field,为浮点或货币字段设置非标准精度
"Set non-standard precision for a Float, Currency or Percent field",为浮点、货币或百分比字段设置非标准精度
Set only once,仅设置一次
Set size in MB,设置大小（MB）
"Set the filters here. For example:
<pre class=""small text-muted""><code>
[{
	fieldname: ""company"",
	label: __(""Company""),
	fieldtype: ""Link"",
	options: ""Company"",
	default: frappe.defaults.get_user_default(""Company""),
	reqd: 1
},
{
	fieldname: ""account"",
	label: __(""Account""),
	fieldtype: ""Link"",
	options: ""Account"",
	reqd: 1
}]
</code></pre>","在此设置筛选器，示例：
<pre class=""small text-muted""><code>
[{
	fieldname: ""company"",
	label: __(""Company""),
	fieldtype: ""公司"",
	options: ""Company"",
	default: frappe.defaults.get_user_default(""Company""),
	reqd: 1
},
{
	fieldname: ""account"",
	label: __(""账户""),
	fieldtype: ""Link"",
	options: ""Account"",
	reqd：1
}]
</code></pre>"
"Set the path to a whitelisted function that will return the data for the number card in the format:

<pre class=""small text-muted""><code>
{
	""value"": value,
	""fieldtype"": ""Currency"",
	""route_options"": {""from_date"": ""2023-05-23""},
	""route"": [""query-report"", ""Permitted Documents For User""]
}</code></pre>","设置白名单函数路径，该函数应返回如下格式的数字卡片数据：

<pre class=""small text-muted""><code>
{
	""value"": value,
	""fieldtype"": ""货币"",
	""route_options"": {""from_date"": ""2023-05-23""},
	""route"": [""query-report"", ""用户可访问文档""]
}</code></pre>"
Setting,设置
Settings,设置
Settings Dropdown,设置下拉菜单
Setup,设置
Setup > Customize Form,设置 > 自定义表单
Setup > User,设置 > 用户
Setup > User Permissions,设置 > 用户权限
Shop,商店
Show,显示
Show Absolute Datetime in Timeline,单据时间线日志显示完整时间
Show Absolute Values,显示绝对值
Show All,显示全部
Show Arrow,显示箭头
Show Auth Server Metadata,显示认证服务器元数据
Show Calendar,显示日历
Show Description on Click,单击时显示说明
Show Document,显示文档
Show Error,显示错误
Show External Link Warning,显示外部链接警告
Show Fieldname (click to copy on clipboard),显示字段名（点击复制到剪贴板）
Show First Document Tour,显示首次文档导览
Show Form Tour,显示表单导览
Show Full Form?,显示完整表单？
Show Full Number,显示完整数字
Show Labels,显示标签
Show Links,显示链接
Show Permissions,显示权限
Show Protected Resource Metadata,显示受保护资源元数据
Show Report,显示报表
Show Similar Errors,显示类似错误
Show Social Login Key as Authorization Server,将社交登录密钥显示为授权服务器
Show Tags,显示标签
Show Title,显示标题
Show Totals,显示总计
Show Tour,显示引导
Show Traceback,显示回溯信息
Show Values over Chart,在图表上显示数值
Show Weekends,显示周末
Show all Versions,显示所有版本
Show attachments,显示附件
Show full form instead of a quick entry modal,显示完整表单而非快速输入模态框
Show in Resource Metadata,在资源元数据中显示
Show keyboard shortcuts,显示键盘快捷键
Show link to document,显示文档链接
Show list,显示列表
Show more,显示更多
Show more details,显示更多详情
Show on Timeline,在时间轴显示
Show sidebar,显示侧边栏
Showing only first {0} rows out of {1},仅显示前{0}行（共{1}行）
Sidebar,侧边栏
Sidebar Item Group,侧边栏物料组
Sidebar Item Group Link,侧边栏物料组链接
Sidebar Settings,侧边栏设置
Sign In,登录
Sign Out,退出登录
Sign Up,注册
Sign Up and Confirmation,注册与确认
Sign up,注册
Sign ups,注册用户
Signature,签名
Signup Disabled,注册已禁用
Signups have been disabled for this website.,此网站已禁用注册功能
"Simple Python Expression, Example: <code class=""language-python"">status == ""Invalid""</code>","简单Python表达式，示例：<code class=""language-python"">status == ""Invalid"" 状态 == ""无效""</code>"
"Simple Python Expression, Example: <code class=""language-python"">status == 'Open' and issue_type == 'Bug'</code>","简单Python表达式，示例：<code class=""language-python"">status == 'Open' and issue_type == 'Bug' 状态 == 'Open' 和问题类型 == 'Bug'</code>"
"Simple Python Expression, Example: <code class=""language-python"">status in (""Closed"", ""Cancelled"")</code>","简单Python表达式，示例： <code class=""language-python"">状态 (""已关闭"", ""已取消"")</code>"
Site,网站
"Site is running in read only mode for maintenance or site update, this action can not be performed right now. Please try again later.",站点处于维护或更新的只读模式，当前操作不可执行，请稍后重试
Size (MB),大小（MB）
Size exceeds the maximum allowed file size.,大小超出了允许的最大文件大小。
Skip,跳过
Skip Authorization,跳过授权
Skip Step,跳过步骤
Skipped,已跳过
Skipping Duplicate Column {0},跳过重复列{0}
Skipping Untitled Column,跳过未命名列
Skipping column {0},跳过列{0}
Skipping fixture syncing for doctype {0} from file {1},跳过从文件{1}同步文档类型{0}的夹具
"Skipping {0} of {1}, {2}",跳过{1}的第{0}项，{2}
Skype,Skype
Slack Channel,Slack频道
Slack Webhook Error,Slack Webhook错误
Slideshow,幻灯片
Slideshow Name,幻灯片名称
Slug,Slug
Snapshot Report,快照报告
Snapshot Reports,快照报告
Snippet and more variables:  {0},代码段及更多变量：{0}
Social Link Settings,社交链接设置
Social Link Type,社交链接类型
Social Login Key,社交登录密钥
Social Login Provider,社交登录提供商
Social Logins,社交登录
SocketIO Ping Check,SocketIO心跳检测
SocketIO Transport Mode,SocketIO传输模式
Software ID,软件ID
Software Version,软件版本
Solid,固体
Some columns might get cut off when printing to PDF. Try to keep number of columns under 10.,打印为PDF时部分列可能被截断，建议列数不超过10列
"Some mailboxes require a different Sent Folder Name e.g. ""INBOX.Sent""",某些邮箱需要不同的发送文件夹名称，例如“INBOX.Sent”
Something went wrong.,出现错误
Sort Field,排序字段
Source Code,源代码
Source Text,源文本
Spam,垃圾邮件
Spawns actions in a background job,在后台任务中生成操作
"Special Characters except '-', '#', '.', '/', '{{' and '}}' not allowed in naming series {0}",命名系列 {0} 中不允许使用除“-”、“#”、“.”、“/”、“{{' and '}}”之外的特殊字符
"Specify a custom timeout, default timeout is 1500 seconds",指定自定义超时时间，默认超时1500秒
"Specify the domains or origins that are permitted to embed this form. Enter one domain per line (e.g., https://example.com). If no domains are specified, the form can only be embedded on the same origin.",指定允许嵌入此表单的域名或源。每行输入一个域名（如https://example.com）。若未指定，则表单仅允许同源嵌入
Sr No.,序号
Standard,标准
Standard DocType can not be deleted.,标准文档类型不可删除
Standard Not Set,未设置标准
Standard Permissions,标准权限
Standard Reports cannot be deleted,标准报表不可删除
Standard Reports cannot be edited,标准报表不可编辑
"Standard Web Forms can not be modified, duplicate the Web Form instead.",标准Web表单不可修改，请复制后编辑副本
Standard reports can only be created in developer mode.,标准报告只能在开发人员模式下创建。
Standard rich text editor with controls,带控件的标准富文本编辑器
Standard user type {0} can not be deleted.,标准用户类型{0}不可删除
Start,开始
Start Date,开始日期
Start Import,开始导入
Start Recording,开始录制
Start Time,开始时间
Start a new discussion,发起新讨论
StartTLS,启动TLS
State Properties,状态属性
Static Parameters,静态参数
Statistics,统计信息
Status,状态
Status Updated. The email will be picked up in the next scheduled run.,状态已更新，邮件将在下次计划运行时处理
Status: {0},状态：{0}
Steps,步骤
Sticky,置顶
Stop,停止
Stopped,已停止
Storage Usage (MB),存储使用量（MB）
Storage Usage By Table,按表的存储使用量
Store the API secret securely. It won't be displayed again.,请安全存储API密钥。该密钥将不再显示。
Stores the datetime when the last reset password key was generated.,存储最后生成密码重置密钥的时间
Strong,强
Style Settings,样式设置
Stylesheet,样式表
Sub-domain provided by erpnext.com,由erpnext.com提供的子域名
Subdomain,子域名
Subject,主题
Subject Field,主题字段
"Subject Field type should be Data, Text, Long Text, Small Text, Text Editor",主题字段类型应为数据、文本、长文本、短文本或文本编辑器
Submission Queue,提交队列
Submit,提交
Submit an Issue,提交问题
Submit another response,提交其他响应
Submit button label,提交按钮标签
Submit on Creation,创建时提交
Submit this document to complete this step.,提交此文档以完成此步骤
Submitted,已提交
Submitted document cannot be converted back to draft while transitioning from <b>{0} State</b> to <b>{1} State</b>,从<b>{0}状态</b>转换至<b>{1}状态</b>时，已提交文档无法转回草稿
Submitting,提交中
Submitting {0},正在提交{0}
Subtle,微妙
Success,成功
Success URI,成功URI
Success URL,成功URL
Success message,成功消息
Success title,成功标题
Successful Transactions,成功事务
Successfully Updated,更新成功
Successfully imported {0} out of {1} records.,成功导入{1}条记录中的{0}条。
Successfully reset onboarding status for all users.,已成功重置所有用户的入职状态。
Successfully signed out,已成功退出登录
Successfully updated {0} out of {1} records.,成功更新{1}条记录中的{0}条。
Suggest Optimizations,建议优化
Suggested Indexes,建议索引
Suggested Username: {0},建议用户名：{0}
Sunday,星期天
"Support without complexity, lock-in and per-user costs. Try it for free!",支持没有复杂性、锁定和每用户成本。免费试用！
Supported Variables:,支持的变量：
Suspend Sending,暂停发送
Switch Camera,切换摄像头
Switch Theme,切换主题
Switch theme,切换主题
Switch to CRM,切换到客户关系管理
Switch to Frappe CRM,切换到Frappe CRM
Switch to Helpdesk,切换到帮助台
Switching Camera,正在切换摄像头
Symbol,符号
Sync,同步
Sync Calendar,同步日历
Sync Data,同步数据
Sync Timeout (Seconds),同步超时（秒）
Sync events from Google as public,将Google事件同步为公开
Sync on Migrate,迁移时同步
"Sync token was invalid and has been reset, Retry syncing.",同步令牌无效已重置，请重试同步。
Sync with Google Calendar,与Google日历同步
Sync {0} Fields,同步{0}字段
Synced,已同步
Synced Fields,已同步字段
Syncing {0} of {1},正在同步{1}中的{0}
Syntax Error,语法错误
System,系统
System Console,系统控制台
System Generated Fields can not be renamed,系统生成字段不可重命名
System Health,系统健康状态
System Health Report Errors,系统健康报告错误
System Health Report Failing Jobs,系统健康报告失败任务
System Health Report Queue,系统健康报告队列
System Health Report Tables,系统健康报告表
System Health Report Workers,系统健康报告工作进程
System Logs,系统日志
System Manager,系统管理员
System Manager privileges required.,需要系统管理员权限。
System Notification,系统通知
System Page,系统页面
System managers are allowed by default,默认允许系统管理员
T,T
TOS URI,服务条款URI
Tab,选项卡
Tab Label,选项卡标签
Table,表
Table Break,表格分隔
Table Fieldname,表字段名
Table Fieldname Missing,缺失表格字段名
"Table MultiSelect requires a table with at least one Link field, but none was found in {0}",表多选需要一张至少包含一个链接字段的表，但在 {0} 中未找到任何链接字段
Table Trimmed,表格已截断
Table {0} cannot be empty,表{0}不能为空
Tabloid,小报尺寸
Tag,标签
Tag Link,标签链接
Tags,标签
Target,目标
Task,任务
Tasks,任务
Team Members,团队成员
Team Members Heading,团队成员标题
Template,模板
Template Error,模板错误
Template File,模板文件
Template Options,模板选项
Template Warnings,模板警告
Templates,模板
Test Data,测试数据
Test Job ID,测试任务ID
Test Spanish,测试西班牙语
Text,文本
Text Align,文本对齐
Text Color,文字颜色
Text Content,文本内容
Text Editor,文本编辑器
Thank you,谢谢
"Thank you for reaching out to us. We will get back to you at the earliest.


Your query:

{0}","感谢您联系我们。我们将尽快给您回复。


您的问题

{0}"
Thank you for spending your valuable time to fill this form,感谢您花时间填写此表单
Thank you for your feedback!,感谢您的反馈！
Thanks,谢谢
The Auto Repeat for this document has been disabled.,此文档的自动重复功能已禁用。
The Bulk Update could not happen due to <b>{0}</b>,由于 <b>{0}</b>，无法进行批量更新
The CSV format is case sensitive,CSV格式区分大小写
"The Client ID obtained from the Google Cloud Console under <a href=""https://console.cloud.google.com/apis/credentials"">
""APIs &amp; Services"" &gt; ""Credentials""
</a>","从Google Cloud Console的 <a href=""https://console.cloud.google.com/apis/credentials"">
“API &amp; 服务” &gt; “凭据”
</a>获取的客户端 ID"
The File URL you've entered is incorrect,您输入的文件URL不正确
The Next Scheduled Date cannot be later than the End Date.,下次计划日期不能晚于结束日期。
The Push Relay Server URL key (`push_relay_server_url`) is missing in your site config,站点配置中缺少推送中继服务器URL键(`push_relay_server_url`)
The User record for this request has been auto-deleted due to inactivity by system admins.,由于系统管理员未操作，此请求的用户记录已被自动删除。
The application name will be used in the Login page.,应用名称将显示在登录页面
"The browser API key obtained from the Google Cloud Console under <a href=""https://console.cloud.google.com/apis/credentials"">
""APIs &amp; Services"" &gt; ""Credentials""
</a>","从Google Cloud Console的<a href=""https://console.cloud.google.com/apis/credentials"">
“API &amp; 服务” &gt; “凭据”
</a>中获取的浏览器API密钥"
The changes have been reverted.,更改已还原。
The column {0} has {1} different date formats. Automatically setting {2} as the default format as it is the most common. Please change other values in this column to this format.,列{0}存在{1}种日期格式。自动将最常见的{2}设为默认格式。请将此列其他值更改为该格式。
The comment cannot be empty,评论内容不能为空
The configured SMTP server does not support DSN (Delivery Status Notification).,配置的 SMTP 服务器不支持 DSN（传送状态通知）。
The contents of this email are strictly confidential. Please do not forward this email to anyone.,此邮件内容严格保密。请勿转发给任何人。
The count shown is an estimated count. Click here to see the accurate count.,显示数量为估算值。点击此处查看精确数量。
The country's ISO 3166 ALPHA-2 code.,国家ISO 3166 ALPHA-2代码。
The default value for the Check field {0} must be either '0' or '1',检查字段 {0} 的默认值必须是“0”或“1”
"The document type selected is a child table, so the parent document type is required.",所选文档类型为子表，需指定父文档类型
The field {0} in {1} does not allow ignoring user permissions,{1} 中的字段 {0} 不允许忽略用户权限
The field {0} in {1} links to {2} and not {3},{1} 中的字段 {0} 链接到 {2} 而不是 {3}
The field {0} is mandatory,字段{0}为必填项
The fieldname you've specified in Attached To Field is invalid,在“附加到字段”中指定的字段名无效
The following Assignment Days have been repeated: {0},以下分配日期重复：{0}
The following Header Script will add the current date to an element in 'Header HTML' with class 'header-content',以下页眉脚本将当前日期添加至类名为'header-content'的页眉HTML元素中
The following configured IMAP folder(s) were not found or are not accessible on the server:<br><ul>{0}</ul>Please verify the folder names exactly as they appear on the server and ensure the account has access to them.,在服务器上找不到或无法访问以下配置的 IMAP 文件夹：<br><ul>{0}</ul> 请验证文件夹名称与服务器上显示的名称完全一致，并确保该账户有权访问它们。
The following values are invalid: {0}. Values must be one of {1},以下值无效：{0}。有效值应为{1}之一
The link will expire in {0} minutes,链接将在{0}分钟后失效
The link you trying to login is invalid or expired.,您尝试登录的链接无效或已过期。
"The meta description is an HTML attribute that provides a brief summary of a web page. Search engines such as Google often display the meta description in search results, which can influence click-through rates.",元描述是HTML属性，提供网页摘要。Google等搜索引擎常在搜索结果中显示元描述，影响点击率。
"The meta image is unique image representing the content of the page. Images for this Card should be at least 280px in width, and at least 150px in height.",元图像是代表页面内容的唯一图像。卡片图像宽度至少280px，高度至少150px。
The next tour will start from where the user left off.,下次导览将从用户上次结束的位置开始
"The project number obtained from Google Cloud Console under <a href=""https://console.cloud.google.com/iam-admin/settings"">
""IAM &amp; Admin"" &gt; ""Settings""
</a>","从Google Cloud Console的<a href=""https://console.cloud.google.com/apis/credentials"">
“IAM &amp; 管理” &gt; “设置”
</a>中获取的项目编号"
The report you requested has been generated.<br><br>Click here to download:<br><a href='{0}'>{0}</a><br><br>This link will expire in {1} hours.,您请求的报告已生成。<br><br>点击此处下载：<br><a href='{0}'>{0}</a><br><br>此链接将在{1}小时后过期。
The reset password link has been expired,重置密码链接已过期
The reset password link has either been used before or is invalid,重置密码链接已被使用或无效
The role {0} should be a custom role.,角色{0}应为自定义角色。
The selected document {0} is not a {1}.,所选文档{0}不是{1}类型。
The system is being updated. Please refresh again after a few moments.,系统正在更新。请稍后刷新页面。
"The value of the field {0} is too long in the {1} document. To resolve this issue, please reduce the value length or change the {0} field Type to Long Text using customize form, and then try again.",{1} 单据中字段 {0} 的值太长。要解决此问题，请减少值长度或使用自定义表单将 {0} 字段类型更改为长文本，然后重试。
The value you pasted was {0} characters long. Max allowed characters is {1}.,您粘贴的值长度为{0}个字符。最大允许字符数为{1}。
The webhook will be triggered if this expression is true,当表达式为真时触发Webhook
The {0} is already on auto repeat {1},{0}已启用自动重复{1}
Theme,主题
Theme Changed,主题已更改
Theme Configuration,主题配置
There are documents which have workflow states that do not exist in this Workflow. It is recommended that you add these states to the Workflow and change their states before removing these states.,存在文档的工作流状态未包含在此工作流中。建议在移除前将这些状态添加至工作流并修改文档状态。
"There are no {0} for this {1}, why don't you start one!",此{1}无{0}，何不创建一个！
There are {0} with the same filters already in the queue:,队列中已有{0}条相同筛选条件的记录：
There can be only 9 Page Break fields in a Web Form,网页表单最多允许9个分页符字段
"There is no task called ""{}""","不存在名为""{}""的任务"
There is {0} with the same filters already in the queue:,队列中已有{0}条相同筛选条件的记录：
There was an error building this page,构建此页面时出错
These announcements will appear inside a dismissible alert below the Navbar.,这些公告将显示在导航栏下方可关闭的提示框中
"These fields are used to provide resource server metadata to clients querying the ""well known protected resource"" end point.","这些字段用于向查询""知名受保护资源""端点的客户端提供资源服务器元数据。"
These settings are required if 'Custom' LDAP Directory is used,使用'自定义'LDAP目录时需配置以下设置
Third Party Apps,第三方应用
Third Party Authentication,第三方认证
This PDF cannot be uploaded as it contains unsafe content.,此PDF文件因包含不安全内容而无法上传。
This action is irreversible. Do you wish to continue?,此操作不可逆。是否继续？
This action is only allowed for {},此操作仅允许{}执行
This card is visible only to Administrator and System Managers by default. Set a DocType to share with users who have read access.,默认情况下，此卡片仅对管理员和系统经理可见。请设置文档类型以与具有读取权限的用户共享。
This doctype has no orphan fields to trim,此文档类型无孤立字段需清理
"This doctype has pending migrations, run 'bench migrate' before modifying the doctype to avoid losing changes.",此文档类型有待执行迁移，修改前请运行'bench migrate'以避免丢失更改。
This document can not be deleted right now as it's being modified by another user. Please try again after some time.,此文档正被其他用户修改，暂时无法删除。请稍后重试。
This document has already been queued for submission. You can track the progress over {0}.,本文档已加入提交队列。您可通过{0}跟踪进度。
This document has unsaved changes which might not appear in final PDF. <br> Consider saving the document before printing.,此文档存在未保存更改，可能不会反映在最终PDF中。<br>打印前请先保存文档。
"This document is already amended, you cannot ammend it again",此文档已修订，不可再次修订
"This feature can not be used as dependencies are missing.
				Please contact your system manager to enable this by installing pycups!","由于缺少依赖项，该功能无法使用。
				请联系系统管理员，通过安装 pycups 来启用此功能！"
This file is attached to a protected document and cannot be deleted.,该文件已关联至受保护文档，不可删除。
"This file is public and can be accessed by anyone, even without logging in. Mark it private to limit access.",本文件为公开文件，无需登录即可访问。请设为私有以限制访问权限。
This geolocation provider is not supported yet.,暂不支持此地理位置服务提供商。
This is a snapshot report generated {0}.,这是生成的快照报告 {0}。
"This report contains {0} rows and is too big to display in browser, you can {1} this report instead.",此报告包含{0}行数据，浏览器显示过大，建议{1}此报告。
"This site is in read only mode, full functionality will be restored soon.",此站点处于只读模式，完整功能将尽快恢复。
This software is built on top of many open source packages.,本软件基于众多开源软件包构建。
This title will be used as the title of the webpage as well as in meta tags,此标题将作为网页标题及元标签内容
This value is fetched from {0}'s {1} field,此值取自{0}的{1}字段
This value specifies the max number of rows that can be rendered in report view.,报表界面最大允许显示的行数
"This will be automatically generated when you publish the page, you can also enter a route yourself if you wish",发布页面时将自动生成路由，也可手动输入自定义路由
This will be shown in a modal after routing,路由后将在模态框中显示此内容
This will be shown to the user in a dialog after routing to the report,路由到报表后将在对话框中向用户显示
This will reset this tour and show it to all users. Are you sure?,将重置此导览并向所有用户显示。是否继续？
"This will terminate the job immediately and might be dangerous, are you sure?",此操作将立即终止任务且可能存在风险，是否确认继续？
Thursday,星期四
Time,时间
Time Format,时间格式
Time Interval,时间间隔
Time Series,时间序列
Time Zone,时区
Time format,时间格式
Time {0} must be in format: {1},时间{0}必须符合格式：{1}
Timed Out,超时
Timeless Night,永恒之夜主题
Timeline Field,时间线字段
Timeline Links,时间线链接
Timeline Name,时间线名称
Timeout,超时
Timeout (In Seconds),超时时间（秒）
Timeseries,时间序列
Timespan,时间跨度
Timestamp,时间戳
Tip: Try the new dropdown console using,提示：尝试使用新的下拉控制台
Title,标题
Title Field,标题字段
Title Prefix,标题前缀
Title of the page,页面标题
To Date Field,截止日期字段
"To add dynamic subject, use jinja tags like

<div><pre><code>New {{ doc.doctype }} #{{ doc.name }}</code></pre></div>","使用Jinja标签添加动态主题

<div><pre><code>新建{{ doc.doctype }} #{{ doc.name }}</code></pre></div>"
"To add dynamic values from the document, use jinja tags like

<div>
<pre><code>{ ""id"": ""{{ doc.name }}"" }</code>
</pre>
</div>","使用Jinja标签添加文档动态值

<div>
<pre><code>{ ""id"": ""{{ doc.name }}"" }</code>
</pre>
</div>"
To allow more reports update limit in System Settings.,要在系统设置中调整报表数量限制以允许更多报表
To enable it follow the instructions in the following link: {0},启用方法请参考以下链接说明：{0}
"To enable server scripts, read the {0}.",启用服务端脚本请参阅{0}
"To export this step as JSON, link it in a Onboarding document and save the document.",导出此步骤为JSON需关联到入职文档并保存
To generate password click {0},生成密码请点击{0}
To know more click {0},了解更多请点击{0}
"To set the role {0} in the user {1}, kindly set the {2} field as {3} in one of the {4} record.",为用户{1}设置角色{0}，请在{4}记录中将{2}字段设为{3}
"To use Google Calendar, enable {0}.",使用Google日历需启用{0}
"To use Google Contacts, enable {0}.",使用Google联系人需启用{0}
"To use Google Indexing, enable <a href=""/desk/google-settings"">Google Settings</a>.","启用<a href=""/desk/google-settings"">Google设置</a>以使用Google索引服务。"
"To use Slack Channel, add a <a href=""#List/Slack%20Webhook%20URL/List"">Slack Webhook URL</a>.","要使用 Slack 频道, 请添加 <a href=""#List/Slack%20Webhook%20URL/List"">Slack Webhook URL</a>。"
Toggle Awesomebar,切换真棒栏
Toggle Chart,切换图表
Toggle Theme,切换主题
Toggle sidebar,切换侧边栏
Token,令牌
Token Endpoint Auth Method,令牌端点认证方法
Token Type,令牌类型
Token URI,令牌URI
Tomorrow,明天
Too Many Documents,文档数量过多
Too Many Requests,请求过多
Too many changes to database in single action.,单次操作中数据库变更过多
Too many queued background jobs ({0}). Please retry after some time.,后台作业队列过长({0})，请稍后重试
Too many requests. Please try again later.,请求太多。请稍后重试。
Tools,工具
Top 10,前十项
Top Errors,高频错误
Topic,主题
Total Background Workers,后台工作进程总数
Total Errors (last 1 day),总错误数（最近1天）
Total Images,总图片数
Total Outgoing Emails,总发送邮件数
Total Users,总用户数
Total number of emails to sync in initial sync process,初始同步过程中要同步的邮件总数
Total:,总计：
Totals,总计
Trace ID,追踪ID
Track Steps,跟踪步骤
Tracking URL generated and copied to clipboard,跟踪URL已生成并复制到剪贴板
Transaction,交易
Transgender,跨性别者
Transition Tasks,过渡任务
Transitions,状态转换
Translatable,可翻译
Translate Data,翻译数据
Translate Link Fields,翻译链接字段
Translate values,翻译值
Translate {0},翻译{0}
Translation,翻译
"Translations can be viewed by guests, avoid storing private details in translations.",访客可以查看翻译，避免在翻译中存储私人详细信息。
Tree view is not available for {0},{0}不支持树形视图
Trigger Method,触发方法
Trigger caching,触发缓存
Trigger primary action,触发主要操作
Trim Table,精简表格
Try Again,重试
Try to avoid repeated words and characters,尽量避免重复的单词和字符
Tuesday,星期二
Type,类型
Type title,输入标题
Type your reply here...,在此输入回复...
Type:,类型：
UI Tour,界面导览
"URIs for receiving authorization code once the user allows access, as well as failure responses. Typically a REST endpoint exposed by the Client App.
<br>e.g. http://hostname/api/method/frappe.integrations.oauth2_logins.login_via_facebook","用户授权后接收授权码及错误响应的URI。通常为客户端应用暴露的REST端点。
<br>示例：http://hostname/api/method/frappe.integrations.oauth2_logins.login_via_facebook"
URL,URL
URL contact must start with https://,URL 联系人必须以 https:// 开头
URL must start with http:// or https://,URL必须以http://或https://开头
URL of a human-readable page with info that developers might need.,包含开发人员可能需要信息的人类可读页面URL。
URL of a web page providing information about the client.,提供客户端相关信息的网页URL。
URL of human-readable page with info about the protected resource's terms of service.,包含受保护资源服务条款信息的人类可读页面URL。
URL of human-readable page with info on requirements about how the client can use the data.,包含客户端数据使用要求信息的人类可读页面URL。
URL of the page,页面URL
URL that points to a human-readable policy document for the client. Should be shown to end-user before authorizing.,指向客户端人类可读策略文档的URL。应在授权前向最终用户展示。
URL that points to a human-readable terms of service document for the client. Should be shown to end-user before authorizing.,指向客户端人类可读服务条款文档的URL。应在授权前向最终用户展示。
URL that references a logo for the client.,引用客户端标识的URL。
URL to go to on clicking the slideshow image,点击轮播图片跳转的URL
UTM Campaign,UTM活动
UTM Medium,UTM媒介
UTM Source,UTM来源
UUID,通用唯一标识符
Un-following document {0},取消关注文档{0}
Unable to read file format for {0},无法读取{0}的文件格式
Unable to send mail because of a missing email account. Please setup default Email Account from Settings > Email Account,缺少邮箱账户无法发送邮件，请通过设置>邮箱账户配置默认账户
Unable to update event,无法更新事件
Unable to write file format for {0},无法写入{0}的文件格式
Uncaught Exception,未捕获异常
Unchanged,未变更
Undo,撤销
Undo last action,撤销上一步操作
Unfollow,取消关注
Unhandled Emails,未处理邮件
"Unique ID assigned by the client developer used to identify the client software to be dynamically registered.
<br>
<b>Should remain same</b> across multiple versions or updates of the software.",由客户端开发人员分配的唯一ID，用于标识要动态注册的客户端软件。<br><b>应在软件的多个版本或更新中保持不变</b>。
Unknown,未知
Unknown Rounding Method: {},未知舍入方法：{}
Unknown User,未知用户
Unknown file encoding. Tried to use: {0},未知文件编码，尝试使用：{0}
Unlock Reference Document,解锁参考文档
Unpin,取消固定
Unpublish,取消发布
Unread,未读
Unsafe SQL query,不安全的SQL查询
Unsubscribe Method,退订方法
Unsubscribe Params,退订参数
Unsubscribed,已退订
Unsupported file format: {0},不支持的文件格式：{0}
Unsupported function or operator: {0},不支持的函数或运算符：{0}
Unsupported {0}: {1},不受支持的{0}：{1}
Untitled Column,未命名列
Unzip,解压缩
Update,更新
Update Available,可用更新
Update Existing Records,更新现有记录
Update Field,更新字段
Update Order,更新顺序
Update Password,更新密码
Update Profile,更新个人资料
Update Settings,更新设置
Update Translations,更新翻译
Update Value,更新值
Update from Frappe Cloud,从Frappe云更新
Update {0} rows,更新 {0} 行
Updated,已更新
Updated Successfully,更新成功
Updated To A New Version 🎉,已更新至新版本🎉
Updated successfully,更新成功
Updated {0} selected {1}. Save the form to keep changes.,更新了{0}选择的{1}。保存表单以保留更改。
Updating naming series options,更新命名系列选项
Updating related fields...,正在更新相关字段...
Updating search index,更新搜索索引
Upload,上传
Upload Image,上传图片
Upload file,上传文件
Uploaded To Google Drive,已上传至Google云盘
Use % for any non empty value.,使用%表示任意非空值
Use HTML,使用HTML
Use IMAP,使用IMAP
Use Number Format from Currency,使用货币的数字格式
Use Report Chart,使用报表图表
Use SSL,使用SSL
Use TLS,使用TLS
Use a few uncommon words together.,一起使用一些不常见的单词。
Use ampersand to match multiple terms,使用＆符号来匹配多个术语
Use if the default settings don't seem to detect your data correctly,当默认设置无法正确识别数据时使用
Use minimum of 8 characters(case sensitive) with at least one number or special character.,至少使用 8 个字符（区分大小写），并至少包含一个数字或特殊字符。
Use strong passwords.,使用强密码。
"Use this, for example, if all sent emails should also be send to an archive.",例如，若需将所有发送邮件同时存档可使用此选项
User,用户
User Activity Report,用户活动报表
User Activity Report Without Sort,未排序用户活动报表
User Agent,用户代理
User Doctype Permissions,用户文档类型权限
User Group,用户组
User Group Member,用户组成员
User ID Property,用户ID属性
User Id Field is mandatory in the user type {0},用户类型{0}中用户ID字段为必填项
User Invitation,用户邀请
User Menu,用户菜单
User Name,用户名
User Permissions created successfully,用户权限创建成功
User Role,用户角色
User Role Profile,用户角色配置文件
User Session Display,用户会话显示
User Social Login,用户社交登录
User Tags,用户标签
User Type,用户类型
User Type Module,用户类型模块
User is disabled,用户已禁用
User with email address {0} does not exist,邮箱地址为{0}的用户不存在
User with email: {0} does not exist in the system. Please ask 'System Administrator' to create the user for you.,系统中不存在邮箱为{0}的用户，请联系系统管理员创建
User {0} does not have the permission to create a Workspace.,用户{0}无权创建工作区
User {0} has requested for data deletion,用户{0}已请求数据删除
User {0} has started an impersonation session as you. <br><br><b>Reason provided:</b> {1},用户 {0} 已以您的身份启动了模拟会话。 <br><br><b>Reason provided:</b> {1}
User {0} is disabled,用户{0}已禁用
User {0} is disabled. Please contact your System Manager.,用户{0}已禁用，请联系系统管理员
User {0} is not permitted to access this document.,用户{0}无权访问此文档
Userinfo URI,用户信息URI
Username,用户名
Username {0} already exists,用户名{0}已存在
Users,用户
Uses system's theme to switch between light and dark mode,使用系统主题切换亮/暗模式
Using this console may allow attackers to impersonate you and steal your information. Do not enter or paste code that you do not understand.,使用此控制台可能使攻击者冒充您窃取信息，请勿输入或粘贴未知代码
Utilization,利用率
Valid,有效
Validate Field,验证字段
Validate Frappe Mail Settings,验证Frappe邮件设置
Validate SSL Certificate,验证SSL证书
Validation Error,验证错误
Validity,有效期
Value,值
Value Too Long,值太长
Value cannot be negative for,值不能为负数：
Value cannot be negative for {0}: {1},{0}的值不能为负数：{1}
Value from this field will be set as the due date in the ToDo,此字段值将设为待办事项的截止日期
"Value of ""None"" implies a public client. In such a case Client Secret is not given to the client and token exchange makes use of PKCE.","值为""None""表示公共客户端。在此情况下，客户端密钥不会提供给客户端，令牌交换将使用PKCE。"
Value to set when this workflow state is applied. Use plain text (e.g. Approved) or an expression if “Evaluate as Expression” is enabled.,应用此工作流程状态时要设置的值。如果启用了“评估为表达式”，请使用纯文本（例如已批准）或表达式。
Value too big,值过大
Value {0} must be in the valid duration format: d h m s,值{0}必须符合有效时长格式：d h m s
Value {0} must in {1} format,值{0}必须符合{1}格式
Values Changed,值已更改
Verification,验证
Verification Code,验证码
Verification Link,验证链接
Verification code email not sent. Please contact Administrator.,验证码邮件未发送，请联系管理员
Verify Password,确认密码
Version,版本
Video URL,视频URL
View,查看
View All,查看全部
View Audit Trail,查看审计跟踪
View Docs,查看文档
View Doctype Permissions,查看文档类型权限
View Documentation,查看文档
View File,查看文件
View List,查看列表
View Log,查看日志
View Report,查看报表
View Settings,视图设置
View Sidebar,查看侧边栏
View Website,查看网站
View all {0} users,查看所有 {0} 个用户
View report in your browser,在浏览器中查看报表
View your response,查看您的响应
View {0},查看{0}
Virtual,虚拟
Virtual DocType {} requires a static method called {} found {},虚拟文档类型{}需要名为{}的静态方法，找到{}
Virtual DocType {} requires overriding an instance method called {} found {},虚拟文档类型{}需要重写名为{}的实例方法，找到{}
Virtual tables must be virtual fields,虚拟表必须为虚拟字段
Visible to website/portal users.,对网站/门户用户可见。
Visit Desktop,访问桌面
Visit Frappe Support Portal,访问 Frappe 支持门户
Visit Web Page,访问网页
Visitor ID,访客ID
Want to discuss?,需要讨论？
Warehouse,仓库
Warning,警告
Warning: DATA LOSS IMMINENT! Proceeding will permanently delete following database columns from doctype {0}:,警告：即将数据丢失！继续操作将永久删除{0}的数据库列：
Warning: Naming is not set,警告：未设置命名规则
Warning: Updating counter may lead to document name conflicts if not done properly,警告：计数器更新不当可能导致文档名称冲突
Warning: Usage of 'format:' is discouraged.,警告：不鼓励使用“format:”。
Was this article helpful?,本文是否有帮助？
Watch Tutorial,观看教程
We do not allow editing of this document. Simply click the Edit button on the workspace page to make your workspace editable and customize it as you wish,本文档不允许编辑。点击工作区页面编辑按钮可自定义工作区
We would like to thank the authors of these packages for their contribution.,感谢以下软件包作者的贡献
We've received your query!,已收到您的查询！
Weak,弱
Web Page Block,网页区块
Web Page URL,网页URL
Web Page View,网页视图
Web Template,网页模板
Web Template Field,网页模板字段
Web Template Values,网页模板值
Web Template is not specified,未指定网页模板
Webhook,网络钩子
Webhook Request Log,网络钩子请求日志
Webhook Secret,网络钩子密钥
Webhook Security,网络钩子安全性
Website,网站
Website Analytics,网站分析
Website Manager,网站管理员
Website Script,网站脚本
Website Search Field,网站搜索字段
Website Search Field must be a valid fieldname,网站搜索字段必须是有效字段名
Website Settings,网站设置
Website Slideshow,网站幻灯片
Website Theme,网站主题
Website Theme Ignore App,网站主题忽略应用
Website Theme image link,网站主题图像链接
Website Themes Available,可用的网站主题
Website Visits,网站访问量
"Website, email or phone where vulnerabilities can be reported. Defaults to `https://security.frappe.io`",可以报告漏洞的网站、电子邮件或电话。默认为 `https://security.frappe.io`
Websocket,Websocket
Wednesday,星期三
Week,周
Week of the year,一年中的第几周
Weekly,每周
Weekly Long,周（长格式）
Weight,重量
Weighted Distribution,加权分布
Welcome,欢迎
Welcome Email Template,欢迎邮件模板
Welcome Workspace,欢迎工作区
Welcome email sent,欢迎电子邮件已发送
Welcome to Frappe!,欢迎来到弗拉佩！
Welcome to the {0} workspace,欢迎来到 {0} 工作区
Welcome to {0},欢迎{0}
Welcome! Please sign in to continue.,欢迎！请登录以继续。
Which view of the associated DocType should this shortcut take you to?,此快捷方式应跳转至关联文档类型的哪个视图？
Width,宽度
Wildcard Filter,通配符过滤器
"Will add ""%"" before and after the query","将在查询前后添加""%"""
Will run scheduled jobs only once a day for inactive sites. Set it to 0 to avoid automatically disabling the scheduler.,非活跃站点每天仅运行一次定时任务，设为0禁用此功能
Workflow,工作流
Workflow Action Name,工作流操作名称
Workflow Builder ID,工作流构建器ID
Workflow Builder allows you to create workflows visually. You can drag and drop states and link them to create transitions. Also you can update their properties from the sidebar.,Workflow Builder 允许您直观地创建工作流程。您可以拖放状态并将它们链接起来以创建转换。您还可以从侧边栏更新它们的属性。
Workflow Data,工作流数据
Workflow Evaluation Error,工作流程评估错误
Workflow Name,工作流名称
Workflow State,工作流状态
Workflow State Field,工作流状态字段
Workflow State transition not allowed from {0} to {1},不允许从{0}到{1}的工作流状态转换
Workflow States Don't Exist,工作流状态不存在
Workflow Status,工作流状态
Workflow Task,工作流任务
Workflow Transition Task,工作流转场任务
Workflow Transition Tasks,工作流转场任务
Workflow updated successfully,工作流更新成功
Workspace <b>{0}</b> does not exist,工作区<b>{0}</b>不存在
Workspace Chart,工作区图表
Workspace Link,工作区链接
Workspace Manager,工作区管理员
Workspace Sidebar Item,工作区侧边栏物料
Workspace added to desktop,工作区已添加到桌面
Workspace {0} created,工作区{0}已创建
Workspaces,工作区集
Would you like to publish this comment? This means it will become visible to website/portal users.,是否确认发布本评论？发布后网站/门户用户可见。
Would you like to unpublish this comment? This means it will no longer be visible to website/portal users.,是否确认取消发布本评论？取消后网站/门户用户将不可见。
Wrong Fetch From value,错误的获取来源值
X Axis Field,X轴字段
XMLHttpRequest Error,XMLHttp请求错误
Yahoo Mail,雅虎邮箱
Year,年
Year in 2 digits,2 位数年份
Year in 4 digits,4 位数年份
Yearly,每年
Yellow,黄色
Yes,是
Yesterday,昨天
You,您
You Liked,您已点赞
You added 1 row to {0},您向{0}添加了1行
You added {0} rows to {1},您向{1}添加了{0}行
"You are about to open an external link. To confirm, click the link again.",您即将打开外部链接。请再次点击链接以确认。
You are not allowed to access this resource,您无权访问此资源
You are not allowed to delete Standard Report,您无权删除标准报表
You are not allowed to delete a standard Notification. You can disable it instead.,您不能删除标准通知。您可以改为禁用它。
You are not allowed to edit the report.,您无权编辑此报表
You are not allowed to update attendance for another user.,您无权更新其他用户的出勤情况。
You are not allowed to view events for another user.,您无权查看其他用户的活动。
You are not authorized to undo this email,您无权撤消此电子邮件
You are not permitted to access this page without login.,未登录状态下无权访问此页面
You are not permitted to access this resource. Login to access,您无权访问此资源。请登录后访问
"You are only allowed to update order, do not remove or add apps.",仅允许调整应用顺序，不可增删应用
"You are selecting Sync Option as ALL, It will resync all read as well as unread message from server. This may also cause the duplication of Communication (emails).",选择全量同步将重新同步服务器所有消息，可能导致通讯记录重复
You can also access wkhtmltopdf variables (valid only in PDF print):,可使用wkhtmltopdf变量（仅限PDF打印）：
You can also copy-paste following link in your browser,也可在浏览器中粘贴以下链接
You can also copy-paste this,您也可以复制粘贴此内容
You can also copy-paste this {0} to your browser,也可将{0}粘贴到浏览器
You can also use variables in the series name by putting them between (.) dots,您还可以通过将变量放在 (.) 点之间来使用系列名称中的变量
You can ask your team to resend the invitation if you'd still like to join.,若您仍希望加入，可请团队重新发送邀请。
You can continue with the onboarding after exploring this page,浏览本页后可继续完成新手引导
You can increase the limit from System Settings.,可从系统设置中提高限制
You can manually remove the lock if you think it's safe: {},若确认安全可手动移除锁：{}
You can only edit your own replies.,您只能编辑自己的回复。
You can only follow documents for yourself.,您只能自己遵循单据。
You can only insert images in Markdown fields,仅可在Markdown字段插入图片
You can only print upto {0} documents at a time,一次最多打印{0}个文档
You can only unfollow documents for yourself.,您只能为自己取消关注单据。
"You can only upload JPG, PNG, GIF, PDF, TXT, CSV or Microsoft documents.",您只能上传 JPG、PNG、GIF、PDF、TXT、CSV 或 Microsoft 单据。
"You can select one from the following,",可从以下选项中选择：
You can't set standard field {0} as virtual,您无法将标准字段 {0} 设置为虚拟字段
You cancelled this document,您已取消此文档
You cancelled this document {1},您已取消此文档{1}
You cannot share `{0}` on {1} `{2}` as you do not have `{0}` permission on `{1}`,您无法在 {1} `{2}` 上共享 `{0}`，因为您没有 `{1}` 上的 `{0}` 权限
You created this document {0},您于{0}创建本文档
You do not have import permission for {0},您没有 {0} 的导入权限
You do not have permission to access child table field: {0},您无权访问子表字段：{0}
You do not have permission to access field: {0},您无权访问字段：{0}
You do not have permission to access this file,您无权访问该文件
You do not have permission to access {0}: {1}.,您无权访问{0}：{1}。
You do not have permission to create or restore documents of type {0}.,您无权创建或恢复类型为 {0} 的单据。
You do not have permission to restore this document.,您无权恢复此单据。
You don't have permission to access the {0} DocType.,您无权访问{0}文档类型
You don't have permission to create Report records.,您无权创建报告记录。
You don't have permission to create report for {0},您无权为 {0} 创建报告
You don't have permission to read/attach the file {0}.,您无权读取/附加文件 {0}。
You have a new message from:,您收到来自以下用户的新消息：
You have been successfully logged out,您已成功注销
You have hit the row size limit on database table: {0},已达到数据库表{0}的行大小限制
You have to enable Two Factor Auth from System Settings.,需从系统设置启用双因素认证
You hit the rate limit because of too many requests. Please try after sometime.,请求过多触发速率限制，请稍后重试
You must add atleast one link.,必须至少添加一个链接
You must be logged in to use this form.,必须登录才能使用此表单
You need the '{0}' permission on {1} {2} to perform this action.,执行此操作需要{1} {2}的'{0}'权限
You need the Workspace Manager role to edit this workspace.,您需要工作区管理员角色才能编辑此工作区。
You need to be Workspace Manager to delete a public workspace.,需为工作区管理员才能删除公共工作区
You need to be Workspace Manager to edit this document,您需要是工作空间管理员才能编辑此文档
You need to be a system user to access this page.,您需要是系统用户才能访问此页面
You need to be {0} to rename this document,您需要成为 {0} 才能重命名此单据
You need to enable JavaScript for your app to work.,您需要启用JavaScript才能使应用正常工作
You need to select indexes you want to add first.,您需要先选择要添加的索引
You need to set one IMAP folder for {0},您需要为{0}设置一个IMAP文件夹
You need write permission on {0} {1} to merge,您需要{0} {1}的写入权限才能合并
You need write permission on {0} {1} to rename,您需要{0} {1}的写入权限才能重命名
You need write permissions to add attachments to this record.,您需要写入权限才能将附件添加到此记录。
You need {0} permission to fetch values from {1} {2},您需要{0}权限才能从{1} {2}获取值
You removed 1 row from {0},您从{0}移除了1行
You removed attachment {0},您移除了附件{0}
You removed {0} rows from {1},您从{1}移除了{0}行
You seem good to go!,您已准备就绪！
You seem to have written your name instead of your email. Please enter a valid email address so that we can get back.,您似乎输入了姓名而非电子邮箱。请输入有效的电子邮箱以便我们回复
You viewed this,您查看了此内容
You will be redirected to:,您将被重定向至：
You've been invited to join {0},您已获邀加入{0}
You've been invited to join {0}.,您已获邀加入{0}。
"Your CSV file is being generated and will appear in the Attachments section once ready. Additionally, you will get notified when the file is available for download.",您的CSV文件正在生成，完成后将显示在附件区域。此外，文件可供下载时您将收到通知。
Your Name,您的姓名
Your account has been deleted,您的账户已被删除
Your assignment on {0} {1} has been removed by {2},{2}移除了您在{0} {1}上的分配
Your browser does not support the audio element.,您的浏览器不支持音频元素
Your browser does not support the video element.,您的浏览器不支持视频元素
Your exported report: {0},您导出的报告：{0}
Your form has been successfully updated,您的表单已成功更新
Your invitation to join {0} has been cancelled by the site administrator.,您加入{0}的邀请已被站点管理员取消。
Your invitation to join {0} has expired.,您加入{0}的邀请已过期。
Your login id is,您的登录ID是
Your new password has been set successfully.,您的新密码已设置成功
Your old password is incorrect.,您的旧密码不正确
Your password has been changed and you might have been logged out of all systems.<br>Please contact the Administrator for further assistance.,您的密码已更改，您可能已从所有系统注销。<br>请联系管理员以获得进一步帮助。
Your password has expired. Please set a new password.,您的密码已过期。请设置新密码。
Your report is being generated in the background. You will receive an email on {0} with a download link once it is ready.,您的报告正在后台生成。报告准备就绪后，您将在{0}收到包含下载链接的邮件。
Your verification code is {0},您的验证码是{0}
Zero,零
[Action taken by {0}],[操作由{0}执行]
`as_iterator` only works with `as_list=True` or `as_dict=True`,`as_iterator`仅在使用`as_list=True`或`as_dict=True`时有效
`doctype` and `fieldname` are required for deleting property setters.,删除属性设置器需要 `doctype` 和 `fieldname`。
`job_id` paramater is required for deduplication.,去重需要`job_id`参数
amend,修订
and,和
and {0} more,以及另外 {0} 个
ascending,升序
blue,蓝色
cProfile Output,cProfile输出
calendar,日历
cancel,取消
chrome,Chrome浏览器
clear,清除
commented,已评论
completed,已完成
create,创建
cyan,青色
d,天
darkgrey,深灰色
dd-mm-yyyy,日-月-年
dd.mm.yyyy,日.月.年
dd/mm/yyyy,日/月/年
default,默认
delete,删除
descending,降序
e.g.,例如
e.g. smtp.gmail.com,例如smtp.gmail.com
e.g.:,例如：
emacs,Emacs编辑器
email,电子邮件
email inbox,电子邮件收件箱
empty,空
export,导出
facebook,脸书
failed,失败
fieldname on the document e.g.,单据中的字段名称，例如
finished,已完成
found,发现
gray,灰色
green,绿色
grey,灰白
gzip not found in PATH! This is required to take a backup.,在PATH中找不到gzip！这是进行备份的必要条件
h,小时
icon,图标
import,导入
jane@example.com,jane@example.com
just now,刚刚
label,标签
light-blue,浅蓝
linkedin,领英
logged in,已登录
login_required,需要登录
long,长型
m,月
mm-dd-yyyy,月-日-年
mm/dd/yyyy,月/日/年
new,新建
nonce,随机数
notified,已通知
or,或
orange,橙色
pink,粉色
plain,纯文本
print,打印
processlist,进程列表
purple,紫色
read,已读
red,红色
report,报告
response,响应
result,结果
results,结果
row,行
rows,行
s,秒
s256,s256算法
select,选择
short,短型
starting the setup...,正在启动设置...
steps completed,步骤已完成
"string value, i.e. group",字符串值，例如：组
"string value, i.e. member",字符串值，例如：成员
"string value, i.e. {0} or uid={0},ou=users,dc=example,dc=com","字符串值，例如：{0} 或 uid={0},ou=users,dc=example,dc=com"
submit,提交
this form,此表单
this shouldn't break,这不应中断
to navigate,导航
to open Awesome Bar,开设很棒的酒吧
to open Global Search,打开全局搜索
to your browser,至您的浏览器
twitter,推特
version_table,版本表
via Assignment Rule,通过分配规则
via Auto Repeat,通过自动重复
via Data Import,通过数据导入
via Google Meet,通过Google Meet
via Notification,通过通知
via {0},通过{0}
vim,Vim编辑器
vscode,VS Code编辑器
wants to access the following details from your account,希望从您的账户访问以下详细信息
when clicked on element it will focus popover if present.,点击元素时将聚焦弹窗（如果存在）。
wkhtmltopdf,wkhtmltopdf工具
wkhtmltopdf 0.12.x (with patched qt).,wkhtmltopdf 0.12.x（带补丁的qt）
workflow_transition,工作流转换
write,写入
yellow,黄色
yyyy-mm-dd,年-月-日
"{0} ${skip_list ? """" : type}","{0} ${skip_list ? """" : type}"
{0} ${type},{0} ${type}
{0} ({1}),{0}（{1}）
{0} ({1}) (1 row mandatory),{0}（{1}）（至少1行）
{0} ({1}) - {2}%,{0}（{1}）- {2}%
{0} = {1},{0} = {1}
{0} Calendar,{0}日历
{0} Chart,{0}图表
{0} Fields,{0}字段
{0} Google Calendar Events synced.,已同步{0}个Google日历事件
{0} Liked,{0}点赞
{0} List,{0}列表
{0} List View Settings,{0}列表视图设置
{0} Map,{0}地图
{0} Naming Series,{0} 命名系列
{0} Reports,{0}报告
{0} Settings,{0}设置
{0} added 1 row to {1},{0}向{1}添加了1行
{0} added {1} rows to {2},{0}向{2}添加了{1}行
{0} and {1},{0}和{1}
{0} are currently {1},{0}当前状态为{1}
{0} are required,需要{0}
{0} can not be more than {1},{0}不能超过{1}
{0} cancelled this document {1},{0}于{1}取消了此文档
{0} cannot be amended because it is not cancelled. Please cancel the document before creating an amendment.,{0}未被取消，无法修订。请在创建修订前取消该文档
{0} cannot be hidden and mandatory without any default value,{0}没有默认值不能同时隐藏和设为必填
{0} changed the values for {1} {2},{0}更改了{1} {2}的值
"{0} contains an invalid Fetch From expression, Fetch From can't be self-referential.",{0}包含无效的Fetch From表达式，不能自我引用
{0} created this document {1},{0}于{1}创建本文档
{0} format could not be determined from the values in this column. Defaulting to {1}.,无法根据此列值确定{0}格式，默认使用{1}
{0} h,{0}小时
{0} has invalid backtick notation: {1},{0} 具有无效的反引号表示法：{1}
{0} if you are not redirected within {1} seconds,如果{1}秒内未自动跳转，请点击{0}
{0} is a not a valid zip file,{0}不是有效的zip文件
{0} is an invalid Data field.,{0}是无效的数据字段
{0} is currently {1},{0}当前状态为{1}
{0} is equal to {1},{0}等于{1}
{0} is like {1},{0}类似于{1}
{0} is mandatory,{0}是必填项
{0} is not a field of doctype {1},{0}不是文档类型{1}的字段
{0} is not a valid Calendar. Redirecting to default Calendar.,{0}不是有效的日历，正在重定向到默认日历
{0} is not a valid Cron expression.,{0}不是有效的Cron表达式
{0} is not a valid DocType for Dynamic Link,{0}不是有效的动态链接文档类型
{0} is not a valid ISO 3166 ALPHA-2 code.,{0}不是有效的ISO 3166 ALPHA-2代码
{0} is not a valid Name,{0}不是有效的名称
{0} is not a valid Phone Number,{0}不是有效的电话号码
{0} is not a valid parent DocType for {1},{0}不是{1}的有效父文档类型
{0} is not a valid parentfield for {1},{0}不是{1}的有效父字段
{0} is not a valid report format. Report format should one of the following {1},{0}不是有效的报告格式。报告格式应为以下之一：{1}
{0} is not a zip file,{0}不是zip文件
{0} is not an allowed role for {1},{0}不是{1}的允许角色
{0} is not like {1},{0}与{1}不相似
{0} is required,{0}是必填项
{0} is required.,{0} 是必需的。
{0} logged in,{0}已登录
{0} mentioned you in a comment in {1} {2},{0}在{1}{2}的评论中@提及了您
{0} minutes ago,{0}分钟前
{0} months ago,{0}个月前
{0} must be after {1},{0}必须在{1}之后
{0} must be beginning with '{1}',{0}必须以'{1}'开头
{0} must be equal to '{1}',{0}必须等于'{1}'
{0} must be none of {1},{0}不能是{1}中的任何值
{0} must be {1} {2},{0}必须是{1}{2}
"{0} must begin and end with a letter and can only contain letters, hyphen or underscore.",{0}必须以字母开头和结尾，仅可包含字母、连字符或下划线
{0} not a valid State,{0}不是有效状态
{0} of {1} records match (filtered on visible rows only),{0} 条记录（共 {1} 条）匹配（仅针对可见行进行过滤）
{0} only.,仅{0}
{0} or {1},{0}或{1}
{0} records are retained for {1} days.,{0}条记录将保留{1}天
{0} records deleted,已删除{0}条记录
{0} removed 1 row from {1},{0}从{1}移除了1行
{0} removed attachment {1},{0}移除了附件{1}
{0} removed their assignment.,{0}移除了其分配
{0} removed {1} rows from {2},{0}从{2}移除了{1}行
{0} restricted document,{0} 受限单据
{0} restricted documents,{0} 受限单据
{0} row #{1}:,{0}第{1}行：
{0} rows from {1},{0}行来自{1}
{0} rows to {1},{0}行至{1}
{0} should be indexed because it's referred in dashboard connections,{0}应建立索引，因其在仪表盘连接中被引用
{0} to stop receiving emails of this type,{0}停止接收此类邮件
{0} updated,{0}已更新
{0} viewed this,{0}查看了此项
{0} weeks ago,{0}周前
{0} with the role <strong>{1}</strong>,{0} with the role <strong>{1}</strong>
{0} y,{0}年前
{0} years ago,{0}年前
{0} {1} added to Dashboard {2},{0}{1}已添加到仪表盘{2}
"{0}, Row {1}",{0}，第{1}行
{0}.,{0}.
{0}/{1} complete | Please leave this tab open until completion.,已完成{0}/{1} | 请保持此标签页开启直至完成
"{0}: Failed to attach new recurring document. To enable attaching document in the auto repeat notification email, enable {1} in Print Settings",{0}：附加新周期性文档失败。需在打印设置中启用{1}以在自动重复通知邮件中附加文档
{0}: You can increase the limit for the field if required via {1},{0}：可通过{1}按需调整字段限制
{0}: fieldname cannot be set to reserved field {1} in DocType,{0}：字段名称不能设置为 DocType 中的保留字段 {1}
{0}: fieldname cannot be set to reserved keyword {1},{0}：字段名不能设为保留关键字{1}
{0}: {1},{0}：{1}
{0}: {1} vs {2},{0}：{1}与{2}
{1} saved,{1}已保存
{count} cell copied,已复制{count}个单元格
{count} cells copied,已复制{count}个单元格
{count} row selected,已选择{count}行
{count} rows selected,已选择{count}行
{} Complete,已完成{}
{} Invalid python code on line {},{} 第 {} 行的 Python 代码无效
{} Possibly invalid python code. <br>{},{} 可能是无效的 Python 代码。 <br>{}
{} does not support automated log clearing.,{}不支持自动日志清理
{} field cannot be empty.,{}字段不能为空
{} has been disabled. It can only be enabled if {} is checked.,{}已被禁用，需勾选{}方可启用
{} is not a valid date string.,{}不是有效日期字符串
{} not found in PATH! This is required to access the console.,PATH中未找到{}！访问控制台需要此组件
{} not found in PATH! This is required to restore the database.,PATH中未找到{}！恢复数据库需要此组件
{} not found in PATH! This is required to take a backup.,PATH中未找到{}！执行备份需要此组件
"
			The Batch {0} of an item {1} has negative stock in the warehouse {2}{3}.
			Please add a stock quantity of {4} to proceed with this entry.
			If it is not possible to make an adjustment entry, please enable 'Allow Negative Stock for Batch' in the batch {0} or in the Stock Settings to proceed.
			However, enabling this setting may lead to negative stock in the system.
			So please ensure the stock levels are adjusted as soon as possible to maintain the correct valuation rate.","物料 {1} 的批次 {0} 在仓库 {2}{3} 中的库存为负。
			请添加库存数量 {4} 以继续输入。
			如果无法进行调整分录，请在批次 {0} 或库存设置中启用“允许批号为负库存”以继续。
			但是，启用此设置可能会导致系统中出现负库存。
			因此，请确保尽快调整库存水平，以维持正确的估值率。"
  ,If enabled
 Address,地址
 Amount,金额
 BOM,物料清单
 Default Work In Progress Warehouse , 默认车间仓 
 Is Child Table,是否子表
 Is Subcontracted,是否外协
 Item,物料
 Name,名称
 Phantom Item,虚拟物料
 Rate,费率
 Raw Material,原材料
 Skip Material Transfer,跳过物料转移
 Sub Assembly,子装配件
 Summary,摘要
"""SN-01::10"" for ""SN-01"" to ""SN-10""","""SN-01::10"" 表示从 ""SN-01"" 到 ""SN-10"""
% Complete Method,完成百分比法
% Cost Allocation,成本分配百分比
% Delivered,已交付%
% Finished Item Quantity,产成品完成率
% Occupied,占用率
% Of Grand Total,占总计百分比
% Produced,产出百分比
% Raw Material Received,原材料接收百分比
% Raw Material Returned,原材料退回百分比
% of materials billed against this Sales Order,此销售订单%的物料已开票。
% of materials delivered against this Pick List,本拣配清单的物料交付百分比
'Account' in the Accounting section of Customer {0},客户{0}会计科目中的'账户'
'Allow Multiple Sales Orders Against a Customer's Purchase Order',允许针对客户采购订单创建多张销售订单
'Based On' and 'Group By' can not be same,“根据”和“分组依据”不能相同
'Days Since Last Order' must be greater than or equal to zero,“ 最后的订单到目前的天数”必须大于或等于零
'Default {0} Account' in Company {1},公司{1}的'默认{0}科目'
'Entries' cannot be empty,“分录”不能为空
"'Inspection Required before Delivery' has disabled for the item {0}, no need to create the QI",物料{0}已禁用'发货前需质检'，无需创建质量检验单
"'Inspection Required before Purchase' has disabled for the item {0}, no need to create the QI",物料{0}已禁用'采购前需质检'，无需创建质量检验单
'Opening','期初'
'To Date' is required,“结束日期”必需设置
'To Package No.' cannot be less than 'From Package No.','至包装号'不能小于'自包装号'
'Update Stock' cannot be checked for fixed asset sale,固定资产销售不能选择“更新库存”
'{0}' has been already added.,'{0}'已添加
'{0}' should be in company currency {1}.,'{0}'必须使用公司货币{1}
(C) Total Qty in Queue,(C) 队列总量
(Daily Yield * No of Units Produced) / 100,（日产量 × 产出单位数）÷ 100
(F) Change in Stock Value,(F) 库存价值变动
(Forecast),(预测)
(G) Sum of Change in Stock Value,(G) 库存价值变动总和
(Good Units Produced / Total Units Produced) × 100,（良品单位数 ÷ 总产出单位数）× 100
(H) Change in Stock Value (FIFO Queue),(H) 库存价值变动（先进先出队列）
(I) Valuation Rate,(I) 计价率
(J) Valuation Rate as per FIFO,(J) 按先进先出法计价率
(K) Valuation = Value (D) ÷ Qty (A),(K) 计价=价值(D) ÷ 数量(A)
(Purchase Order + Material Request + Actual Expense),（采购订单 + 物料申请 + 实际费用）
(Total Workstation Time / Manufacturing Time) * 60,（工作站总时间 ÷ 制造时间）× 60
(including),（包含）
* Will be calculated in the transaction.,*将被计算在该交易内。
+ Add Price,+ 添加价格
0 - 30 Days,0-30天
0-30,0-30
0-30 Days,0-30天
1 hr,1小时
1 invoice,1 张发票
1-10,1-10
1000+,1000+
11-50,11-50
1{0},1{0}
2 Yearly,每年2次
201-500,201-500
3 Yearly,3年周期
30 - 60 Days,30-60天
30 mins,30分钟
30-60,30-60
30-60 Days,30-60天
501-1000,501-1000
51-200,51-200
6 hrs,6小时
60 - 90 Days,60-90天
60-90,60-90
60-90 Days,60-90天
90 - 120 Days,90-120天
90 Above,90天以上
<0,<0
"<b>Cannot create asset.</b><br><br>You're trying to create <b>{0} asset(s)</b> from {2} {3}.<br>However, only <b>{1} item(s)</b> were purchased and <b>{4} asset(s)</b> already exist against {5}.",<b>无法创建资产。</b><br><br>您正在尝试从 {2} 创建 <b>{0} 资产</b> {3}.<br>但是，仅购买了 <b>{1} 物料 </b>，且 <b>{4} 资产 </b> 已存在{5}。
<b>From Time</b> cannot be later than <b>To Time</b> for {0},对象{0}的<b>起始时间</b>不能晚于<b>结束时间</b>
<b>Row #{0}:</b> Bundle {1} in warehouse {2} has insufficient packed items:<br><div style='margin-top: 15px;'><ul style='line-height: 0.8;'>{3}</ul></div>,<b>行 #{0}：</b> 仓库 {2} 中的捆绑包 {1} 的套装物料不足：<br><div style='margin-top: 15px;'><ul style='line-height: 0.8;'>{3}</ul></div>
"<br>
<h4>Note</h4>
<ul>
<li>
You can use <a href=""https://jinja.palletsprojects.com/en/2.11.x/"" target=""_blank"">Jinja tags</a> in <b>Subject</b> and <b>Body</b> fields for dynamic values.
</li><li>
    All fields in this doctype are available under the <b>doc</b> object and all fields for the customer to whom the mail will go to is available under the  <b>customer</b> object.
</li></ul>
<h4> Examples</h4>
<!-- {% raw %} -->
<ul>
    <li><b>Subject</b>:<br><br><pre><code>Statement Of Accounts for {{ customer.customer_name }}</code></pre><br></li>
    <li><b>Body</b>: <br><br>
<pre><code>Hello {{ customer.customer_name }},<br>PFA your Statement Of Accounts from {{ doc.from_date }} to {{ doc.to_date }}.</code> </pre></li>
</ul>
<!-- {% endraw %} -->","<br>
<h4>注意事项</h4>
<ul>
<li>
您可以在 ""<b>主题 ""</b>和<b>""正文</b>""字段中使用 ""<a href=""https://jinja.palletsprojects.com/en/2.11.x/"" target=""_blank"">Jinja ""标记</a>来获取动态值。
</li><li>
    该类型中的所有字段均可在<b>doc</b>对象下使用，而邮件将发送给的客户的所有字段均可在<b>客户</b>对象下使用。
</li></ul>
<h4>示例</h4>
<!-- {% raw %} -->
<ul>
    <li><b>主题</b>：<br><br><pre><code> {{ customer.customer_name }}的账目报表 </code></pre><br></li>
    <li><b>正文</b>：<br><br>
<pre><code>您好 {{ customer.customer_name }},<br>PFA 您的会计报表从 {{ doc.from_date }} 转到 {{ doc.to_date }}。</code> </pre></li>
</ul>
<!-- {% endraw %} -->"
"<div class=""columnHeading"">Other Details</div>","<div class=""columnHeading"">其他详细信息</div>"
"<div class=""text-muted text-center"">No Matching Bank Transactions Found</div>","<div class=""text-muted text-center"">未找到匹配的银行交易</div>"
"<div class=""text-muted text-center"">{0}</div>","<div class=""text-muted text-center"">{0}</div>"
"<div id=""stock-levels-placeholder""></div>","<div id=""stock-levels-placeholder""></div>"
"<div id=\""item-prices-container\""></div>","<div id=\""item-prices-container\""></div>"
"<div style=""margin-bottom:10px; color: var(--gray-500) !important;"">Define alternate units for this item. Eg: 1 Box = 12 Nos, set conversion factor as 12. (Will also apply for variants) <a href=""https://docs.frappe.io/erpnext/uom"" target=""_blank"">Learn more &#8594;</a></div>","<div style=""margin-bottom:10px; color: var(--gray-500) !important;"">定义此项的备用单位。例如：1 个盒子 = 12 个，将转换系数设置为 12。（也适用于型号） <a href=""https://docs.frappe.io/erpnext/uom"" target=""_blank"">了解更多 &#8594;</a></div>"
"<div>
<h3> All dimensions in centimeter only </h3>
</div>","<div>
<h3>所有尺寸均以厘米为单位 </h3>
</div>"
"<h3>Currency Exchange Settings Help</h3>
<p>There are 3 variables that could be used within the endpoint, result key and in values of the parameter.</p>
<p>Exchange rate between {from_currency} and {to_currency} on {transaction_date} is fetched by the API.</p>
<p>Example: If your endpoint is exchange.com/2021-08-01, then, you will have to input exchange.com/{transaction_date}</p>","<h3>货币兑换设置帮助</h3>
<p>在端点、结果键和参数值中可以使用 3 个变量。</p>
<p>API 将获取 {transaction_date} 上 {from_currency} 和 {to_currency} 之间的汇率。</p>
<p>举例说明：如果您的端点是 exchange.com/2021-08-01，则必须输入 exchange.com/{transaction_date}。 </p>"
"<h4>Body Text and Closing Text Example</h4>

<div>We have noticed that you have not yet paid invoice {{sales_invoice}} for {{frappe.db.get_value(""Currency"", currency, ""symbol"")}} {{outstanding_amount}}. This is a friendly reminder that the invoice was due on {{due_date}}. Please pay the amount due immediately to avoid any further dunning cost.</div>

<h4>How to get fieldnames</h4>

<p>The fieldnames you can use in your template are the fields in the document. You can find out the fields of any documents via Setup &gt; Customize Form View and selecting the document type (e.g. Sales Invoice)</p>

<h4>Templating</h4>

<p>Templates are compiled using the Jinja Templating Language. To learn more about Jinja, <a class=""strong"" href=""http://jinja.pocoo.org/docs/dev/templates/"">read this documentation.</a></p>","<h4>正文和结尾文本示例</h4>

<div>我们注意到您尚未支付 {{sales_invoice}} 的发票 {{frappe.db.get_value(""Currency"", currency, ""symbol"")}} {{outstanding_amount}}。特此友情提醒，发票到期日为 {{due_date}}。请立即支付应付金额，以免产生更多扣款费用。</div>

<h4>如何获取字段名</h4>

<p>您可以在模板中使用的字段名是文档中的字段。您可以通过设置 &gt; 自定义表单视图并选择文档类型（如销售发票）来查找任何文档的字段。</p>

<h4>模板</h4>

<p>模板使用 Jinja 模板语言编译。要了解有关 Jinja 的更多信息，请<a class=""strong"" href=""http://jinja.pocoo.org/docs/dev/templates/"">阅读此文档。</a></p>"
"<h4>Contract Template Example</h4>

<pre>Contract for Customer {{ party_name }}

-Valid From : {{ start_date }} 
-Valid To : {{ end_date }}
</pre>

<h4>How to get fieldnames</h4>

<p>The field names you can use in your Contract Template are the fields in the Contract for which you are creating the template. You can find out the fields of any documents via Setup &gt; Customize Form View and selecting the document type (e.g. Contract)</p>

<h4>Templating</h4>

<p>Templates are compiled using the Jinja Templating Language. To learn more about Jinja, <a class=""strong"" href=""http://jinja.pocoo.org/docs/dev/templates/"">read this documentation.</a></p>","<h4>合同模板示例</h4>

<pre>客户合同 {{ party_name }}

-Valid From : {{ start_date }} 
-Valid To : {{ end_date }}
</pre>

<h4>如何获取字段名</h4>

<p>您可以在合同模板中使用的字段名称是您创建模板的合同中的字段。您可以通过设置 &gt; 自定义表单视图并选择文档类型（如合同）来查找任何文档的字段。</p>

<h4>模板制作</h4>

<p>模板使用 Jinja 模板语言编译。要了解有关 Jinja 的更多信息，请<a class=""strong"" href=""http://jinja.pocoo.org/docs/dev/templates/"">阅读此文档。</a></p>"
"<h4>Standard Terms and Conditions Example</h4>

<pre>Delivery Terms for Order number {{ name }}

-Order Date : {{ transaction_date }} 
-Expected Delivery Date : {{ delivery_date }}
</pre>

<h4>How to get fieldnames</h4>

<p>The fieldnames you can use in your email template are the fields in the document from which you are sending the email. You can find out the fields of any documents via Setup &gt; Customize Form View and selecting the document type (e.g. Sales Invoice)</p>

<h4>Templating</h4>

<p>Templates are compiled using the Jinja Templating Language. To learn more about Jinja, <a class=""strong"" href=""http://jinja.pocoo.org/docs/dev/templates/"">read this documentation.</a></p>","<h4>标准条款和条件示例</h4>

<pre>Delivery Terms for Order number {{ name }}

-Order Date : {{ transaction_date }} 
-Expected Delivery Date : {{ delivery_date }}
</pre>

<h4>如何获取字段名称</h4>

<p>您可以在电子邮件模板中使用的字段名称是您发送电子邮件的文档中的字段。您可以通过设置 &gt; 自定义表单视图并选择文档类型（例如销售发票）找到任何文档的字段</p>

<h4>模板</h4>

<p> 模板是使用 Jinja 模板语言编译的。要了解有关 Jinja、<a class=""strong"" href=""http://jinja.pocoo.org/docs/dev/templates/""> 的更多信息，请阅读本文档。</a></p>"
"<label class=""control-label"" style=""margin-bottom: 0px;"">Account Number Settings</label>","<label class=""control-label"" style=""margin-bottom: 0px;"">账号设置</label>"
"<label class=""control-label"" style=""margin-bottom: 0px;"">Amount In Words</label>","<label class=""control-label"" style=""margin-bottom: 0px;"">大写金额</label>"
"<label class=""control-label"" style=""margin-bottom: 0px;"">Date Settings</label>","<label class=""control-label"" style=""margin-bottom: 0px;"">日期设置</label>"
<li>Clearance date must be after cheque date for row(s): {0}</li>,<li>以下行{0}的清算日期必须晚于支票日期：</li>
<li>Item {0} in row(s) {1} billed more than {2}</li>,<li> 行中的物料 {0} {1} 的计费超过 {2}</li>
"<li>Packed Item {0}: Required {1}, Available {2}</li>",<li>套装物料 {0}： 必需 {1}，可用 {2}</li>
<li>Payment document required for row(s): {0}</li>,<li>以下行{0}需要付款凭证：</li>
<li>{}</li>,<li>{}</li>
<p>Cannot overbill for the following Items:</p>,<p>以下物料不允许超额开票：</p>
<p>Following {0}s doesn't belong to Company {1} :</p>,<p>以下{0}不属于公司{1}：</p>
"<p>In your <b>Email Template</b>, you can use the following special variables:
</p>
<ul>
        <li>
            <code>{{ update_password_link }}</code>: A link where your supplier can set a new password to log into your portal.
        </li>
        <li>
            <code>{{ portal_link }}</code>: A link to this RFQ in your supplier portal.
        </li>
        <li>
            <code>{{ supplier_name }}</code>: The company name of your supplier.
        </li>
        <li>
            <code>{{ contact.salutation }} {{ contact.last_name }}</code>: The contact person of your supplier.
        </li><li>
            <code>{{ user_fullname }}</code>: Your full name.
        </li>
    </ul>
<p></p>
<p>Apart from these, you can access all values in this RFQ, like <code>{{ message_for_supplier }}</code> or <code>{{ terms }}</code>.</p>","<p>在<b>电子邮件模板</b>中，您可以使用以下特殊变量：
</p>
<ul>
        <li>
            <code>{{ update_password_link }}</code>:供应商可以设置新密码登录门户网站的链接。
        </li>
        <li>
            <code>{{ portal_link }}</code>:供应商门户网站中该询价单的链接。
        </li>
        <li>
            <code>{{ supplier_name }}</code>:供应商的公司名称。
        </li>
        <li>
            <code>{{ contact.salutation }} {{ contact.last_name }}</code>:供应商的联系人。
        </li><li>
            <code>{{ user_fullname }}</code>:您的全名。
        </li>
    </ul>
<p></p>
<p>除此之外，您还可以访问此 RFQ 中的所有值，如 <code>{{ message_for_supplier }}</code>或 <code>{{ terms }}</code>.</p>"
<p>Please correct the following row(s):</p><ul>,<p>请修正以下行：</p><ul>
<p>Posting Date {0} cannot be before Purchase Order date for the following:</p><ul>,<p>以下项目的过账日期{0}不得早于采购订单日期：</p><ul>
"<p>Price List Rate has not been set as editable in Selling Settings. In this scenario, setting <strong>Update Price List Based On</strong> to <strong>Price List Rate</strong> will prevent auto-updation of Item Price.</p>Are you sure you want to continue?",<p>销售设置中允许修改标价。在此情况下，将<strong>价格表更新依据</strong>设为<strong>标价</strong>将禁用物料价格自动更新功能。</p>是否确认继续操作？
"<p>To allow over-billing, please set allowance in Accounts Settings.</p>",<p>要允许超额开票，请在账户设置中设置容差。</p>
"<pre><h5>Message Example</h5>

&lt;p&gt; Thank You for being a part of {{ doc.company }}! We hope you are enjoying the service.&lt;/p&gt;

&lt;p&gt; Please find enclosed the E Bill statement. The outstanding amount is {{ doc.grand_total }}.&lt;/p&gt;

&lt;p&gt; We don't want you to be spending time running around in order to pay for your Bill.<br>After all, life is beautiful and the time you have in hand should be spent to enjoy it!<br>So here are our little ways to help you get more time for life! &lt;/p&gt;

&lt;a href=""{{ payment_url }}""&gt; click here to pay &lt;/a&gt;

</pre>
","<pre><h5>信息示例</h5>

&lt;p&gt; 感谢您成为 {{ doc.company }}的一员！希望您能享受我们的服务。&lt;/p&gt;

&lt;p&gt; 随信附上电子账单。未付金额为 {{ doc.grand_total }}。&lt;/p&gt;

&lt;p&gt; 我们不希望您为了支付账单而花费时间四处奔波。<br>毕竟，生活是美好的，您手中的时间应该用来享受生活！<br>因此，我们有一些小方法来帮助您获得更多的生活时间！ &lt;/p&gt;

&lt;a href=""{{ payment_url }}""&gt; 点击此处付款 &lt;/a&gt;

</pre>
"
"<pre><h5>Message Example</h5>

&lt;p&gt;Dear {{ doc.contact_person }},&lt;/p&gt;

&lt;p&gt;Requesting payment for {{ doc.doctype }}, {{ doc.name }} for {{ doc.grand_total }}.&lt;/p&gt;

&lt;a href=""{{ payment_url }}""&gt; click here to pay &lt;/a&gt;

</pre>
","<pre><h5>消息示例</h5>

&lt;p&gt;亲爱的 {{ doc.contact_person }}，&lt;/p&gt;

&lt;p&gt;请求支付 {{ doc.doctype }}、 {{ doc.name }} 和 {{ doc.grand_total }}的费用。&lt;/p&gt;

&lt;a href=""{{ payment_url }}""&gt; 点击此处支付 &lt;/a&gt;

</pre>
"
"<span class=""h4""><b>Masters &amp; Reports</b></span>","<span class=""h4""><b>主数据 &amp; 报表</b></span>"
"<span class=""h4""><b>Reports &amp; Masters</b></span>","<span class=""h4""><b>报表 &amp; 主数据</b></span>"
"<span class=""h4""><b>Subcontracting Inward and Outward</b></span>",受托加工与委外
"<span class=""h4""><b>Your Shortcuts
			
		
			
		
			
		</b></span>","<span class=""h4""><b>快速访问
			
		
			
		
			
		</b></span>"
"<span class=""h4""><b>Your Shortcuts</b></span>","<span class=""h4""><b>快捷方式</b></span>"
<strong>Grand Total:</strong> {0},<strong>总计：</strong> {0}
<strong>Outstanding Amount:</strong> {0},<strong>未清金额：</strong> {0}
"<table class=""table table-bordered table-condensed"">
<thead>
  <tr>
         <th class=""table-sr"" style=""width: 50%;"">Child Document</th>
         <th class=""table-sr"" style=""width: 50%;"">Non Child Document</th>
   </tr>
</thead>
<tbody>
<tr>
         <td>
                  <p> To access parent document field use parent.fieldname and to access child table document field use doc.fieldname </p>

         </td>
         <td>
                    <p>To access document field use doc.fieldname </p>
         </td>
</tr>
<tr>
        <td>
                   <p><b>Example: </b> parent.doctype == ""Stock Entry"" and doc.item_code == ""Test"" </p>

        </td>
         <td>
                   <p><b>Example: </b> doc.doctype == ""Stock Entry"" and doc.purpose == ""Manufacture""</p>    
          </td>
</tr>

</tbody>
</table>






","<table class=""table table-bordered table-condensed"">
<thead>
  <tr>
         <th class=""table-sr"" style=""width: 50%;"">子文档</th>
         <th class=""table-sr"" style=""width: 50%;"">非子文档</th>
   </tr>
</thead>
<tbody>
<tr>
         <td>
                  <p> 要访问父文档字段，请使用 parent.字段名；要访问子表文档字段，请使用doc.字段名 </p>

         </td>
         <td>
                    <p>要访问文档字段，请使用 doc.字段名 </p>
         </td>
</tr>
<tr>
        <td>
                   <p><b>示例： </b> parent.doctype == ""入库单"" 和 doc.item_code == ""测试物料"" </p>

        </td>
         <td>
                   <p><b>示例： </b> doc.doctype == “入库单” 和 doc.purpose == “生产用途”</p>    
          </td>
</tr>

</tbody>
</table>






"
A - B,A - B
A - C,A - C
A Customer Group exists with same name please change the Customer name or rename the Customer Group,存在同名客户组，请修改客户名称或重命名客户组
A Holiday List can be added to exclude counting these days for the Workstation.,可添加假日清单以排除工作站的特定日期计算
A Packing Slip can only be created for Draft Delivery Note.,装箱单仅可为草稿状态的交货单创建
A Period Closing Voucher is already submitted and an Opening Entry can no longer be created. {0} to learn more.,期末凭证已提交，无法再创建期初分录。 {0}了解更多信息。
A Reconciliation Job {0} is running for the same filters. Cannot reconcile now,对账任务{0}正在使用相同筛选条件运行，当前无法对账
A Reverse Journal Entry {0} already exists for this Journal Entry.,本日记账凭证已存在冲销凭证{0}。
A condition for a Shipping Rule,发货规则的一个条件
A disabled Product Bundle cannot be selected in transactions.,无法在交易中选择已禁用的产品套装。
A driver must be set to submit.,必须设置驾驶员才能提交
A few quick questions so we can set things up the way you work.,几个简短的问题，以便我们可以按照您的工作方式进行设置。
A little about you,简单介绍一下您
A naming series conflict occurred while creating serial numbers. Please change the naming series for the item {0}.,创建序列号时发生命名系列冲突。请更改物料 {0} 的命名系列。
A new appointment has been created for you with {0},已为您创建与{0}的新预约
A new fiscal year has been automatically created.,新的会计年度已自动创建。
A+,A +
A-,A-
AB+,AB +
AB-,AB-
ACC-PINV-.YYYY.-,ACC-PINV-.YYYY.-
ALL records will be deleted (entire DocType cleared),所有记录将被删除（整个 DocType 被清除）
AMC Expiry (Serial),年度维护合同到期（序列号）
API Details,接口详情
Abampere,绝对安培
Abbr,简称
Abbreviation: {0} must appear only once,简称{0}必须唯一
Above,以上
Above 120 Days,超120天
Accept Matching Rule,接受匹配规则
Accept the rule for the selected transaction,接受所选交易的规则
Accepting the suggestion will reconcile both transactions.,接受建议将对账两项交易。
Access Key,访问密钥
Access Key is required for Service Provider: {0},服务商{0}必须提供访问密钥
According to CEFACT/ICG/2010/IC013 or CEFACT/ICG/2010/IC010,依据CEFACT/ICG/2010/IC013或IC010标准
"According to the BOM {0}, the Item '{1}' is missing in the stock entry.",根据物料清单{0}，库存交易缺少物料'{1}'
Account / customer numbers assigned to your companies by this supplier (for reconciliation on their statements),该供应商分配给您公司的账户/客户编号（用于对账单进行核对）
Account Balance,科目余额
Account Category Name,账户类别名称
Account Data,账户数据
Account Detail Level,账户详细级别
Account Manager,客户经理
Account Missing,科目缺失
Account Name,科目名称
Account Opening Balance,账户期初余额
Account Pay Only,账户仅用于支付
Account Type,科目类型
Account company does not match with the rule company.,科目公司与规则公司不匹配。
Account for Change Amount,零钱科目
Account is mandatory,帐号为必填项
Account is required,科目为必填项
Account not Found,未找到科目
Account to record additional purchase expenses like freight or customs for this item,用于记录此商品额外采购费用（例如运费或关税）的账户
Account where cost of goods sold will be posted when this item is sold,销售该物料时将过账销售成本的账户
Account where revenue from selling this item will be credited,销售该物料的收入将记入该账户
Account where the cost of this item will be debited on purchase,购买时将扣除该物料成本的账户
Account with existing transaction can not be converted to group.,有交易的科目不能被转换为组。
Account with existing transaction can not be deleted,有交易的科目不能被删除
Account {0} added multiple times,科目{0}被重复添加
Account {0} cannot be converted to Group as it is already set as {1} for {2}.,科目{0}无法转换为组，因其已设置为{2}的{1}。
Account {0} cannot be disabled as it is already set as {1} for {2}.,科目{0}无法禁用，因其已设置为{2}的{1}。
Account {0} does not belong to company: {1},科目{0}不属于公司：{1}
Account {0} does not exist,科目{0}不存在
Account {0} does not exists,科目{0}不存在
Account {0} does not match with Company {1} in Mode of Account: {2},科目{0}与科目模式{2}中的公司{1}不符
Account {0} doesn't belong to Company {1},科目{0}不属于公司{1}
Account {0} exists in parent company {1}.,科目{0}存在于上级公司{1}
Account {0} is disabled.,科目{0}已禁用。
Account {0} is frozen,科目{0}已冻结
Account {0} should be of type Expense,科目{0}应为费用类型科目。
Account {0}: Parent account {1} does not belong to company: {2},科目{0}的上级科目{1}不属于公司{2}
Account {0}: Parent account {1} does not exist,科目{0}的上级科目{1}不存在
Account {0}: You can not assign itself as parent account,科目{0}不能是自己的上级科目
Accountant,会计
Accounting,会计
Accounting Entries,会计分录
Accounting Entry for Asset,资产会计分录
Accounting Entry for LCV in Stock Entry {0},库存凭证{0}中LCV的会计分录入账
Accounting Entry for Landed Cost Voucher for SCR {0},SCR{0}到岸成本凭证的会计分录入账
Accounting Entry for Service,服务会计凭证
Accounting Entry for {0},{0}会计凭证
Accounting Period,会计期间
Accounting Period cannot be created for a future date. End Date {0} is after today.,无法为未来日期创建会计期间。结束日期 {0} 在今天之后。
Accounting Period overlaps with {0},会计期间与{0}重叠
Accounts,会计
Accounts Included in Report,报告中包含的账户
Accounts Missing from Report,报告中缺少账户
Accounts Receivable / Payable Tuning,应收/应付报表性能优化
Accounts Receivable / Payable remarks length,应收/应付账款备注长度
Accounts Receivable Summary,应收账款汇总
Accrued Expenses,应计费用
Accumulated Depreciation,累计折旧
Accumulated Depreciation Account,累计折旧科目
Accumulated Depreciation Amount,累计折旧额
Accumulated Monthly,每月累计
Accumulated Monthly Budget for Account {0} against {1} {2} is {3}. It will be collectively ({4}) exceeded by {5},科目{0}在{1}{2}下的累计月度预算为{3}，预计将整体（{4}）超出{5}
Accumulated Monthly Budget for Account {0} against {1}: {2} is {3}. It will be exceeded by {4},科目{0}在{1}下的累计月度预算{2}为{3}，预计超出额度{4}。
Accumulated Values,累积值
Achieved ({}),达到（{}）
Acre,英亩
Acre (US),美制英亩
Action if Accumulative Monthly Budget Exceeded on Cumulative Expense,累计费用超出累计月度预算时的处理措施
Action if Anual Budget Exceeded on Cumulative Expense,累计费用超出年度预算时的处理措施
Action if Quality Inspection is not submitted,质检单未提交时采取的控制措施
Action if Quality Inspection is rejected,质检被拒的措施
Action if same rate is not maintained,不使用相同价格系统控制措施
Action if same rate is not maintained throughout internal transaction,如果整个内部交易过程中未保持相同的汇率，则采取行动
Action if same rate is not maintained throughout sales cycle,销售流程未使用相同价格时的控制措施
Action on New Invoice,新发票操作
Actions performed,已执行的操作
Active Leads,有效销售线索
Activities,活动
Actual,实际
Actual Balance Qty,实际结存数量
Actual Cost,实际成本
Actual Date,实际日期
Actual Delivery Date,实际交货日期
Actual Demand,实际需求
Actual End Date,实际结束日期
Actual End Date (via Timesheet),实际结束日期（通过工时表）
Actual End Date cannot be before Actual Start Date,实际结束日期不得早于实际开始日期
Actual End Time,实际结束时间
Actual Expense,实际费用
Actual Qty,实际数量
Actual Qty (at source/target),实际数量（源/目标）
Actual Qty in Warehouse,仓库实际数量
Actual Qty is mandatory,实际数量是必须项
Actual Quantity,实际数量
Actual Start Date,实际开始日期
Actual Start Date (via Timesheet),实际开始日期（通过工时表）
Actual Start Time,实际开始时间
Actual Time,实际时间
Actual Time and Cost,实际时间和成本
Actual Time in Hours (via Timesheet),实际工时（通过工时表）
Actual qty in stock,实际库存数量
Ad-hoc Qty,临时数量
Add / Edit Prices,添加/编辑价格
Add Customers,添加客户
Add Employees,添加员工
Add Item,新增
Add Items,添加物料
Add Items in the Purpose Table,在用途表中添加物料
Add Leads,添加潜在客户
Add Manually,手动添加
Add Multiple Tasks,添加多个任务
Add Order Discount,添加订单折扣
Add Phantom Item,添加虚拟物料
Add Quote,添加报价
Add Raw Materials,添加原材料
Add Rule,添加规则
Add Safety Stock,添加安全库存
Add Schedule,添加计划
Add Stock,添加库存
Add Sub Assembly,添加子装配件
Add Suppliers,添加供应商
Add a Note,添加备注
Add a charge to the payment entry with the difference amount,使用差额金额在收付款单中添加费用
Add a charge to the payment entry with the unallocated amount,使用未分配的金额向收付款单添加费用
Add a row with the difference amount,添加具有差异金额的行
Add all accounts that you want to split the transaction into.,添加您想要将交易拆分到的所有账户。
Add details,添加明细
Add or Deduct,添加或扣除
Add the rest of your organization as your users. You can also add invite Customers to your portal by adding them from Contacts,添加您的组织的其余部分用户。您还可以添加邀请客户到您的门户网站通过从联系人中添加它们
Add vouchers to generate preview.,添加凭证以生成预览。
Add/Edit Coupon Conditions,添加/编辑优惠券条件
Added By,添加人
Added Supplier Role to User {0}.,已为用户{0}添加供应商角色
Added {1} Role to User {0}.,已为用户{0}添加{1}角色
Adding Lead to Prospect...,正在将线索转为潜在客户...
Additional,附加项
Additional Cost,额外费用
Additional Costs,额外费用
Additional Costs (as per BOM),额外费用（根据 BOM）
Additional Data,附加数据
Additional Details,额外细节
Additional Discount,额外折扣
Additional Discount Amount,额外折扣金额
Additional Discount Amount ({discount_amount}) cannot exceed the total before such discount ({total_before_discount}),额外折扣金额 ({discount_amount}) 不能超过折扣前的总额 ({total_before_discount})
Additional Finished Good,附加成品
Additional Info,附加信息
Additional Information,附加信息
Additional Information updated successfully.,附加信息更新成功。
Additional Material Transfer,额外物料调拨
Additional Notes,补充说明
Additional Transferred Qty,额外调拨数量
"Additional Transferred Qty {0}
					cannot be greater than {1}.
					To fix this, increase the percentage value
					of the field 'Transfer Extra Raw Materials to WIP'
					in Manufacturing Settings.",额外调拨数量{0}不得超过{1}。要修复此问题，请提高制造设置中“调拨额外原材料至在制品”字段的百分比值。
Additional {0} {1} of item {2} required as per BOM to complete this transaction,根据 BOM，需要额外添加 {0} {1} 项 {2} 才能完成此交易
Address & Contact,地址及联系方式
Address & Contacts,地址及联系方式
Address Desc,地址倒序
Address HTML,地址HTML
Address Name,地址名称
Address and Contact,地址和联系方式
Address and Contacts,地址和联系方式
Address needs to be linked to a Company. Please add a row for Company in the Links table.,地址必须关联公司，请在链接表中添加公司记录
Adjustment based on Purchase Invoice rate,基于采购发票汇率的调整
Administrative Assistant,行政助理
Administrative Expenses,行政费用
Administrative Officer,行政主任
Advance Account: {0} must be in either customer billing currency: {1} or Company default currency: {2},预付款科目：{0}必须使用客户账单货币：{1}或公司默认货币：{2}
Advance Payment,预付款
Advance Payment Ledger Entry,预付款分类账条目
Advance Payment Status,预付款状态
Advance Payments,预付款
Advance Taxes and Charges,预付税费
Advance Voucher No,预付单据号
Advance Voucher Type,预付单据类型
Advance amount cannot be greater than {0} {1},预付金额不能大于{0} {1}
Advance paid against {0} {1} cannot be greater than Grand Total {2},{0}{1}对应的预付款金额不可超过总计{2}
Advertising,广告
Aerospace,航天
"After save, please refresh the page to apply the changes.",保存后，请刷新页面以应用更改。
Against Customer Order {0},对应客户订单{0}
Against Delivery Note Item,对应交货单明细项
Against Finished Good,针对产成品
Against Pick List,针对拣配清单
Against Supplier Invoice {0},对应供应商发票{0}
Age,账龄
Ageing Based On,账龄基于
Ageing Range,账龄区间
Ageing Report based on {0} up to {1},基于{0}至{1}的账龄报告
Agenda,议程
Agent Busy Message,代理忙线提示
Agent Details,代理详情
Agent Group,代理组
Agent Unavailable Message,代理不可用提示
Agents,代理列表
Agriculture,农业
Airline,航空公司
Algorithm,算法
Alias,别名
All Accounts,所有科目
All Activities HTML,所有活动HTML
All BOMs,全部物料清单
All Contact,所有联系人
All Departments,所有部门
All Items,所有物料
All Parties,所有各方
All Sales Transactions can be tagged against multiple Sales Persons so that you can set and monitor targets.,所有销售交易可标记多个销售人员以便设定和监控目标
All Warehouses,所有仓库
All active prices for this item across buying and selling price lists.,该物料在买卖价目表中的所有有效价格。
All allocations have been successfully reconciled,所有分配项已成功对账
All invoices and orders for this customer will be created in this currency.,该客户的所有发票和订单都将以该货币创建。
All items are already requested,所有物料已申请
All items have already been Invoiced/Returned,所有物料已开具发票/退回
All items have already been received,所有物料已收货
All items in this document already have a linked Quality Inspection.,本单据所有物料均已关联质检单
All items must be linked to a Sales Order or Subcontracting Inward Order for this Sales Invoice.,本销售发票中的所有物料必须关联至销售订单或受托加工单。
All linked Sales Orders must be subcontracted.,所有关联的销售订单必须为外包订单。
All picked items have already been transferred against this Pick List,所有选取的物料均已根据此拣货单进行转移
All the Comments and Emails will be copied from one document to another newly created document(Lead -> Opportunity -> Quotation) throughout the CRM documents.,在CRM文档流转（线索->商机->报价）过程中，所有评论和邮件将被复制到新创建文档
All the items have been already returned.,所有物料已退回
"All the required items (raw materials) will be fetched from BOM and populated in this table. Here you can also change the Source Warehouse for any item. And during the production, you can track transferred raw materials from this table.",所需物料（原材料）将从BOM提取并填充本表，可修改物料的源仓库，生产过程中可在此追踪原材料转移
Allocate,分配
Allocate Full Amount to Stock Items,将全额分配给库存物料
Allocate Payment Amount,分配付款金额
Allocate Payment Request,分配付款请求
Allocated,已分配
Allocated To:,分配至：
Allocated amount,已核销金额
Allocated amount cannot be negative,分配数量不能为负数
Allocation,分配
Allow Alternative Item,允许替代物料
Allow Alternative Item must be checked on Item {},必须在物料{}上勾选'允许替代物料'
Allow In Returns,允许退货
Allow Negative Stock,允许负库存
Allow Overtime,允许加班
Allow Partial Payment,允许部分付款
Allow Purchase,允许采购
Allow Rename Attribute Value,允许重命名属性值
Allow Resetting Service Level Agreement,允许重置服务水平协议
Allow Sales,允许销售
Allow Stale Exchange Rates,允许使用历史汇率
Allow UOM with conversion rate defined in Item,允许 UOM 与物料中定义的转换率
Allow Variant UOM to be different from Template UOM,允许变体单位与模板单位不同
Allow internal transfers at user-defined rate,内部调拨允许用户维护内部调拨价
Allow negative stock,允许负库存
Allow negative stock for Batch,批次允许负库存
Allow partial reservation,允许部分预订
Allow purchase invoice creation without purchase order,允许无采购订单创建采购发票
Allow purchase invoice creation without purchase receipt,允许无采购入库创建采购发票
Allow sales invoice creation without delivery note,允许无销售出库创建销售发票
Allow sales invoice creation without sales order,允许无销售订单创建销售发票
Allow this item to be used in purchase transactions.,允许该物料用于购买交易。
Allow this item to be used in sales transactions.,允许此物料用于销售交易。
Allow to edit stock UOM qty for Purchase documents,允许手工修改采购相关业务单据的数量(库存单位)
Allow to edit stock UOM qty for Sales documents,允许手工修改销售相关业务单据的数量(库存单位)
Allow to edit stock UOM qty for Stock Entry,允许编辑库存移动的库存计量单位数量
Allow to make Quality Inspection after Purchase / Delivery,允许采购入库/销售出库可下推质检单
Allowed DocTypes,允许的单据类型
Allowed Users,允许的用户
Allowed Users is not required as Frappe CRM is already installed on the site.,不需要允许的用户，因为 Frappe CRM 已安装在站点上。
Allowed Users is required for data synchronization from remote Frappe CRM site.,需要允许的用户才能从远程 Frappe CRM 站点同步数据。
Allowed primary roles are 'Customer' and 'Supplier'. Please select one of these roles only.,主角色仅限'客户'与'供应商'，请选择其中一种
Allowed to transact with,允许进行交易
Already Imported,已经导入
Already record exists for the item {0},物料{0}已存在
"Already set default in pos profile {0} for user {1}, kindly disabled default",已经在用户{1}的pos配置文件{0}中设置了默认值，请禁用默认值
Also you can't switch back to FIFO after setting the valuation method to Moving Average for this item.,本物料设置为移动平均计价法后不可切换回先进先出法。
Alt UOM,替代计量单位
Alternate Item,替代物料
Alternative For Item,替代品
Alternative Item Name,替代物料名称
Alternative Items,替代物料清单
"Alternatively, you can download the template and fill your data in.",您也可以下载模板并填写数据
Always Ask,始终询问
Amount,金额
Amount (AED),金额（阿联酋迪拉姆）
Amount Difference,金额差异
Amount In Figure,量图
"Amount column has ""CR""/""DR"" values",金额列具有“CR”/“DR”值
Amount column has positive/negative values,金额列有正值/负值
Amount does not match the selected transaction,金额与所选交易不符
Amount in party's bank account currency,对方银行账户货币金额
Amount in transaction currency,交易货币金额
Amount in {0},{0}金额
Amount matches the selected transaction,金额与所选交易相符
Amount {0} {1} adjusted against {2} {3},根据 {2} {3} 调整金额 {0} {1}
Amount {0} {1} as adjustment to {2},金额为 {0} {1} 作为对 {2} 的调整
Amount {0} {1} transferred from {2} to {3},金额{0} {1}从转移{2}到{3}
Amount {0} {1} {2} {3},金额{0} {1} {2} {3}
Amounts,金额列表
Ampere,安培
Ampere-Hour,安培小时
Ampere-Minute,安培分钟
Ampere-Second,安培秒
Amt,金额
An email will be sent to notify the User with the role 'Purchase Manager' when an automatic Material Request is created.,创建自动材料请求时，将发送一封电子邮件通知具有“采购经理”角色的用户。
An error occurred during the update process,更新过程中发生错误
An error occurred for certain Items while creating Material Requests based on Re-order level. Please rectify these issues :,根据再订货水平创建物料申请时部分物料出错，请修正：
Analysis Chart,分析图表
Analyst,分析员
Annual Budget for Account {0} against {1} {2} is {3}. It will be collectively ({4}) exceeded by {5},科目{0}在{1}{2}下的年度预算为{3}，预计将整体（{4}）超出{5}
Annual Budget for Account {0} against {1}: {2} is {3}. It will be exceeded by {4},科目{0}在{1}：{2}下的年度预算为{3}，预计超出额度{4}。
Annual Expenses,年度支出
Another Budget record '{0}' already exists against {1} '{2}' and account '{3}' with overlapping fiscal years.,针对 {1}“{2}”和科目“{3}”已存在另一条预算记录“{0}”，且会计年度重叠。
"Another Cost Center Allocation record {0} applicable from {1}, hence this allocation will be applicable upto {2}",成本中心分配记录{0}自{1}生效，当前分配有效期至{2}
Another Payment Request is already processed,已有其他付款请求正在处理
Any,任意
Any debit transaction with the keyword 'Bank Fee'.,任何带有关键字“银行费用”的借记交易。
Apparel & Accessories,服装及配饰
Applicable Modules,适用模块
Applicable To (Designation),适用于(职位)
Applicable To (Employee),适用于(员工)
Applicable To (Role),适用于(角色)
Applicable To (User),适用于(用户)
Applicable for Users,适用于用户
"Applicable if the company is SpA, SApA or SRL",如果公司是SpA，SApA或SRL，则适用
Applicable if the company is an Individual or a Proprietorship,适用于公司是个人或独资企业的情况
Applicable on Cumulative Expense,适用于累计费用
Applicable on POS Invoice,适用于 POS 发票
Applied Coupon Code,已应用优惠码
Applied putaway rules.,已应用上架规则
Applies To,应用于
Applies to deposits,适用于存款
Applies to withdrawals,适用于提款
Applies to withdrawals and deposits,适用于取款和存款
Apply Additional Discount On,额外折扣基于
Apply On,应用于
Apply Putaway Rule,应用上架规则
Apply Rule On Brand,在品牌上应用规则
"Applying a Discount Amount? When this Sales Order is partially fulfilled through multiple Delivery Notes and Sales Invoices, the Discount Amount is allocated on a FIFO basis. The earlier transactions receive a larger share of the discount. To spread the discount proportionally across item prices, use Additional Discount Percentage instead.",应用折扣金额？当该销售订单通过多张交货单和销售发票部分履行时，折扣金额将按先进先出原则分配。较早的交易获得的折扣份额更大。要按比例在物料价格中分配折扣，请改用“额外折扣百分比”。
Appointment Booking Slots,预约时段
Appointment Created Successfully,预约创建成功
Appointment Details,预约详情
Appointment Duration (In Minutes),预约时长（分钟）
Appointment Scheduling Disabled,预约排程已禁用
Appointment Scheduling has been disabled for this site,本站点已禁用预约排程
Appointment was created. But no lead was found. Please check the email to confirm,已创建预约但未发现线索，请检查邮件确认
Approving Role cannot be same as role the rule is Applicable To,审批与被审批角色不能相同
Approving User cannot be same as user the rule is Applicable To,审批与被审批用户不能相同
Are,是否
Are you sure you want to cancel this {} {}?,您确定要取消此 {} {} 吗？
Are you sure you want to clear all demo data?,确认清除所有演示数据？
Are you sure you want to delete this Item?,确认删除此物料？
Are you sure you want to delete {0}?<p>This action will also delete all associated Common Code documents.</p>,确认删除{0}？<p>此操作将同时删除所有关联通用编码文档</p>
Are you sure you want to restart this subscription?,确认重启此订阅？
Are you sure you want to revise this budget? The current budget will be cancelled and a new draft will be created.,您确定要修改此预算吗？当前的预算将被取消，并制定新的草案。
Are you sure you want to unmatch the voucher from this transaction?,您确定要取消此交易中的凭证匹配吗？
Are you sure you want to unreconcile this transaction?,您确定要取消对账此交易吗？
Area,区
Arshin,阿尔申
As of {0},截至 {0}
"As the field {0} is enabled, the field {1} is mandatory.",由于字段{0}已启用，字段{1}为必填项
"As the field {0} is enabled, the value of the field {1} should be more than 1.",由于字段{0}已启用，字段{1}值必须大于1
"As there are existing submitted transactions against item {0}, you can not change the value of {1}.",由于存在针对物料{0}的已提交交易，不可修改{1}的值
"As there are reserved stock, you cannot disable {0}.",存在预留库存时不可禁用{0}
"As there are sufficient Sub Assembly Items, Work Order is not required for Warehouse {0}.",由于子装配件充足，仓库{0}无需工单
"As {0} is enabled, you can not enable {1}.",{0}已启用时不可启用{1}
Asset,资产
Asset Account,资产科目
Asset Capitalization,资产资本化
Asset Category,资产类别
Asset Category Account,资产类别的科目
Asset Category Name,资产类别名称
Asset Category is mandatory for Fixed Asset item,固定资产类的物料其资产类别字段是必填的
Asset Depreciation Cost Center,资产折旧成本中心
Asset Depreciation Schedule for Asset {0} and Finance Book {1} is not using shift based depreciation,资产{0}与财务账簿{1}的折旧计划未采用班次折旧法
Asset Depreciation Schedule not found for Asset {0} and Finance Book {1},未找到资产{0}与财务账簿{1}的折旧计划
Asset Depreciation Schedule {0} for Asset {1} already exists.,资产{1}的折旧计划{0}已存在
Asset Depreciation Schedule {0} for Asset {1} and Finance Book {2} already exists.,资产{1}与财务账簿{2}的折旧计划{0}已存在
"Asset Depreciation Schedules created/updated:<br>{0}<br><br>Please check, edit if needed, and submit the Asset.",资产折旧计划已创建/更新：<br>{0}<br><br>请检查并按要求编辑后提交资产。
Asset Depreciations and Balances,资产折旧和余额
Asset Details,资产信息
Asset Disposal,资产处置
Asset ID,资产编号
Asset Movement Item,资产移动明细项
Asset Name,资产名称
Asset Owner,资产所有者
Asset Owner Company,资产所有者公司
Asset Quantity,资产数量
Asset Repair Purchase Invoice,资产维修采购发票
Asset Settings,资产设置
Asset Shift Factor {0} is set as default currently. Please change it first.,资产班次系数{0}当前设为默认值，请先修改
Asset Status,资产状态
Asset Type,资产类型
Asset Value Adjustment,资产价值调整
Asset Value Adjustment cannot be posted before Asset's purchase date <b>{0}</b>.,资产价值调整不可在资产购置日期<b>{0}</b>前过账
Asset cancelled,资产已取消
"Asset cannot be cancelled, as it is already {0}",资产不能被取消，因为它已经是{0}
Asset cannot be scrapped before the last depreciation entry.,在最后折旧分录前不能报废资产
Asset created,资产已创建
Asset created after being split from Asset {0},资产通过拆分自资产{0}创建
Asset deleted,资产已删除
Asset issued to Employee {0},资产已发放给员工{0}
Asset out of order due to Asset Repair {0},资产因维修{0}处于停用状态
Asset received at Location {0} and issued to Employee {1},资产在位置{0}接收并发放给员工{1}
Asset restored,资产已恢复
Asset returned,资产已归还
Asset scrapped,资产已报废
Asset sold,资产已出售
Asset submitted,资产已提交
Asset updated after being split into Asset {0},资产拆分更新为资产{0}
Asset updated due to Asset Repair {0} {1}.,资产因维修单{0}{1}已更新。
Asset {0} does not belong to Item {1},资产{0}不属于物料{1}
Asset {0} does not belong to company {1},资产{0}不属于公司{1}
Asset {0} does not belong to the custodian {1},资产{0}不属于保管人{1}
Asset {0} does not belong to the location {1},资产{0}不属于位置{1}
Asset {0} does not exist,资产{0}不存在
Asset {0} is in {1} status and cannot be repaired.,资产{0}处于{1}状态，无法进行维修。
Asset {0} is not set to calculate depreciation.,资产{0}未设置计算折旧。
Asset {0} is not submitted. Please submit the asset before proceeding.,资产{0}未提交。请先提交资产再继续操作。
Asset {0} must be submitted,资产{0}必须提交
Asset {assets_link} created for {item_code},已为{item_code}创建资产{assets_link}
Asset's value adjusted after cancellation of Asset Value Adjustment {0},取消资产价值调整{0}后更新资产价值
Asset's value adjusted after submission of Asset Value Adjustment {0},提交资产价值调整{0}后更新资产价值
Assets,资产
Assets not created for {item_code}. You will have to create asset manually.,未为{item_code}创建资产，请手动创建
Assets {assets_link} created for {item_code},已为{item_code}创建资产{assets_link}
Associate,协理
At Row #{0}: The picked quantity {1} for the item {2} is greater than available stock {3} for the batch {4} in the warehouse {5}. Please restock the item.,行{0}：物料{2}的拣货数量{1}超过仓库{5}批次{4}的可用库存{3}，请补货
At Row #{0}: The picked quantity {1} for the item {2} is greater than available stock {3} in the warehouse {4}.,行{0}：物料{2}的拣货数量{1}超过仓库{4}的可用库存{3}
At Row {0}: In Serial and Batch Bundle {1} must have docstatus as 1 and not 0,在第 {0} 行：在序列号与批号 {1} 中，docstatus 必须为 1 而不是 0
At least one account with exchange gain or loss is required,必须设置至少一个汇兑损益科目
At least one asset has to be selected.,必须选择至少一项资产
At least one invoice has to be selected.,必须选择至少一张发票
At least one item should be entered with negative quantity in return document,退货单据中至少需要录入一项负数量物料
At least one of the Applicable Modules should be selected,应选择至少一个适用模块
At least one of the Selling or Buying must be selected,必须选择销售或采购至少一项
At least one raw material item must be present in the stock entry for the type {0},库存移动中必须至少存在一种类型为 {0} 的原材料
At least one row is required for a financial report template,财务报表模板至少需要一行
At least one warehouse is mandatory,必须指定至少一个仓库
"At row #{0}: the Difference Account must not be a Stock type account, please change the Account Type for the account {1} or select a different account",第{0}行：差异科目不得为库存类型科目，请修改科目{1}类型或选择其他科目。
At row #{0}: the sequence id {1} cannot be less than previous row sequence id {2},行{0}：序列ID{1}不能小于前一行的序列ID{2}
"At row #{0}: you have selected the Difference Account {1}, which is a Cost of Goods Sold type account. Please select a different account",第{0}行：所选差异科目{1}为销售成本类型科目，请选择其他科目。
At row {0}: Batch No is mandatory for Item {1},行{0}：物料{1}必须填写批次号
At row {0}: Parent Row No cannot be set for item {1},行{0}：物料{1}不能设置父行号
At row {0}: Qty is mandatory for the batch {1},行{0}：批次{1}的数量为必填项
At row {0}: Serial No is mandatory for Item {1},行{0}：物料{1}必须填写序列号
At row {0}: set Parent Row No for item {1},行{0}：请为物料{1}设置父行号
Atleast one raw material for Finished Good Item {0} should be customer provided.,产成品物料{0}至少应有一种原材料由客户提供。
Atmosphere,标准大气压
"Attach a comma separated .csv file with two columns, one for the old name and one for the new name.",请附加逗号分隔的.csv文件，包含两列：旧名称和新名称。
Attribute,属性
Attribute Name,属性名称
Attribute Value,属性值
Attribute Value {0} is not valid for the selected attribute {1}.,属性值 {0} 对于所选属性 {1} 无效。
Attribute table is mandatory,属性表中的信息必填
Attribute value: {0} must appear only once,属性值{0}必须唯一
Attribute {0} is disabled.,属性 {0} 已禁用。
Attribute {0} is not valid for the selected template.,属性 {0} 对于所选模板无效。
Attribute {0} selected multiple times in Attributes Table,属性{0}多次选择在属性表
Attributes,属性
Auditor,审计员
Authentication Failed,身份验证失败
Authorised By,授权人
Authorization Control,授权控制
Authorization Rule,授权规则
Authorized Signatory,授权签字人
Authorized Value,授权值
Auto Create Exchange Rate Revaluation,自动创建汇率重估
Auto Created,自动创建
Auto Creation of Contact,自动创建联系人
Auto Fetch Serial Numbers,自动获取序列号
Auto Reconciliation has started in the background,后台已启动自动对账
Auto Reconciliation job trigger,自动核销后台任务触发间隔
Auto Tax Settings Error,自动税务设置错误
Auto User Creation Error,自动用户创建错误
Auto create Purchase Receipt,自动创建委外入库
Auto create Serial and Batch Bundle for outward,出库时自动创建(分派)序列号与批号记录
Auto create Subcontracting Order,自动创建委外订单
Auto create assets on purchase,通过采购自动创建资产主数据
Auto insert Item Price if missing,自动创建物料价格主数据（仅针对新物料首次交易手工输入价格）
Auto re-order,自动重订货
Auto reconcile Payments,启用自动核销收付款
Auto reserve Serial and Batch Nos,自动按序列号与批号预留库存
Auto reserve Stock for Sales Order on Purchase,启用采购入库时自动为关联的销售订单创建预留
Auto reserve stock,自动预留库存
Automatically Create New Batch,自动创建新批
Automatically add Taxes and Charges from Item Tax Template,由明细行的税费模板自动添加税费
Automatically add taxes from Taxes and Charges Template,自动从税费模板添加税费
Automatically fetch Payment Terms from Order/Quotation,从订单/报价单自动获取付款条款
Automatically post balancing accounting entry,自动过账平衡会计凭证
Automatically process deferred Accounting entry,自动创建递延会计处理(月底)
Automatically run rules on unreconciled transactions,自动对未对账的交易运行规则
Automotive,汽车
Availability Of Slots,时段可用性
Available / Future Inventory,可用/未来库存
Available For Use Date,可用日期
Available Qty,可用数量
Available Qty to Reserve,可预留数量
Available Quantity,可用数量
Available Serial No,可用序列号
Available Stock,可用库存
Available for Use Date,启用日期
Available {0},可用{0}
Average Age,平均库龄
Average Discount,平均折扣
Average Response Time,平均响应时间
B+,B +
B-,B-
BFS,广度优先搜索
BIN Qty,库位数量
BOM 1,物料清单1
BOM 2,物料清单2
BOM Component,物料清单组件
BOM Created,物料清单已创建
BOM Creator,物料清单创建工具
BOM Creator Item with name {0} does not exist,名称为 {0} 的 BOM 创建器物料不存在
BOM Explorer,物料清单浏览器
BOM Info,物料清单信息
BOM No (For Semi-Finished Goods),半成品物料清单编号
BOM Output,物料清单输出
BOM Secondary Item,BOM 辅助物料
BOM Secondary Item Reference,BOM 辅助物料参考
BOM Stock Analysis,BOM库存分析
BOM Update Batch,物料清单批量更新
BOM Update Log,物料清单更新日志
BOM Update Tool Log with job status maintained,带任务状态的物料清单更新工具日志
BOM Updation already in progress. Please wait until {0} is complete.,物料清单更新正在进行中，请等待{0}完成
BOM Updation is queued and may take a few minutes. Check {0} for progress.,物料清单更新已排队，可能需要几分钟，查看{0}了解进度
BOM and Finished Good Quantity is mandatory for Disassembly,拆卸时必须提供 BOM 和成品数量
BOM and Production,物料清单与生产
BOM recursion: {1} cannot be parent or child of {0},物料清单递归错误：{1}不能作为{0}的父项或子项
BOM {0} must be submitted,BOM{0}未提交
BOM {0} not found for the item {1},未找到物料{1}的物料清单{0}
BOMs Updated,物料清单已更新
BOMs created successfully,物料清单创建成功
BOMs creation failed,物料清单创建失败
"BOMs creation has been enqueued, kindly check the status after some time",物料清单创建已加入队列，请稍后查看状态
Backdated Stock Entry,倒填库存交易
Backflush Materials From WIP Warehouse,从在制品仓库后冲原材料
Backflush Raw Materials,后冲原材料
Backflush raw materials of subcontract based on,委外入库原材料扣账方式
Balance,余额
Balance (Dr - Cr),结余（Dr  -  Cr）
Balance ({0}),余额（{0}）
Balance In Base Currency,本币余额
Balance Qty,结余数量
Balance Qty (Alt UOM),余额数量（替代计量单位）
Balance Qty (Stock),库存结存数量
Balance Sheet,资产负债表
Balance Sheet Closing Balance,资产负债表期末余额
Balance Sheet Summary,资产负债表汇总
Balance Stock Qty,库存结存数量
Balance Value,结余金额
Balance for Account {0} must always be {1},科目{0}的余额必须是{1}
Balances as per bank statement before {0},{0}之前的银行对账单显示余额
Bank,银行
Bank A/C No.,银行账号
Bank Account Balance,银行账户余额
Bank Account Info,银行账户信息
Bank Account No,银行帐号
Bank Account {} in Bank Transaction {} is not matching with Bank Account {},银行交易{}中的银行账户{}与银行账户{}不匹配
Bank Accounts,银行账户
Bank Balance,银行存款余额
"Bank Charges, Salary, etc.",银行费用、工资等
Bank Clearance Detail,银行清算明细
Bank Credit Balance,银行信贷余额
Bank Details,银行详细信息
Bank Entries Created,创建银行条目
Bank Entry,银行凭证
Bank Entry Created,银行分录已创建
Bank Entry Type,银行分录类型
"Bank Fee, Salary, etc.",银行手续费、工资等
Bank Guarantee,银行担保
Bank Guarantee Type,银行担保类型
Bank Name,银行名称
Bank Overdraft Account,银行透支账户
Bank Reconciliation Tool,银行对账工具
Bank Statement Balance as per General Ledger,总账中的银行对账单余额
Bank Statement Import,银行对账单导入
Bank Statement Import Log,银行对账单导入日志
Bank Statement Import Log Column Map,银行对账单导入日志列图
Bank Transaction Rule,银行交易规则
Bank Transaction Rule Accounts,银行交易规则账户
Bank Transaction Rule Description Conditions,银行交易规则说明条件
Bank Transaction {0} Matched,银行交易{0}已匹配
Bank Transaction {0} added as Journal Entry,银行交易{0}已添加为日记账分录
Bank Transaction {0} added as Payment Entry,银行交易{0}已添加为付款凭证
Bank Transaction {0} is already fully reconciled,银行交易{0}已完全对账
Bank Transaction {0} updated,银行交易{0}已更新
Bank Transactions,银行交易
Bank account cannot be named as {0},银行账户不能命名为{0}
Bank account credit for withdrawal,提款银行账户信用
Bank account debit for deposit,银行账户借记存款
Bank accounts added,银行账户补充说
Bank statement imported.,银行对账单已导入。
Bank transaction creation error,银行交易创建错误
Bank/Cash Account {0} doesn't belong to company {1},银行/现金账户{0}不属于公司{1}
Barcode Type,条码类型
Barcode {0} already used in Item {1},条码{0}已被物料{1}使用
Barleycorn,大麦粒（英制长度单位）
Barrel (Oil),桶（石油）
Barrel(Beer),桶（啤酒）
Base Cost (Company Currency),基本成本（本币）
Base Rate,基准汇率
Base Total Billable Amount,基准可计费总额
Base Total Billed Amount,基准已开票总额
Base Total Costing Amount,基准成本总额
Based On Data ( in years ),数据基准（年）
Based On Document,基于单据
"Based on the above entries, the balance amount (debit or credit) will be set for the last row to balance the journal entry.",根据以上分录，将为最后一行设置余额（借方或贷方）以平衡日记账分录。
"Based on your HR Policy, select your leave allocation period's end date",根据人力资源政策选择假期分配周期结束日期
"Based on your HR Policy, select your leave allocation period's start date",根据人力资源政策选择假期分配周期开始日期
Batch Expiry Date,批次有效期
Batch ID is mandatory,批号是必需的
Batch Item Expiry Status,物料批号到期状态
Batch Item settings,批号物料设置
Batch No,批号
Batch No is mandatory,批次号为必填项
Batch No {0} does not exists,批次号{0}不存在
"Batch No {0} is not present in the original {1} {2}, hence you can't return it against the {1} {2}",批次号{0}在原{1}{2}中不存在，因此不能针对{1}{2}退回
Batch No.,批次号
Batch Not Available for Return,批次不可退回
Batch Qty updated successfully,批次数量更新成功
Batch Qty updated to {0},批次数量已更新至{0}
Batch and Serial No,批次和序列号
Batch not created for item {} since it does not have a batch series.,未为物料{}创建批次，因其无批次编号规则
Batch {0} is not available in warehouse {1},批次{0}在仓库{1}中不可用
Batch {0} of Item {1} has expired.,物料{1}的批号{0} 已过期。
Below Subscription Plans are of different currency to the party default billing currency/Company currency: {0},以下订阅计划货币与交易方默认账单货币/公司货币不同：{0}
Below is a list of all accounting entries posted against the bank account {0} between {1} and {2}.,以下是在 {1} 到 {2} 期间针对银行账户 {0} 发布的所有会计分录的列表。
Below is a list of all bank transactions imported in the system for the bank account {0} between {1} and {2}.,以下是在 {1} 到 {2} 期间导入到系统中的银行账户 {0} 的所有银行交易的列表。
Below is a list of all entries posted against the bank account {0} which have not been cleared till {1}.,以下是针对银行账户 {0} 发布的所有条目的列表，这些条目在 {1} 之前尚未清算。
Bill for rejected quantity in Purchase Invoice,采购发票含被退货数量
Billed,已开票
Billed Amount,已开票金额
Billed Amt,已开票金额
Billing Address does not belong to the {0},账单地址不属于{0}
Billing Amount,开票金额
Billing Currency,结算货币
Billing Email,账单邮箱
Billing Interval in Subscription Plan must be Month to follow calendar months,订阅计划中的计费周期必须为月以遵循日历月份
Bin Qty Recalculated,货位数量已重新计算
Bio / Cover Letter,履历/求职信
Biot,毕奥
Biotechnology,生物技术
Bisect Left,左分割
Bisect Right,右分割
Bisecting From,分割起始
Bisecting Left ...,正在左分割...
Bisecting Right ...,正在右分割...
Bisecting To,分割结束
Biweekly,双周
Black,黑
Blank Line,空行
"Blocks all further accounting entries on this customer's account. Only users with the frozen-entries role can override.
",阻止该客户科目上的所有进一步会计分录。只有具有冻结条目角色的用户才能覆盖。
Blocks this customer from being used on any new transaction.,阻止该客户用于任何新交易。
Blog Subscriber,博客订阅者
Blood Group,血型
Body Text,正文文本
Body and Closing Text Help,正文和结束文本帮助
"Bold text for emphasis (totals, major headings)",粗体文本用于强调（总计、主要标题）
Book Advance Payments as Liability option is chosen. Paid From account changed from {0} to {1}.,已选择将预付款记为负债，付款账户从{0}更改为{1}
Book Appointment,预约登记
Book Asset Depreciation entry automatically,自动登记资产折旧条目
Book Deferred entries based on,递延记账依据
Book an appointment,预约登记
Book deferred entries via Journal Entry,用日记账凭证处理递延
Book tax loss on early payment discount,将税损失记账到提前付款折扣科目
Booked,已预订
Both,两者
Both Payable Account: {0} and Advance Account: {1} must be of same currency for company: {2},应付账户{0}和预付款账户{1}对公司{2}必须使用相同货币
Both Receivable Account: {0} and Advance Account: {1} must be of same currency for company: {2},应收账户{0}和预付款账户{1}对公司{2}必须使用相同货币
Both {0} Account: {1} and Advance Account: {2} must be of same currency for company: {3},{0}账户{1}和预付款账户{2}对公司{3}必须使用相同货币
Branch,分支机构（分公司）
Brand Defaults,品牌默认值
Brand Name,品牌名称
Broadcasting,广播
Brokerage,佣金
Browse BOM,浏览BOM
Btu (It),英热单位（国际表）
Btu (Mean),英热单位（平均）
Btu (Th),英热单位（热化学）
Btu/Hour,英热单位/小时
Btu/Minutes,英热单位/分钟
Btu/Seconds,英热单位/秒
Bucket Size,分桶大小
Budget,预算
Budget Account,预算科目
Budget Against,预算对象
Budget Amount,预算额
Budget Amount can not be {0}.,预算金额不能为 {0}。
Budget Detail,预算信息
Budget End Date,预算结束日期
Budget Exceeded,预算超支
Budget Limit Exceeded,超出预算限制
Budget List,预算清单
Budget Start Date,预算开始日期
Budget Variance Report,预算差异报表
"Budget cannot be assigned against {0}, as its Root Type is not of Income or Expense",无法针对 {0} 分配预算，因为其根类型不是收入或支出
Budgets,预算
Buffer Time,缓冲时间
Buffered Cursor,缓存游标
Build Tree,构建树形结构
Buildings,房屋
Bulk Bank Entry,批量银行录入
Bulk Payment,批量支付
Bulk Rename Jobs,批量重命名任务
Bulk Transfer,批量传输
Bushel (UK),蒲式耳（英制）
Bushel (US Dry Level),蒲式耳（美制干量）
Business Analyst,业务分析师
Business Development Manager,业务发展经理
Busy,忙
Buy,采购
Buy & Sell,买卖
Buyer of Goods and Services.,产品和服务采购者。
Buying,采购
Buying & Selling Settings,采购与销售设置
Buying Rate,采购价
Buying and Selling,采购与销售
"Buying must be checked, if Applicable For is selected as {0}",“适用于”为{0}时必须勾选“采购”
"By default, the Supplier Name is set as per the Supplier Name entered. If you want Suppliers to be named by a <a href='https://docs.erpnext.com/docs/user/manual/en/setting-up/settings/naming-series' target='_blank'>Naming Series</a> choose the 'Naming Series' option.",默认供应商名称按输入显示。若要通过<a href='https://docs.erpnext.com/docs/user/manual/en/setting-up/settings/naming-series' target='_blank'>编号规则</a>命名供应商，请选择'编号规则'选项
By-Product,副产品
Bypass credit limit check at sales order,销售订单不检查信用额度
CC To,抄送至
CODE-39,CODE-39条码
CRM Note,CRM备注
Caballeria,卡巴列里亚（土地面积单位）
Cable Length,电缆长度
Cable Length (UK),电缆长度（英制）
Cable Length (US),电缆长度（美制）
Calculate Ageing With,账龄计算依据
Calculate Depreciation,计算折旧
Calculate Estimated Arrival Times,计算预计到达时间
Calculate but don't show on final report,计算但不显示在最终报告中
Calculated Amount,计算金额
Calculated Bank Statement Balance,计算的银行对账单余额
Calculated Discount Mismatch,计算折扣不匹配
Calculations,计算
Calibration,校准
Calibre,口径
Call Again,再次呼叫
Call Connected,呼叫已连接
Call Details,通话详情
Call Duration in seconds,呼叫持续时间（秒）
Call Ended,通话结束
Call Handling Schedule,通话处理安排
Call Log,通话记录
Call Missed,打电话错过了
Call Received By,接听人
Call Receiving Device,接听设备
Call Routing,呼叫路由
Call Schedule Row {0}: To time slot should always be ahead of From time slot.,排程行{0}：结束时段应在开始时段之后
Call Summary,呼叫摘要
Call Type,通话类型
Callback,回拨
Calorie (Food),卡路里（食物）
Calorie (It),卡路里（国际表）
Calorie (Mean),卡路里（平均）
Calorie (Th),卡路里（热化学）
Calorie/Seconds,卡路里/秒
Campaign Efficiency,促销活动效率
Campaign Email Schedule,活动邮件计划
Campaign {0} not found,未找到广告活动 {0}
Can not close Work Order. Since {0} Job Cards are in Work In Progress state.,无法关闭工单，因{0}张作业卡处于进行中状态
"Can not filter based on Cashier, if grouped by Cashier",若按收银员分组，则无法按收银员筛选
"Can not filter based on Child Account, if grouped by Account",若按科目分组，则无法按子科目筛选
"Can not filter based on Customer, if grouped by Customer",若按客户分组，则无法按客户筛选
"Can not filter based on POS Profile, if grouped by POS Profile",若按POS配置分组，则无法按POS配置筛选
"Can not filter based on Payment Method, if grouped by Payment Method",若按付款方式分组，则无法按付款方式筛选
Can only make payment against unbilled {0},只能为未开票{0}付款
Cancel Subscription,取消订阅
Cancel Subscription After Grace Period,宽限期后取消订阅
Cancelation Date,取消日期
Cancelled Job Card cannot be processed.,已取消的生产任务单无法处理。
Cannot Assign Cashier,无法指定出纳员
Cannot Change Inventory Account Setting,无法更改库存科目设置
Cannot Create Return,无法创建退货
Cannot Merge,无法合并
Cannot Relieve Employee,无法解除员工
Cannot add child table {0} to deletion list. Child tables are automatically deleted with their parent DocTypes.,无法将子表 {0} 添加到删除列表。子表会与其父 DocType 一起自动删除。
Cannot apply TDS against multiple parties in one entry,单笔凭证不能为多方应用源头减税
Cannot cancel Asset Depreciation Schedule {0} as it has a draft journal entry {1}.,无法取消资产折旧计划{0}，因其存在草稿状态的日记账凭证{1}。
Cannot cancel POS Closing Entry,无法取消POS结账凭证。
"Cannot cancel Stock Reservation Entry {0}, as it has used in the work order {1}. Please cancel the work order first or unreserved the stock",无法取消库存预订输入 {0}，因为它已用于工单 {1}。请先取消工单或取消库存预订
Cannot cancel because submitted Stock Entry {0} exists,不能取消，因为提交的仓储记录{0}已经存在
Cannot cancel the transaction. Reposting of item valuation on submission is not completed yet.,物料价值重估未完成，无法取消交易
Cannot cancel this Manufacturing Stock Entry as quantity of Finished Good produced cannot be less than quantity delivered in the linked Subcontracting Inward Order.,无法取消本生产库存凭证，因产成品数量不得少于关联受托加工单中的已交付数量。
Cannot cancel this document as it is linked with the submitted Asset Value Adjustment <b>{0}</b>. Please cancel the Asset Value Adjustment to continue.,无法取消此单据，因为它与已提交的资产价值调整 <b>{0}</b> 相关联。请取消资产价值调整以继续。
Cannot cancel this document as it is linked with the submitted asset {asset_link}. Please cancel the asset to continue.,该单据关联已提交资产{asset_link}，需先取消资产
Cannot cancel transaction for Completed Work Order.,无法取消已完成工单的交易。
Cannot change Item {0} from serialized to non-serialized because a Serial and Batch Bundle exists for it. Please delete or cancel the Serial and Batch Bundle first.,无法将物料 {0} 从序列化更改为非序列化，因为它存在序列号与批号。请先删除或取消序列号与批号。
Cannot change Reference Document Type.,不可修改参考单据类型
"Cannot change company's default currency, because there are existing transactions. Transactions must be cancelled to change the default currency.",因为已有交易不能改变公司的默认货币，请先取消交易。
Cannot complete task {0} as its dependant task {1} are not completed / cancelled.,依赖任务{1}未完成/取消，无法完成任务{0}
Cannot convert Task to non-group because the following child Tasks exist: {0}.,存在子任务{0}，无法转换为非组任务
Cannot create Intercompany {0}. All items in the source {1} have already been fully invoiced. Please check the existing linked {2}s.,无法创建公司间 {0}。源 {1} 中的所有物料均已全额开具发票。请检查现有链接的 {2}。
Cannot create Stock Reservation Entries for future dated Purchase Receipts.,无法为未来日期的采购收据创建库存预留
Cannot create accounting entries against disabled accounts: {0},无法为已禁用科目{0}创建会计凭证
Cannot create return for consolidated invoice {0}.,无法为合并发票{0}创建退货。
Cannot deactivate or cancel BOM as it is linked with other BOMs,无法停用或取消BOM，因为它被其他BOM引用。
Cannot deduct when category is for 'Valuation' or 'Valuation and Total',分类是“估值”或“估值和总计”的时候不能扣税。
Cannot delete Exchange Gain/Loss row,无法删除汇兑损益行
Cannot delete an item which has been ordered,无法删除已订购的物料
Cannot delete protected core DocType: {0},无法删除受保护的核心 DocType：{0}
Cannot delete virtual DocType: {0}. Virtual DocTypes do not have database tables.,无法删除虚拟单据类型：{0}。虚拟 DocType 没有数据库表。
"Cannot disable Serial and Batch No for Item, as there are existing records for serial / batch.",无法禁用物料的序列号和批次号，因为存在序列号/批次的现有记录。
"Cannot disable perpetual inventory, as there are existing Stock Ledger Entries for the company {0}. Please cancel the stock transactions first and try again.",无法停用永续盘存制，因公司{0}存在库存分类账记录。请先取消库存交易再重试。
Cannot disable {0} as it may lead to incorrect stock valuation.,无法禁用 {0}，因为它可能会导致库存估值不正确。
Cannot disassemble more than produced quantity.,拆解数量不得超过产出数量。
Cannot disassemble {0} qty against Stock Entry {1}. Only {2} qty available to disassemble.,无法根据库存移动 {1} 分解 {0} 数量。只有 {2} 份可供拆卸。
"Cannot enable Item-wise Inventory Account, as there are existing Stock Ledger Entries for the company {0} with Warehouse-wise Inventory Account. Please cancel the stock transactions first and try again.",无法启用按物料核算库存科目，因公司{0}已存在按仓库核算的库存分类账记录。请先取消库存交易再重试。
Cannot enable Opportunity creation from Contact Us because the Contact Us form is disabled.,由于“联系我们”表单被禁用，因此无法通过“联系我们”启用商机创建。
Cannot ensure delivery by Serial No as Item {0} is added with and without Ensure Delivery by Serial No.,物料{0}同时存在启用和未启用序列号交付，无法确保
Cannot fetch selected rows for submitted Payment Request,无法获取已提交付款请求的选定行
Cannot find Item or Warehouse with this Barcode,未找到匹配此条码的物料或仓库
Cannot find Item with this Barcode,找不到该条码对应的物料
Cannot find a default warehouse for item {0}. Please set one in the Item Master or in Stock Settings.,找不到物料{0}的默认仓库，请在物料主数据或库存设置中设置
Cannot merge {0} '{1}' into '{2}' as both have existing accounting entries in different currencies for company '{3}'.,无法将 {0}“{1}”合并到“{2}”，因为两者都具有公司“{3}”的不同币种的现有会计分录。
Cannot produce more Item {0} than Sales Order quantity {1} {2},生产的物料 {0} 不能多于销售订单数量 {1} {2}
Cannot produce more item for {0},无法为{0}生产更多物料
Cannot produce more than {0} items for {1},无法为{1}生产超过{0}件物料
Cannot receive from customer against negative outstanding,存在负未清金额时不收客供料
Cannot reduce quantity than ordered or purchased quantity,数量不得少于订购或购买数量
Cannot refer row number greater than or equal to current row number for this Charge type,此收取类型不能引用大于或等于本行的数据。
Cannot retrieve link token for update. Check Error Log for more information,无法获取更新链接令牌，查看错误日志
Cannot retrieve link token. Check Error Log for more information,无法获取链接令牌，查看错误日志
Cannot select a Group type Customer Group. Please select a non-group Customer Group.,无法选择组类型客户组。请选择非团体客户组。
Cannot select charge type as 'On Previous Row Amount' or 'On Previous Row Total' for first row,第一行的“收取类型”不能是“基于上一行的金额”或者“前一行的总计”
Cannot set authorization on basis of Discount for {0},不能为{0}设置折扣授权
Cannot set quantity less than delivered quantity.,无法设定数量小于出货数量.
Cannot set quantity less than received quantity.,数量不可小于已接收数量.
Cannot start deletion. Another deletion {0} is already queued/running. Please wait for it to complete.,无法开始删除。另一个删除 {0} 已排队/正在运行。请等待它完成。
Cannot submit Job Card {0} while it is On Hold. Please resume and complete the job before submission.,处于保留状态时无法提交生产任务单 {0}。请在提交之前恢复并完成作业。
Cannot update rate as item {0} is already ordered or purchased against this quotation,无法更新物料价格，因为已根据此报价订购或购买了物料 {0}
Cannot {0} from {1} without any negative outstanding invoice,无负未清发票时无法从{1}{0}
Canonical URI,规范URI
Capacity,容量
Capacity (Stock UOM),产能（库存单位）
"Capacity Planning Error, planned start time can not be same as end time",产能计划错误，计划开始时间不能等于结束时间
Capacity in Stock UOM,产能（库存单位）
Capacity must be greater than 0,产能必须大于0
Capital Equipment,资本设备
Capital Stock,股本
Capitalize Asset,资产资本化
Capitalize Repair Cost,资本化维修成本
Capitalize this asset before submitting.,在提交之前将此资产资本化。
Capitalized,已资本化
Carat,克拉
Carriage Paid To,运费付至
Carriage and Insurance Paid to,运费保险费付至
Carrier,承运商
Carrier Service,承运服务
Cash Entry,现金分录
Cash Flow,现金流量表
Cash Flow Statement,现金流量表
Cash Flow from Financing,融资现金流
Cash Flow from Investing,投资现金流
Cash Flow from Operations,运营现金流
Cash In Hand,现款
Cash or Bank Account is mandatory for making payment entry,“现金”或“银行账户”是付款分录的必须项
Cash/Bank Account,现金/银行科目
Cashier,出纳员
Cashier Closing Payments,收银员结算付款
Cashier is currently assigned to another POS.,收银员当前已分配至其他POS终端。
Categorize By,分类依据
Categorize by,分组
Categorize by Account,按科目分组
Categorize by Item,按物料分类
Categorize by Party,按往来单位分组
Categorize by Supplier,按供应商分类
Categorize by Voucher,按凭证分组
Categorize by Voucher (Consolidated),按凭证(已合并)分组
Category Details,类别明细
Caution,警告
Celsius,摄氏度
Cental,森特（英制重量单位）
Centiarea,公亩
Centigram/Litre,厘克/升
Centilitre,厘升
Centimeter,厘米
Certificate,证书
Certificate Details,证书详情
Certificate Limit,证书限额
Certificate No,证书编号
Chain,链（长度单位）
Change Amount,找零
Change the account type to Receivable or select a different account.,请将科目类型改为应收或选择其他科目
Changed customer name to '{}' as '{}' already exists.,由于“{}”已存在，因此已将客户名称更改为“{}”。
Changes in {0},{0}变更记录
Changing Customer Group for the selected Customer is not allowed.,不允许更改所选客户的客户组。
"Changing the account in any transaction of the DocTypes listed below will trigger a repost. To prevent reposting, remove the relevant DocType from the list.",更改下面列出的 DocTypes 的任何交易中的账户都会触发重新过账。为了防止重新过账，请从列表中删除相关的 DocType。
"Changing the valuation method to Moving Average will affect new transactions. If backdated entries are added, earlier FIFO-based entries will be reposted, which may change closing balances.",切换至移动平均计价法将影响新交易。若添加回溯凭证，系统将重新计算基于先进先出法的历史记录，可能导致期末余额变更。
Charge of type 'Actual' in row {0} cannot be included in Item Rate or Paid Amount,行{0}的'实际'类型费用不可包含在物料单价或实付金额中
Chart Of Accounts Template,科目表模板
Chart Preview,图表预览
Chart of Cost Centers,成本中心表
Charts Based On,图表基准
Check Supplier invoice number uniqueness,检查供应商发票号唯一性
Check if it is a hydroponic unit,检查它是否是水培单位
Check if this tax is not applicable to items (distinct from 0% rate),检查此税是否不适用于物料（与 0% rate 不同）
Check row {0} for account {1}: Party Type is only allowed for Receivable or Payable accounts,检查科目 {1} 的第 {0} 行：往来单位类型仅适用于应收帐款或应付帐款科目
Check row {0} for account {1}: Party is only allowed if Party Type is set,检查账户 {1} 的第 {0} 行：仅当设置了往来单位类型时才允许往来单位
Checked On,检查时间
Checking this will round off the tax amount to the nearest integer,勾选后将四舍五入税额至整数
Checkout Order / Submit Order / New Order,结账订单/提交订单/新建订单
Checks and Deposits incorrectly cleared,支票和存款未正确清算
Chemical,化学品
Cheque Date,支票日期
Cheque Height,支票高度
Cheque Number,支票号码
Cheque Print Template,支票打印模板
Cheque Size,支票大小
Cheque Width,支票宽度
Cheque/Reference Number,支票/参考号
Cheques and Deposits Incorrectly cleared,支票与存款错误核销
Cheques and Deposits incorrectly cleared,支票及存款非正常清账
Chief Executive Officer,首席执行官
Chief Financial Officer,首席财务官
Chief Operating Officer,首席运营官
Chief Technology Officer,首席技术官
Child DocTypes,子单据类型
Child Row Reference,子行引用
Child Table Not Allowed,不允许使用子表
Child Task exists for this Task. You can not delete this Task.,子任务存在这个任务。你不能删除这个任务。
Child tables that will also be deleted,也将被删除的子表
Circular Reference Error,循环引用错误
Claimed Landed Cost Amount (Company Currency),已结转到岸成本(公司币)
Classification of Customers by region,客户按区域分类
Classify As,分类为
"Classify the type of market this customer belongs to, used for sales analysis and targeting.",对该客户所属的市场类型进行分类，用于销售分析和定位。
Clauses and Conditions,条款和条件
Clear Last Scanned Warehouse,清除上次扫描的仓库
Clear Notifications,清空通知
Clear Table,清除表格
Clearance date changed from {0} to {1} via Bank Clearance Tool,通过银行清算工具将清算日期从 {0} 更改为 {1}
Clearance date updated,清算日期已更新
Cleared,已清算
Clearing Demo Data...,正在清除演示数据...
Click on 'Get Finished Goods for Manufacture' to fetch the items from the above Sales Orders. Items only for which a BOM is present will be fetched.,点击'获取待生产成品'从上述销售订单提取物料，仅获取存在物料清单的物料
Click on Add to Holidays. This will populate the holidays table with all the dates that fall on the selected weekly off. Repeat the process for populating the dates for all your weekly holidays,点击'添加至假期'，系统将填充所选周休日期的假期表，重复操作可填充所有周休日期
Click on Get Sales Orders to fetch sales orders based on the above filters.,点击'获取销售订单'根据上述筛选条件提取销售订单
Click on Import Invoices button once the zip file has been attached to the document. Any errors related to processing will be shown in the Error Log.,附件上传后点击'导入发票'，相关处理错误将显示在错误日志中
Click on the link below to verify your email and confirm the appointment,点击下方链接验证邮箱并确认预约
Click this button if you encounter a negative stock error for a serial or batch item. The system will fetch the available serials or batches automatically.,若遇到序列号或批次物料出现负库存错误，请点击此按钮。系统将自动获取可用序列号或批次。
Click to add email / phone,点击添加邮箱/电话
Click to pay in full.,点击全额付款。
Click to set the closing balance as per statement,单击以根据报表设置期末余额
Click to set this as the header row.,单击以将其设置为标题行。
Close the POS,关闭POS
Closed Work Order can not be stopped or Re-opened,已关闭工单不可停止或重新打开
Closing (Opening + Total),期末（期初+总计）
Closing Account {0} must be of type Liability / Equity,关闭科目{0}的类型必须是负债/权益
Closing Amount,结账金额
Closing Balance as of {},截至 {} 的期末余额
Closing Balance as per statement,根据报表期末余额
Closing Balance as per system,系统期末余额
Closing Date,结算日期
Closing Text,结语文本
Closing [Opening + Total] ,期末 [期初 + 总计］ 
Closing balance as per system,按系统期末余额
Closing balance deleted.,期末余额已删除。
Closing balance is required.,需要期末余额。
Closing balance on bank statement as of {0},截至 {0} 的银行对账单期末余额
Closing balance set.,期末余额设置。
Code List,编码列表
"Code to reference this line in formulas (e.g., REV100, EXP200, ASSET100)",在公式中引用此行的代码（例如 REV100、EXP200、ASSET100）
Collect Outstanding Amount,收取未结金额
"Color to highlight values (e.g., red for exceptions)",突出显示值的颜色（例如，红色表示例外）
Colour,颜色
Column Mapping,列映射
Columns are not according to template. Please compare the uploaded file with standard template,列不符合模板要求，请对比上传文件与标准模板
Commercial,商业
Commission,佣金
Commission Rate,佣金率
Commission Rate %,佣金率％
Commission Rate (%),佣金率（％）
Commission on Sales,销售佣金
Commission paid to the Sales Partner on transactions with this customer.,就与该客户的交易向销售合作伙伴支付的佣金。
Common Code,通用编码
Communication Channel,沟通渠道
Communication Medium Timeslot,通信媒体时隙
Communication Medium Type,通信媒体类型
Company,公司
Company Account is mandatory,公司账户为必填项
Company Address,公司地址
Company Address Name,公司地址名称
Company Address is missing. You don't have permission to create an Address. Please contact your System Manager.,公司地址缺失。您无权创建地址。请联系您的系统管理员。
Company Address is missing. You don't have permission to update it. Please contact your System Manager.,公司地址信息缺失。您无权限更新该信息，请联系系统管理员。
Company Contact Person,公司联系人
Company Description,公司介绍
Company Field,公司领域
Company Logo,公司标志
Company Not Linked,未关联公司
Company and Posting Date is mandatory,必须填写公司和过账日期
Company field is required,公司字段是必填项
Company is mandatory,公司为必填项
Company is mandatory for company account,公司账户必须指定公司
Company is mandatory for generating an invoice. Please set a default company in Global Defaults.,生成发票必须指定公司，请在全局设置中设置默认公司
Company is required,公司为必填项
Company link field name used for filtering (optional - leave empty to delete all records),用于过滤的公司链接字段名称（可选 - 留空以删除所有记录）
Company of asset {0} and purchase document {1} doesn't matches.,资产{0}与采购单据{1}的公司不匹配
Company or Personal Email is mandatory when 'Create User Automatically' is enabled,启用“自动创建用户”时，公司或个人电子邮件是必需的
Company which internal customer represents,内部客户所属公司
Company which internal customer represents.,内部客户所属公司
Company which internal supplier represents,内部供应商所属公司
Company {0} added multiple times,公司{0}被重复添加
Company {0} does not exist,公司{0}不存在
Company {0} is added more than once,公司{0}被多次添加
Company {0} is not in South Africa.,公司 {0} 不在南非。
Company {} does not exist yet. Taxes setup aborted.,公司{}尚未存在，税务设置已中止
Company {} does not match with POS Profile Company {},公司{}与POS配置公司{}不匹配
Competitor,竞争对手
Competitor Name,竞争对手名称
Complete Match,完成比赛
Complete Order,完成订单
Completed On,完成日期
Completed On cannot be greater than Today,完成日期不能晚于今日
Completed Qty cannot be greater than 'Qty to Manufacture',完成数量不可超过'待生产数量'
Completed Quantity,完成数量
Completed Tasks,已完成任务
Completed Time,完成时间
Completion Date,完成日期
Completion Date can not be before Failure Date. Please adjust the dates accordingly.,完成日期不能在故障日期之前，请调整日期
Completion Status,完成状态
Component Expense Account,成本构成费用科目
Component Name,成本构成
Composite Asset,综合资产
Composite Component,复合组件
Comprehensive Insurance,综合保险
Computer,电脑
Conditional Rule,条件规则
Conditional Rule Examples,条件规则示例
Configure Accounts,配置账户
Configure Accounts for Bank Entry,配置银行分录的账户
Configure Bank Accounts,配置银行账户
Configure Product Assembly,配置产品组装
Configure Series,配置系列
Configure match filters for vouchers,配置优惠券的匹配过滤器
Configure rules to save time when reconciling transactions.,配置规则以节省协调事务的时间。
Configure settings for the banking module,配置银行模块的设置
Configure the default Price List when creating a new Purchase transaction. Item prices will be fetched from this Price List.,设置新建采购交易时默认使用的价目表，物料价格将从此价目表获取
Confirm before resetting posting date,重置记账日期提醒
Confirmation Date,确认日期
Conflicting Transactions,冲突交易
Connection,连接方式
Consider Process Loss,考量工艺损耗
Consider Projected Qty in Calculation,计算时考量预计数量
Consider Projected Qty in Calculation (RM),计算时考量预计数量（原材料）
Consider Tax or Charge for,用途
Consider for Tax Withholding ,考虑预扣税
Consolidated,合并
Consolidated Credit Note,合并贷项凭证
Consolidated Financial Statement,合并财务报表
Consolidated Sales Invoice,合并销售发票
Consolidated Trial Balance,合并试算平衡表
Consolidated Trial Balance can be generated for Companies having same root Company.,仅可为具有相同母公司的公司生成合并试算平衡表。
Consolidated Trial balance could not be generated as Exchange Rate from {0} to {1} is not available for {2}.,无法生成合并试算平衡表，因{2}当日{0}至{1}的汇率不可用。
Consultant,顾问
Consulting,咨询
Consumable,耗材
Consumables,消耗品
Consumed Amount,消耗量
Consumed Items Cost,已消耗物料成本
Consumed Qty cannot be greater than Reserved Qty for item {0},物料{0}的消耗数量不可超过预留数量
Consumed Quantity,消耗数量
"Consumed Stock Items, Consumed Asset Items or Consumed Service Items is mandatory for Capitalization",资本化需填写消耗库存/资产/服务项
Consumed quantity of item {0} exceeds transferred quantity.,物料{0}的消耗数量超过了转移数量。
Consumer Products,消费类产品
Contact Desc,联系人倒序
Contact HTML,联系HTML
Contact Info,联系方式
Contact Information,联系信息
Contact List,联系人列表
Contact Mobile,联系人手机
Contact Name,联系人姓名
Contact Person does not belong to the {0},联系人不属于{0}
Contact:,联系人:
Contains,包含
Contract,合同
Contract End Date,合同结束日期
Contract Period,合同期
Contract Template,合同模板
Contract Template Fulfilment Terms,合同模板履行条款
Contract Template Help,合同模板帮助
Contract Terms,合同条款
Contract Terms and Conditions,合同条款和条件
Contribution %,贡献％
Contribution (%),贡献（％）
Contribution Amount,贡献金额
Contribution Qty,贡献数量
Control Action for Cumulative Expense,累计费用控制措施
Controls how raw materials are consumed during the ‘Manufacture’ stock entry.,控制“制造”库存录入期间原材料的消耗方式。
Controls which tax template is auto-applied when this customer is selected on a transaction.,控制在交易中选择该客户时自动应用哪个税务模板。
Conversion Factor,转换系数
Conversion Rate,转换率
Conversion factor for item {0} has been reset to 1.0 as the uom {1} is same as stock uom {2}.,物料{0}的换算系数已重置为1.0，因其单位{1}与库存单位{2}相同
Conversion rate cannot be 0,汇率不能为 0
"Conversion rate is 1.00, but document currency is different from company currency",汇率设置为1.00，但单据货币与公司货币不同
Conversion rate must be 1.00 if document currency is same as company currency,单据货币与公司本位币相同时，汇率必须为1.00
Convert Item description to clean HTML in transactions,将交易中的物料描述转换为纯HTML
Convert to Group,转换为组
Convert to Ledger,转换为分类账
Copied From,复制自
Copied to clipboard,已复制到剪贴板
Copy Attachments to Transaction,将附件复制到交易
Corrective Action,纠正措施
Corrective/Preventive,纠正/预防
Cosmetics,化妆品
Cost,成本
Cost Allocation,成本分配
Cost Center,成本中心
Cost Center Allocation Percentage,成本中心分配百分比
Cost Center Name,成本中心名称
Cost Center for Item rows has been updated to {0},物料行的成本中心已更新为{0}
"Cost Center is a part of Cost Center Allocation, hence cannot be converted to a group",成本中心参与分配，不可转换为组
Cost Center is required,需要成本中心
Cost Center is required in row {0} in Taxes table for type {1},类型{1}税费表的行{0}必须有成本中心
Cost Center with Allocation records can not be converted to a group,存在分配记录的成本中心不可转换为组
Cost Center with existing transactions can not be converted to group,有交易的成本中心不能转化为组
Cost Center {0} cannot be used for allocation as it is used as main cost center in other allocation record.,成本中心{0}已在其他分配中作为主成本中心使用，不可分配
Cost Center {} doesn't belong to Company {},成本中心{}不属于公司{}
Cost Center {} is a group cost center and group cost centers cannot be used in transactions,成本中心{}为组成本中心，不可用于交易
Cost Center: {0} does not exist,成本中心：{0}不存在
Cost Centers,成本中心
Cost Configuration,成本配置
Cost Per Unit,单位成本
Cost allocation between finished goods and secondary items should equal 100%,成品和辅助物料之间的成本分配应等于 100%
Cost and Freight,成本加运费
Cost center used for tracking purchase expenses for this item,用于跟踪该物料的采购费用的成本中心
Cost center used for tracking sales revenue for this item,用于跟踪该物料的销售收入的成本中心
Cost of Delivered Items,出货物料成本
Cost of Goods Sold Account in Items Table,物料表中的销售成本科目
Cost of Issued Items,已发料物料成本
Cost of Purchased Items,采购物料成本
Cost to Company (CTC),公司成本（CTC）
"Cost, Insurance and Freight",成本、保险加运费
Costing,成本核算
Costing and Billing fields has been updated,成本核算与计费字段已更新
Could Not Delete Demo Data,无法删除演示数据
Could not auto create Customer due to the following missing mandatory field(s):,无法自动创建客户，缺失必填字段：
"Could not detect any tables in this PDF. It may be a scanned or image-based statement, which is not supported (no OCR).",无法检测到此 PDF 中的任何表格。它可能是扫描的或基于图像的对账单，不受支持（无 OCR）。
Could not detect the Company for updating Bank Accounts,无法识别更新银行账户的公司
Could not find a suitable shift to match the difference: {0},未找到合适班次匹配差异：{0}。
Could not re-extract the table.,无法重新提取该表。
Could not retrieve information for {0}.,无法检索{0}的信息。
Could not save the column mapping.,无法保存列映射。
Could not save the table settings.,无法保存表设置。
Could not solve criteria score function for {0}. Make sure the formula is valid.,无法解决{0}的标准分数函数。确保公式有效。
Could not solve weighted score function. Make sure the formula is valid.,无法解决加权分数函数。确保公式有效。
Could not update the header row.,无法更新标题行。
Coulomb,库仑
Country Code in File does not match with country code set up in the system,文件中的国家代码与系统设置不匹配
Coupon Description,优惠券说明
Coupon Name,优惠券名称
Coupon Type,优惠券类型
Create Bank Entry against,创建银行分录
Create Delivery Note,创建交货单
Create Employee records.,创建员工记录
Create Finished Goods,创建成品
Create Invoices,创建发票
Create Journal Entries,创建日记账分录
Create MPS,创建主生产计划
Create New Contact,创建新联系人
Create New Customer,新建客户
Create New {0},创建新的{0}
Create Operations,创建工序
Create Payment Entry for Consolidated POS Invoices.,为合并POS发票创建付款凭证。
Create Payment Request,创建付款请求
Create Print Format,创建打印格式
Create Project,创建项目
Create Prospect,创建潜在客户
Create Purchase Order,创建采购订单
Create Purchase Orders,创建采购订单
Create Quotation,创建报价
Create Receiver List,创建接收人列表
Create Sales Order,创建销售订单
Create Subcontracting PO,创建委外采购订单
Create Supplier Quotation,创建供应商报价
Create Task,创建任务
Create Tasks,创建任务
Create User,创建用户
Create User Automatically,自动创建用户
Create Users,创建用户
Create Workstation,创建工作中心
"Create a journal entry for expenses, income or split transactions",创建支出、收入或拆分交易的日记账分录
Create a new entry based on the rule,根据规则创建新条目
Create a new rule to automatically classify transactions.,创建新规则以自动对交易进行分类。
Create a variant with the template image.,使用模板图像创建变型
Create customer quotes,创建客户报价
Create delivery note,创建送货单
Create payment requests in Draft status,创建处于草稿状态的付款请求
Create {0} {1} ?,是否创建{0}{1}？
Created By Migration,由迁移创建
Created {0} scorecards for {1} between:,已为{1}创建{0}张计分卡，时间范围：
"Creates a User account for this employee using the Preferred, Company, or Personal email.",使用首选电子邮件、公司电子邮件或个人电子邮件为此员工创建用户账户。
Creating Delivery Note ...,正在创建交货单...
Creating Delivery Schedule...,正在创建交货计划...
Creating Journal Entries...,正在创建日记账分录...
Creating Packing Slip ...,正在创建装箱单...
Creating Purchase Invoices ...,正在创建采购发票...
Creating Purchase Order ...,正在创建采购订单...
Creating Purchase Receipt ...,正在创建采购收货单...
Creating Return of Components ...,创建组件退回...
Creating Sales Invoices ...,正在创建销售发票...
Creating Stock Entry,正在创建库存凭证
Creating Subcontracting Inward Order ...,正在创建受托加工单...
Creating Subcontracting Order ...,正在创建外协订单...
Creating Subcontracting Receipt ...,正在创建外协收货单...
Creating User...,正在创建用户...
Creating demo data,创建演示数据
Creating {} out of {} {},正在创建{}/{}个{}
Creation of <b><a href='/app/{0}'>{1}(s)</a></b> successful,成功创建<b><a href='/app/{0}'>{1}</a></b>
"Creation of {0} failed.
				Check <b><a href=""/app/bulk-transaction-log"">Bulk Transaction Log</a></b>","创建 {0} 失败。
				检查 <b><a href=""/app/bulk-transaction-log"">批量事务日志</a></b>"
"Creation of {0} partially successful.
				Check <b><a href=""/app/bulk-transaction-log"">Bulk Transaction Log</a></b>","创建 {0} 部分成功。
				检查 <b><a href=""/app/bulk-transaction-log"">批量事务日志</a></b>"
Credit,贷方
Credit Account,贷方科目
Credit Amount in Reporting Currency,贷方金额（报告货币）
Credit Card Entry,信用卡分录
Credit Limit,信用额度
Credit Limit:,信用额度：
Credit Limits,信用额度
Credit To,贷记
Credit limit has been crossed for customer {0} ({1}/{2}),客户{0}（{1} / {2}）的信用额度已超过
Credit limit is already defined for the Company {0},公司{0}已定义信用额度
Credit limit reached for customer {0},客户{0}已达到信用额度
Creditor Turnover Ratio,应付账款周转率
Credits,制作人员
Criteria,标准
Criteria Name,标准名称
Criteria Setup,条件设置
Cron Interval should be between 1 and 59 Min,定时任务间隔应设置为1至59分钟
Cubic Centimeter,立方厘米
Cubic Decimeter,立方分米
Cubic Foot,立方英尺
Cubic Inch,立方英寸
Cubic Meter,立方米
Cubic Millimeter,立方毫米
Cubic Yard,立方码
Cumulative Threshold,累计门槛
Cup,杯
Currency Exchange,外币汇率
Currency Exchange must be applicable for Buying or for Selling.,外币汇率必须适用于买入或卖出。
Currency can not be changed after making entries using some other currency,货币不能使用其他货币进行输入后更改
Currency filters are currently unsupported in Custom Financial Report.,自定义财务报表当前不支持货币过滤器。
Currency for {0} must be {1},货币{0}必须{1}
Currency of the Closing Account must be {0},在关闭科目的货币必须是{0}
Current Address,当前地址
Current Address Is,当前地址性质
Current Asset,流动资产
Current Assets,流动资产
Current Exchange Rate,当前汇率
Current Level,当前层级
Current Liabilities,流动负债
Current Liability,流动负债
Current Node,当前节点
Current Ratio,流动比率
Current Serial No,当前序列号
Current State,当前状态
Current Stock,当前库存
Current tier based on accumulated points. Updated automatically on each invoice.,当前等级基于累积积分。每张发票上都会自动更新。
Curves,曲线图
Custodian,保管人
Custody,保管
Custom API,定制API
Custom Remark,自定义备注
Custom Remarks,自定义备注
Customer,客户
Customer ,客户 
Customer Acquisition and Loyalty,客户获得和忠诚度
Customer Address,客户地址
Customer Advances,客户预付款
Customer Code,客户代码
Customer Contact Email,客户联系电子邮件
Customer Credit Limit,客户信用额度
Customer Currency,客户货币
Customer Defaults,客户默认值
Customer Details,客户详细信息
Customer Feedback,客户反馈
Customer Group Item,客户组物料
Customer Item,客户物料
Customer Items,客户物料
Customer LPO,客户采购订单号
Customer LPO No.,客户采购订单号
Customer Name,客户名称
Customer Name: ,客户名称：
Customer Number,客户编号
Customer Number At Supplier,供应商端客户编号
Customer Numbers,客户编号列表
Customer PO,客户PO
Customer PO Details,客户PO详细信息
Customer POS ID,客户销售点代码
Customer Provided,受托加工材料
Customer Provided Item Cost,客户提供物料成本
Customer Service Representative,客服代表
Customer Territory,客户地区
Customer Type,客户类型
Customer Warehouse,客户仓库
Customer Warehouse (Optional),客户仓库（可选）
Customer Warehouse {0} does not belong to Customer {1}.,客户仓库{0}不属于客户{1}。
Customer contact updated successfully.,客户联系人更新成功
Customer is required,客户是必须项
Customer or Item,客户或物料
Customer required for 'Customerwise Discount',”客户折扣“需要指定客户
Customer {0} does not belong to project {1},客户{0}不属于项目{1}
Customer's Purchase Order,客户采购订单
Customer/Lead Name,客户/销售线索名称
Customer: ,客户：
Customerwise Discount,客户折扣
Cycle/Second,周期/秒
D - E,D - E
DFS,DFS
Daily Project Summary for {0},{0}的每日项目摘要
Daily Reminders,每日提醒
Daily Yield (%),日产量（%）
Data Based On,数据依据
Data Import Configuration,数据导入配置
Data Source,数据来源
Data fetch method,数据获取方式
Date ,日期 
Date Of Retirement,退休日期
Date Settings,日期设定
Date must be between {0} and {1},日期必须在{0}至{1}之间
Date of Birth,出生日期
Date of Commencement,开始日期
Date of Establishment,成立时间
Date of Incorporation,注册成立日期
Date of Issue,签发日期
Date of Joining,入职日期
Date of Transaction,交易日期
Date: {0} to {1},日期：{0} 至 {1}
Dates,日期
Dates to Process,处理日期
Day Of Week,星期几
Day to Send,发送日
Days Since Last order,距上次订购天数
Debit,借方
Debit / Credit Note Posting Date,借项/贷项凭证过账日期
Debit Account,借方科目
Debit Amount in Reporting Currency,借方金额（报告货币）
"Debit Note will update it's own outstanding amount, even if 'Return Against' is specified.",即使指定'退货依据'，借项凭证仍将更新自身未清金额
Debit to,借记至
Debit-Credit Mismatch,借贷不平
Debit-Credit mismatch,借贷不平
Debit/Credit,借记卡/贷记卡
Debits,借方
Debt Equity Ratio,负债权益比率
Debtor Turnover Ratio,应收账款周转率
Debtor/Creditor,债务人/债权人
Debtor/Creditor Advance,债务人/债权人预付款
Decigram/Litre,分克/升
Decilitre,分升
Decimeter,分米
Deduct,扣除
Deduct Tax On Basis,扣税依据
Deducted From,扣除自
Deductee Details,扣除方明细
Deductions or Loss,扣除或损失
Default Account,默认科目
Default Advance Paid Account,默认预付账款科目
Default Advance Received Account,默认预收账款科目
Default BOM for {0} not found,默认BOM {0}未找到
Default BOM not found for FG Item {0},未找到产成品{0}的默认物料清单
Default Bank Account,默认银行科目
Default Billing Rate,默认开票单价
Default Buying Cost Center,默认采购成本中心
Default COGS Account,默认销售成本科目
Default Cash Account,默认现金科目
Default Common Code,默认通用代码
Default Company,默认公司
Default Cost Center,默认成本中心
Default Cost of Goods Sold Account,默认销货成本科目
Default Currency,默认货币
Default Deferred Revenue Account,默认递延收入科目
Default Discount Account,默认折扣科目
Default Distance Unit,默认距离单位
Default Expense Account,默认费用科目
Default Finance Book,默认账簿
Default Income Account,默认收入科目
Default Inventory Account,默认存货科目
Default Payable Account,默认应付科目
Default Payment Discount Account,默认付款折扣科目
Default Payment Terms Template,默认付款条款模板
Default Priority,默认优先级
Default Provisional Account (Service),默认暂记科目（服务）
Default Purchase Unit of Measure,默认采购单位
Default Quotation Validity Days,默认报价有效天数
Default Receivable Account,默认应收科目
Default Sales Unit of Measure,默认销售单位
Default Selling Cost Center,默认销售成本中心
Default Selling Terms,默认销售条款
Default Service Level Agreement,默认服务水平协议
Default Service Level Agreement for {0} already exists.,{0}的默认服务级别协议已存在
Default Supplier,默认供应商
Default Supplier Group,默认供应商组
Default Unit of Measure for Item {0} cannot be changed directly because you have already made some transaction(s) with another UOM. You need to either cancel the linked documents or create a new Item.,物料{0}的默认计量单位不可直接更改，因已存在其他计量单位的交易。需取消关联单据或创建新物料
Default Warehouse,默认仓库
Default price list for buying or selling this item,购买或出售该物料的默认价格表
"Default tax templates for sales, purchase and items are created.",已创建销售、采购和物料的默认税务模板
Default: 10 mins,默认：10分钟
Defense,防御
Deferred Expense,递延费用
Deferred Revenue,递延收入
Deferred Revenue Account,递延收入科目
Deferred Revenue and Expense,递延收入与费用
Deferred accounting failed for some invoices:,以下发票递延会计处理失败：
Define Project type.,定义项目类型。
"Defines when payment is due (e.g. Net 30, 50% advance). Applied automatically on invoices for this customer.",定义付款到期时间（例如净额 30、预付 50%）。自动应用于该客户的发票。
Dekagram/Litre,十克/升
Delayed Days,延迟天数
Delayed Order Report,延迟订单报告
Delete Accounting and Stock Ledger entries on deletion of transaction,删除业务单据时同步删除关联的物料与会计凭证
Delete Bins,删除库位
Delete Demo Data,删除演示数据
Delete Leads and Addresses,删除销售线索与地址
Delete all the Transactions for {0},删除 {0} 的所有交易
Deleted Documents,已删除文档
Deleting closing balance...,正在删除期末余额...
Deleting rule...,正在删除规则...
Deleting {0} and all associated Common Code documents...,正在删除{0}及其所有关联通用代码单据...
Deletion in Progress!,删除进行中！
Deletion process restarted,删除过程已重新启动
Deletion will start automatically after submission.,提交后将自动开始删除。
Deliver (Dropship),交付（直运）
Delivered At Place,指定地点交货
Delivered At Place Unloaded,指定地点卸货后交货
Delivered Duty Paid,完税后交货
Delivered Qty (in Stock UOM),已交付数量（库存计量单位）
Delivered Qty cannot be increased by more than {0} for item {1},物料 {1} 的交货数量增加幅度不能超过 {0}
Delivered Qty cannot be reduced by more than {0} for item {1},物料 {1} 的交货数量减少幅度不能超过 {0}
Delivered by Supplier,由供应商交付
Delivery From Date,交货起始日期
Delivery Manager,交付经理
Delivery Note Packed Item,交货单打包物料
Delivery Notes should not be in draft state when submitting a Delivery Trip. The following Delivery Notes are still in draft state: {0}. Please submit them first.,提交配送行程时交货单不应处于草稿状态。以下交货单仍为草稿：{0}，请先提交
Delivery Schedule,交货计划
Delivery Schedule Item,交货计划项
Delivery To Date,交货截止日期
Delivery User,交付用户
Demand,需求
Demand Qty,需求数量
Demand vs Supply,需求与供应对比
Demo Bank Account,演示银行账户
Demo Company,演示公司
Demo Data creation failed.,演示数据创建失败。
Demo data cleared,演示数据已清除
Demo data creation failed. Check notifications for more info.,演示数据创建失败。检查通知以获取更多信息。
Department Stores,百货
Departure Time,出发时间
Dependent Task,相关任务
Dependent Task {0} is not a Template Task,依赖任务{0}不是模板任务
Dependent Tasks,相关任务
Depends on Tasks,前置任务
Depreciated Amount,折旧额
Depreciation,折旧
Depreciation Amount,折旧额
Depreciation Amount during the period,期间折旧额
Depreciation Date,折旧日期
Depreciation Entry,折旧分录
Depreciation Entry against asset {0},资产{0}的折旧分录入账
Depreciation Entry against {0} worth {1},价值{1}的{0}折旧分录入账
Depreciation Expense Account,折旧费用科目
Depreciation Expense Account should be an Income or Expense Account.,折旧费用科目应为收入或费用类科目
Depreciation Method,折旧方法
Depreciation Options,折旧选项
Depreciation Posting Date,折旧过账日期
Depreciation Posting Date cannot be before Available-for-use Date,折旧过账日期不可早于可用日期
Depreciation Row {0}: Depreciation Posting Date cannot be before Available-for-use Date,折旧行{0}：折旧过账日期不可早于可用日期
Depreciation Schedule,折旧计划
Depreciation Schedule View,折旧计划表视图
Depreciation eliminated via reversal,通过冲销消除折旧
Description Rules,描述规则
"Descriptive name for your template (e.g., 'Standard P&L', 'Detailed Balance Sheet')",模板的描述性名称（例如“标准损益表”、“详细资产负债表”）
Designer,设计师
Detected Amount Format,检测金额格式
Detected Date Format,检测到的日期格式
Detected Header Index,检测到的标头索引
Detected Tables,检测到的表
Detected Transaction Ending Index,检测到的交易结束索引
Detected Transaction Starting Index,检测到的事务起始索引
Determine Address Tax Category from,确定税别的地址
Determines which tax rules apply to this supplier,确定哪些税收规则适用于该供应商
Difference (Dr - Cr),差异(借方-贷方)
Difference Account,差异科目
Difference Account in Items Table,物料表中的差异科目
"Difference Account must be a Asset/Liability type account (Temporary Opening), since this Stock Entry is an Opening Entry",因本库存凭证为期初凭证，差异科目必须为资产/负债类科目（临时期初）。
Difference Amount,差额
Difference In,差额在
Difference Qty,差额数量
Different 'Source Warehouse' and 'Target Warehouse' can be set for each row.,每行可设置不同的'来源仓库'与'目标仓库'
Dimension Filter Help,维度筛选帮助
Dimension-wise Accounts Balance Report,分维度科目余额表
Dimensions,维度
Direct Expense,直接费用
Direct Expenses,直接费用
Direct return is not allowed for Timesheet.,时间表不允许直接退回。
Disable Cumulative Threshold,禁用累积阈值
Disable Opening Balance Calculation,禁用期初余额计算
Disable Serial No and Batch selector,禁用序列号与批号选择
Disable Transaction Threshold,禁用交易阈值
Disable last purchase rate,不更新最新采购价
Disable template to prevent use in reports,禁用模板以防止在报告中使用
Disabled Account Selected,选中了禁用账户
Disabled Bank Account,禁用银行账户
Disabled Warehouse {0} cannot be used for this transaction.,已禁用仓库{0}不可用于此交易
Disabled pricing rules since this {} is an internal transfer,因{}为内部调拨，已禁用定价规则
Disabled suppliers are hidden from selection in new transactions but remain in historical records,禁用的供应商在新交易中不会被选择，但仍保留在历史记录中
Disabled tax included prices since this {} is an internal transfer,因{}为内部调拨，已禁用含税价格
Disabled template must not be default template,被禁用模板不能设为默认模板
Disassemble Qty cannot be less than or equal to 0.,拆解数量不能小于或等于 0。
Disassemble Qty cannot be less than or equal to <b>0</b>.,拆解数量不能小于或等于<b>0</b>。
Disassembled Qty,拆解数量
Discard Changes and Load New Invoice,放弃更改并加载新发票
Discount,折扣
Discount (%),折扣率（%）
Discount Account,折扣科目
Discount Amount,折扣金额
Discount Amount in Transaction,交易折扣金额
Discount Percentage,折扣百分比
Discount Percentage in Transaction,交易折扣百分比
Discount Settings,折扣设置
Discount Type,折扣类型
Discount Validity,折扣有效期
Discount Validity Based On,折扣有效期依据
Discount cannot be greater than 100%,折扣率不可超过100%
Discount cannot be greater than 100%.,折扣率不可超过100%
Discount must be less than 100,折扣必须小于100
Discount of {} applied as per Payment Term,根据付款条款应用{}折扣
Discounts,折扣
Discrepancy between General and Payment Ledger,总账与付款分类账差异
Discretionary Reason,自主裁量原因
Dislikes,不喜欢
Dispatch,调度
Dispatch Address Details,发货地址详情
Dispatch Address Template,发货地址模板
Dispatch Information,发货信息
Dispatch Notification,发货通知
Dispatch Notification Attachment,发货通知附件
Dispatch Settings,发货设置
Display & Data Formatting,显示和数据格式化
Disposal Date,处置日期
Disposal date {0} cannot be before {1} date {2} of the asset.,处置日期{0}不得早于资产的{1}日期{2}。
Distance,距离
Distance from left edge,从左侧边缘的距离
Distance from top edge,从顶边的距离
Distributed Discount Amount,分摊的折旧金额
Dividends Paid,股利支付
Divorced,离异
Do Not Contact,请勿打扰
Do Not Explode,不展开
Do Not Use Batchwise Valuation,不要使用分批评估
Do not import,不导入
Do not show any symbol like $ etc next to currencies.,不要在货币旁显示货币代号，例如$等。
Do not update Serial / Batch on creation of auto bundle,自动创建序列号/批号时不同步明细行上的序列号与批号字段
Do not use Batch-wise Valuation,不要使用批号评估
Do you still want to enable negative inventory?,确认要启用负库存？
Do you want to change valuation method?,是否确认变更计价方法？
Do you want to notify all the customers by email?,你想通过电子邮件通知所有的客户？
Do you want to submit the stock entry?,是否确认提交库存凭证？
DocType can be one of them {0},DocType 可以是其中之一 {0}
DocType {0} does not exist,单据类型 {0} 不存在
DocType {0} with company field '{1}' is already in the list,带有公司字段“{1}”的 DocType {0} 已在列表中
DocTypes To Delete,要删除的单据类型
DocTypes that will NOT be deleted.,不会被删除的 DocType。
DocTypes with a company field:,带有公司字段的 DocTypes：
DocTypes without a company field:,没有公司字段的单据类型：
Document Count,文件数量
Document No,文件编号
Document Type ,文档类型 
Document Type already used as a dimension,文档类型已作为维度使用
Don't Create Loyalty Points,不创建忠诚度积分
Don't Enforce Free Item Qty,不强制赠品数量
Don't Recompute Tax,不要重新计算税款
Double Declining Balance,双倍余额递减
Download PDF for Supplier,为供应商下载PDF
Downtime Reason,停机原因
Dr/Cr,借/贷
"Drag a box to move it, or drag a corner to resize. The table is re-read from the new region automatically.",拖动一个框来移动它，或拖动一个角来调整大小。该表会自动从新区域重新读取。
Dram,打兰
Driver,司机
Driver Address,司机地址
Driver Name,司机姓名
Driver licence class,驾驶证等级
"Drop a file here, or click to select a file",将文件拖放到此处，或单击以选择文件
"Drop some files here, or click to select files",将一些文件拖放到此处，或单击以选择文件
Due Date cannot be after {0},到期日不可晚于{0}
Due Date cannot be before {0},到期日不可早于{0}
"Due to stock closing entry {0}, you cannot repost item valuation before {1}",因存在库存结算分录{0}，{1}前无法重过账物料计价
Dunning,催款
Dunning Amount,催款金额
Dunning Letter,催款函
Dunning Level,催款级别
Dunning Type,催款类型
Duplicate Customer Group,重复客户组
Duplicate DocType,重复的单据类型
Duplicate Finance Book,重复财务账簿
Duplicate Item Group,重复物料组
Duplicate Item Under Same Parent,同一父级下的重复物料
Duplicate Operating Component {0} found in Operating Components,在运营组件中发现重复的运营组件{0}
Duplicate POS Fields,重复POS字段
Duplicate POS Invoices found,发现重复POS发票
Duplicate Payment Schedule selected,选择了重复的付款计划
Duplicate Sales Invoices found,发现重复销售发票
Duplicate Serial Number Error,重复序列号错误
Duplicate Stock Closing Entry,重复库存结算分录
Duplicate customer group found in the customer group table,客户组表中发现重复客户组
Duplicate entry: {0}{1},重复条目：{0}{1}
Duplicate item group found in the item group table,在物料组中有重复物料组
Duplicate project has been created,已创建重复项目
Duplicate row {0} with same {1},重复的行{0}同{1}
Duplicate {0} found in the table,表中找到重复的{0}
Duration in Days,持续时间天数
Duties and Taxes,关税与税项
Dynamic Condition,动态条件
Dyne,达因
E-Invoicing Information Missing,电子发票信息丢失
EAN,EAN
EAN-13,EAN-13
EAN-8,EAN-8
EMU Of Charge,电荷电磁单位
EMU of current,电流电磁单位
ERPNext,ERPNext
ERPNext User ID,ERPNext用户ID
Each Transaction,每笔交易
Earliest,最早
Earnest Money,保证金
Edit BOM,编辑物料清单
Edit Capacity,编辑产能
Edit Not Allowed,禁止编辑
Edit Note,编辑备注
Edit Receipt,编辑收据
Edit this rule,编辑本条规则
Editing {0} is not allowed as per POS Profile settings,根据POS配置设置，不允许编辑{0}
Educational Qualification,学历
Either 'Selling' or 'Buying' must be selected,必须选择'销售'或'采购'
Either Workstation or Workstation Type is mandatory,必须填写工作中心或工作中心类型
Either target qty or target amount is mandatory,需要指定目标数量和金额
Either target qty or target amount is mandatory.,需要指定目标数量和金额。
Elapsed Time,经过时间
Electric,电动
Electrical,电气
Electricity,电力费用
Electronic Equipment,电子设备
Electronic Invoice Register,电子发票登记
Electronics,电子
Ells (UK),埃尔（英国）
Email Address (required),电子邮件地址（必填）
"Email Address must be unique, it is already used in {0}",电子邮件地址必须唯一，已在{0}中使用
Email Campaign Error,电子邮件营销活动错误
Email Campaign For ,针对的电子邮件营销
Email Campaign Send Error,电子邮件营销活动发送错误
Email Details,邮件详情
Email Digest: {0},邮件摘要：{0}
Email Sent to Supplier {0},邮件已发送至供应商{0}
Email is required to create a user,创建用户需要电子邮件
Email is required to create a user.,创建用户需要电子邮件。
Email or Phone/Mobile of the Contact are mandatory to continue.,必须填写联系人的邮箱或电话/手机才能继续
Email sent successfully.,邮件发送成功
Email sent to,邮件发送至
Email sent to {0},邮件已发送到{0}
Email verification failed.,邮件验证失败
Email:,邮件:
Emails Queued,邮件已排队
Emergency Phone,紧急电话
Employee,员工
Employee ,员工 
Employee Advance,员工预支
Employee Advances,员工预支
Employee Benefits Obligation,员工福利义务
Employee Detail,员工详细信息
Employee Education,员工教育
Employee External Work History,员工外部就职经历
Employee Group,员工组
Employee Group Table,员工组表
Employee ID,员工号
Employee Internal Work History,员工内部就职经历
Employee Name,员工姓名
Employee User Id,员工用户ID
Employee is required,员工为必填项
Employee is required while issuing Asset {0},发放资产{0}时必须指定员工
Employee {0} already has a linked user,员工 {0} 已有关联用户
Employee {0} does not belong to the company {1},员工{0}不属于公司{1}
Employee {0} is currently working on another workstation. Please assign another employee.,员工{0}正在其他工作中心工作，请指派其他员工
Employee {0} not found,未找到员工 {0}
Employees,员工
Empty,空
Empty To Delete List,清空删除列表
Ems(Pica),Ems（派卡）
Enable <b>{0}</b> on the Item master to proceed with {1} inspection.,在物料主数据上启用 <b>{0}</b> 以继续进行 {1} 检查。
Enable Appointment Scheduling,启用预约排程
Enable Auto Re-Order,启用自动重新排序
Enable European Access,启用欧洲访问
Enable Frappe CRM Data Synchronization,启用Frappe CRM数据同步
Enable Fuzzy Matching,启用模糊匹配
Enable Health Monitor,启用健康监控
Enable Item-wise Inventory Account,启用按物料核算库存科目
Enable Opportunity Creation from Contact Us,通过联系我们创造商机
Enable Serial / Batch Bundle,启用序列号/批号捆绑
"Enable Urchin Tracking Module parameters in Quotation, Sales Order, Sales Invoice, POS Invoice, Lead,  and Delivery Note.",在报价、销售订单、销售发票、POS 发票、线索和销售出库中启用 Urchin 跟踪模块参数。
Enable YouTube Tracking,启用YouTube追踪
Enable automatic party matching,启用自动政党匹配
Enable party name/description fuzzy matching,启用团体名称/描述模糊匹配
Enable stock reservation,启用库存预留
Enable this if you are experiencing issues with the new budget controller. Uses the older budget validation logic,如果您在使用新预算控制器时遇到问题，请启用此选项。使用旧的预算验证逻辑
"Enable this option to permit the use of negative rates for items in sales transactions. This setting is useful for applying substantial discounts, processing refunds or returns, and handling special promotional pricing.",启用此选项以允许在销售交易中对物料使用负单价。此设置对于应用大幅折扣、处理退款或退货以及处理特殊促销定价非常有用。
Enable to apply SLA on every {0},启用后将在每个{0}应用SLA
Enable to make this supplier selectable as a transporter on Delivery Notes and Stock Entries,启用此供应商作为送货单和库存条目上的运输商
Enabling the check box will fetch timesheet on select of a Project in Sales Invoice,勾选此复选框将在销售发票中选择项目时获取工时表
Enabling this checkbox will force each Job Card Time Log to have From Time and To Time,勾选后，生产任务单实际工时强制填写开始与结束时间
"Enabling this will do the following:
<ul style=""padding-left:16px"">
<li>Make the rate column of all Packed/Bundle Items tables editable.</li>
<li>Calculate the prices of all <a href=""/desk/product-bundle"" rel=""noopener noreferrer"">Product Bundles</a> in the Items table, based on the prices of its child Items, specified in the Packed/Bundle Items table. </li>
</ul>
Note: If this is enabled, updating the rate of the Product Bundle in the Items table will not change its price. It will get reset to the price based on its Child Items on saving the doc.","启用此功能将执行以下操作：
<ul style=""padding-left:16px"">
<li>Make the rate column of all Packed/Bundle Items tables editable.</li>
<li> 根据“套件物料明细”表中指定的子物料的价格，计算“物料”表中所有 <a href=""/desk/product-bundle"" rel=""noopener noreferrer""> 产品套件 </a> 的价格。 </li>
</ul>
注意：如果启用此功能，则更新“物料”表中的“产品套装”的费率不会更改其价格。保存文档时，它将根据其子物料重置为价格。"
Encashment Date,折现日期
End Time,结束时间
End Year,结束年份
End date cannot be before start date,结束日期不可早于开始日期
Ends With,结束于
Ends with,结束于
Energy,能源
Enforce Time Logs,生产任务单实际工时强制填写开始与结束时间
Engineer,工程师
Enter API key in Google Settings.,在Google设置中输入API密钥
Enter Company Details,输入公司详细信息
"Enter First and Last name of Employee, based on Which Full Name will be updated. IN transactions, it will be Full Name which will be fetched.",输入员工姓和名，全称将自动更新。交易中将使用全称
Enter Manually,手动输入
Enter Serial Nos,输入序列号
Enter Visit Details,输入访问明细
Enter a name for Routing.,输入工艺路线名称
"Enter a name for the Operation, for example, Cutting.",输入工序名称，如切割
Enter a name for this Holiday List.,输入节假日列表名称
Enter amount to be redeemed.,输入要兑换的金额
"Enter an Item Code, the name will be auto-filled the same as Item Code on clicking inside the Item Name field.",输入物料代码，点击物料名称字段将自动填充相同名称
Enter customer's email,输入客户邮箱
Enter customer's phone number,输入客户电话号码
Enter date to scrap asset,输入资产报废日期
Enter depreciation details,输入折旧信息
Enter discount percentage.,输入折扣百分比
Enter each serial no in a new line,每行输入一个序列号
Enter the Bank Guarantee Number before submitting.,提交前输入银行保函编号
Enter the Item Code that this customer uses at their end. This will be shown in Sales Orders for the customer's reference.,输入该客户最终使用的物料代码。这将显示在销售订单中以供客户参考。
"Enter the Operation, the table will fetch the Operation details like Hourly Rate, Workstation automatically.

 After that, set the Operation Time in minutes and the table will calculate the Operation Costs based on the Hourly Rate and Operation Time.","输入操作后，表格将自动获取操作详细信息，如小时费率、工作站。

 之后，以分钟为单位设置操作时间，表格将根据小时费率和操作时间计算操作成本。"
Enter the closing balance you see in your bank statement for {0} as of the {1},输入您在银行对账单中看到的截至 {1} 的 {0} 的期末余额
Enter the name of the Beneficiary before submitting.,提交前输入受益人名称
Enter the name of the bank or lending institution before submitting.,提交前输入银行或贷款机构名称
Enter the opening stock units.,输入期初库存数量
Enter the quantity of the Item that will be manufactured from this Bill of Materials.,输入基于此物料清单生产的物料数量
Enter the quantity to manufacture. Raw material Items will be fetched only when this is set.,输入生产数量。仅当设置此值时才会获取原材料
Enter {0} amount.,输入{0}金额
Entertainment & Leisure,娱乐休闲
Entertainment Expenses,娱乐费用
Entity,实体
Entries below have a posting date after {0} but the clearance date is before {1}.,以下条目的记账日期在 {0} 之后，但批准日期在 {1} 之前。
Entry Type,凭证类型
Equity,权益
Equity/Liability Account,权益/负债科目
Erg,尔格
Error Description,错误说明
Error Occurred,发生错误
Error during caller information update,更新来电信息时出错
Error evaluating the criteria formula,评估标准公式时出错
Error getting details for {0}: {1},获取 {0} 的详细信息时出错：{1}
Error in party matching for Bank Transaction {0},银行交易{0}交易方匹配错误
Error uploading attachments,上传附件时出错
Error while posting depreciation entries,过账折旧分录时出错
"Error: This asset already has {0} depreciation periods booked.
					The `depreciation start` date must be at least {1} periods after the `available for use` date.
					Please correct the dates accordingly.","错误：此资产已登记 {0} 个折旧期。
					`折旧开始`日期必须至少在 `可供使用`日期之后 {1} 个期。
					请相应地更正日期。"
Error: {0} is mandatory field,错误：{0}是必填字段
Estimated Arrival,预计抵达时间
Estimated Time and Cost,预计时间和成本
Ex Works,工厂交货
Example URL,示例URL
Example of a linked document: {0},关联文档示例：{0}
"Example: If the transaction amount is 200, then this will be calculated as {} = {}",示例：如果交易金额为 200，则计算方式为 {} = {}
Example: Serial No {0} reserved in {1}.,示例：序列号{0}在{1}中预留
Exception Budget Approver Role,例外预算审批人角色
Excess Disassembly,过度拆解
Excess Material Transfer,过量物料转移
Excess Materials Consumed,超量消耗物料
Exchange Gain / Loss,汇兑损益
Exchange Gain / Loss Account,汇兑损益科目
Exchange Gain Or Loss,汇兑损益
Exchange Gain/Loss,汇兑损益
Exchange Rate,汇率
Exchange Rate Revaluation,汇率重估
Exchange Rate Revaluation Account,汇率重估科目
Exchange Rate Revaluation Settings,汇率重估设置
Exchange Rate must be same as {0} {1} ({2}),汇率必须一致{0} {1}（{2}）
Excise Page Number,Excise页码
Excluded Fee,不含费用
Execution,执行
Executive Assistant,行政助理
Executive Search,猎头
Exempt Supplies,免税供应
Exempted Role,豁免角色
Existing Asset,现有资产
Existing Company ,现有公司 
Existing transactions in the system belonging to the same bank account and date range,系统中属于同一银行账户和日期范围的现有交易
Expected Amount,预期金额
Expected Balance Qty,预期结余数量
Expected Delivery Date,预计交货日期
Expected End Date,预计结束日期
Expected End Date should be less than or equal to parent task's Expected End Date {0}.,预计结束日期应小于或等于父任务预计结束日期{0}
Expected Start Date,预计开始日期
Expense,费用
Expense Account,费用科目
Expense Claim,费用报销
Expense account is mandatory for item {0},必须为物料{0}指定费用科目
Expenses,费用
Expires today or already expired,今日过期或已过期
Expiry (In Days),过期(按天计算)
Expiry Date Mandatory,有效期必填
Expiry Duration (in days),到期时间（天）
Export E-Invoices,出口电子发票
Extended Bank Statement,扩展银行对账单
External Work History,外部就职经历
Extra Consumed Qty,额外消耗数量
Extra Large,特大号
Extra Material Transfer,额外物料调拨
Extra Small,超小
FG / Semi FG Item,成品/半成品物料号
FG Items to Make,FG 物料制作
FIFO,先进先出
FIFO Queue,先进先出队列
FIFO/LIFO Queue,先进先出/后进先出队列
Fahrenheit,华氏度
Failed Entries,失败条目
Failed to Authenticate the API key.,API密钥认证失败
Failed to create demo data,创建演示数据失败
Failed to delete closing balance.,无法删除期末余额。
Failed to delete rule.,删除规则失败。
"Failed to erase demo data, please delete the demo company manually.",清除演示数据失败，请手动删除演示公司
Failed to parse MT940 format. Error: {0},解析MT940格式失败。错误：{0}
Failed to personalize your setup,无法个性化您的设置
Failed to post depreciation entries,折旧分录过账失败
Failed to run rules evaluation,无法运行规则评估
Failed to send email for campaign {0} to {1},无法将广告系列 {0} 的电子邮件发送至 {1}
Failed to setup defaults for country {0}. Please contact support.,国家{0}默认设置失败，请联系支持
Failed to update auto classify transactions settings,无法更新自动分类交易设置
Failed to update rule priorities,无法更新规则优先级
Failed to update subscription status for {0} {1},无法更新 {0} {1} 的订阅状态
Failure Description,故障描述
Failure: {0},故障：{0}
Family Background,家庭背景
Faraday,法拉第
Fathom,英寻
Feedback By,反馈人
Fetch Customers,获取客户
Fetch Latest Exchange Rate,获取最新汇率
Fetch Payment Schedule in Payment Request,在付款请求中获取付款计划
Fetch Subscription Updates,获取订阅更新
Fetch valuation rate for internal Transaction,为内部交易获取成本价
Fetched automatically on sales orders and invoices for this customer.,自动获取该客户的销售订单和发票。
Fetched only {0} available serial numbers.,仅获取到{0}个可用序列号
Fetching Material Requests...,正在获取物料申请...
Fetching Sales Orders...,正在获取销售订单...
Fetching exchange rates ...,正在获取汇率...
Fetching...,获取中...
Field '{0}' is not a valid Company link field for DocType {1},字段“{0}”不是 DocType {1} 的有效公司链接字段
Field Mapping,字段映射
Fieldname Conflict,字段名冲突
Fieldname {0} already exists in the following doctypes: {1}. A separate dimension field will not be added to these doctypes. GL Entries will use the value of the existing field as the dimension value.,字段名 {0} 已存在于以下单据类型中：{1}。单独的维度字段不会添加到这些单据类型中。总帐条目将使用现有字段的值作为维度值。
Fields will be copied over only at time of creation.,字段将仅在创建时复制。
File does not belong to this Transaction Deletion Record,文件不属于该交易删除记录
File not found,找不到文件
File not found on server,在服务器上找不到文件
File to Rename,文件重命名
Filter Duration (Months),筛选时长（月）
Filter by amount,按金额过滤
Filter by invoice status,按发票状态筛选
Filters for Material Requests,物料申请筛选条件
Filters for Sales Orders,销售订单筛选条件
Filters missing,缺少筛选条件
Final BOM,最终物料清单
Finance Book,账簿
Finance Book Detail,账簿信息
Finance Book Id,账簿ID
Finance Books,账簿
Finance Manager,财务经理
Financial Report Template {0} is disabled,财务报表模板 {0} 已禁用
Financial Report Template {0} not found,未找到财务报表模板 {0}
Financial Services,金融服务
Financial Statements,财务报表
Finish,完成
Finished Good,成品
Finished Good Item is not specified for service item {0},服务物料{0}未指定产成品物料
Finished Good Item {0} Qty can not be zero,产成品物料{0}数量不可为零
Finished Good Item {0} must be a sub-contracted item,产成品物料{0}必须为外协物料
Finished Good Serial / Batch,产成品序列号/批次
Finished Good UOM,产成品计量单位
Finished Good {0} does not have a default BOM.,产成品{0}无默认物料清单
Finished Good {0} is disabled.,产成品{0}已停用
Finished Good {0} must be a stock item.,产成品{0}必须为库存物料
Finished Good {0} must be a sub-contracted item.,产成品{0}必须为外协物料
Finished Goods,成品
Finished Goods Based Operating Cost,基于产成品的运营成本
Finished Goods Item,产成品物料
Finished Goods Reference,产成品参考
Finished Goods Return,产成品退货
Finished Goods Value,产成品价值
Finished Item {0} does not match with Work Order {1},产成品{0}与工单{1}不匹配
"Finished good quantity being consumed ({0} in stock UOM) must equal the quantity to disassemble ({1}). Do not change the UOM, conversion factor or quantity of the finished good row.",消耗的成品数量（库存计量单位 {0}）必须等于要拆卸的数量 ({1})。请勿更改成品行的计量单位、换算系数或数量。
First Delivery Date,首次交货日期
First Email,第一封邮件
First Responded On,首次回复时间
First Response Due,首次响应截止
First Response SLA Failed by {},首次响应SLA未达标 {}
First Response Time,首次响应时间
"Fiscal Regime is mandatory, kindly set the fiscal regime in the company {0}",财政制度是强制性的，请在公司{0}设定财政制度
Fiscal Year Details,财政年度详情
Fiscal Year {0} Does Not Exist,财年{0}不存在
Fiscal Year {0} is not available for Company {1}.,会计年度 {0} 不适用于公司 {1}。
Fix SABB Entry,修复SABB条目
Fixed Asset,固定资产
Fixed Asset Account,固定资产科目
Fixed Asset Defaults,固定资产默认值
Fixed Asset Item must be a non-stock item.,固定资产物料必须是一个非库存物料。
Fixed Asset Turnover Ratio,固定资产周转率
Fixed Asset item {0} cannot be used in BOMs.,固定资产物料{0}不可用于物料清单。
Fixed Assets,固定资产
Fixed Outgoing Email Account,固定发件箱
Fixed Time,固定时间
Fleet Manager,车队经理
Fluid Ounce (UK),液盎司（英制）
Fluid Ounce (US),液盎司（美制）
Focus on Item Group filter,聚焦物料组筛选
Focus on search input,聚焦搜索框
Follow Calendar Months,遵循自然月
Following fields are mandatory to create address:,创建地址必须填写以下字段：
"Food, Beverage & Tobacco",食品，饮料与烟草
Foot,英尺
Foot Of Water,水英尺
Foot/Minute,英尺/分钟
Foot/Second,英尺/秒
For All Stock Asset Accounts,适用于所有库存资产科目
For Item,物料
For Operation,工序
"For PDF statements, we auto-detect the tables on each page. You can then confirm each detected table, map its columns, and exclude anything that is not transactions (e.g. ads or summaries). Password-protected PDFs are supported - the password is saved on the bank account and reused.",对于 PDF 报表，我们会自动检测每页上的表格。然后，您可以确认每个检测到的表，映射其列，并排除任何非交易的内容（例如广告或摘要）。支持受密码保护的 PDF - 密码保存在银行账户中并可重复使用。
For Production,生产
For Quantity (Manufactured Qty) is mandatory,生产数量必填
For Raw Materials,针对原材料
"For Return Invoices with Stock effect, '0' qty Items are not allowed. Following rows are affected: {0}",库存影响的退货发票中不允许零数量物料，受影响行：{0}
For Warehouse,仓库
For Work Order,工单
"For e.g. 2012, 2012-13",对例如2012，2012-13
"For example, if set to 4, the system will try to find matching transactions in other banks 4 days before and after the transaction date. This is because transactions can clear on different days on different bank accounts.",例如，如果设置为4，系统将尝试在交易日期前后4天内查找其他银行的匹配交易。这是因为交易可以在不同的银行账户的不同日期进行清算。
"For example, if set to 4, the system will try to find matching transfer transactions in other banks 4 days before and after the transaction date. This is because transactions can clear on different days on different bank accounts.",例如，如果设置为4，系统将尝试在交易日期前后4天内查找其他银行匹配的转账交易。这是因为交易可以在不同的银行账户的不同日期进行清算。
For individual supplier,单个供应商
"For item <b>{0}</b>, only <b>{1}</b> asset have been created or linked to <b>{2}</b>. Please create or link <b>{3}</b> more asset with the respective document.",物料<b>{0}</b>仅创建/关联了<b>{1}</b>项资产至<b>{2}</b>，请创建或关联剩余<b>{3}</b>项资产。
"For item {0}, rate must be a positive number. To Allow negative rates, enable {1} in {2}",物料{0}的税率必须为正数。允许负数需在{2}启用{1}
"For legacy serial nos, do not fetch incoming rate from serial no and calculate it based on the inward transaction",对于旧序列号，不要从序列号中获取传入速率并根据传入交易计算它
"For operation {0} at row {1}, please add raw materials or set a BOM against it.",对于第 {1} 行的工序 {0}，请添加原材料或为其设置 BOM。
For operation {0}: Quantity ({1}) can not be greater than pending quantity({2}),工序{0}：数量（{1}）不得超过待处理数量（{2}）
"For project - {0}, update your status",对于项目 - {0}，更新您的状态
"For projected and forecast quantities, the system will consider all child warehouses under the selected parent warehouse.",对于预计和预测数量，系统将考量所选父仓库下的所有子仓库。
For reference,供参考
For service item,针对服务物料
For the 'Apply Rule On Other' condition the field {0} is mandatory,对于'应用于其他'条件，字段{0}为必填项
"For the item {0}, the consumed quantity should be {1} according to the BOM {2}.",对于物料 {0}，根据 BOM {2}，消耗数量应为 {1}。
"For the new {0} to take effect, would you like to clear the current {1}?",为使新{0}生效，是否清除当前{1}？
"For the {0}, the quantity is required to make the return entry",{0}需要数量才能创建退货分录
Force Clear,强制清除
Force Clear Voucher,强制清除凭证
Force evaluate all,强制评估所有
"Force re-evaluate all unreconciled transactions, even if they were previously evaluated",强制重新评估所有未核对的交易，即使它们之前已评估过
Force-Fetch Subscription Updates,强制获取订阅更新
Forecast,预测
Forecast Demand,预测需求
Forecasting,预测
Foreign Currency Translation Reserve,外币折算储备
Forum Activity,论坛活动
Forum Posts,论坛帖子
Forum URL,论坛URL
Frappe CRM,Frappe CRM
Frappe CRM Allowed User,Frappe CRM 允许的用户
Frappe CRM data synchronization is not enabled on ERPNext. Contact System Manager of ERPNext.,ERPNext 上未启用 Frappe CRM 数据同步。请联系 ERPNext 系统管理员。
Frappe School,冰沙学校
Free Alongside Ship,船边交货
Free Carrier,货交承运人
Free Item Rate,赠品单价
Free On Board,离岸价
Freeze stocks older than (days),冻结超过（天）的库存
Frequently Read Articles,常读文章
From BOM No,来自 BOM 编号
From Company,源公司
From Currency,源货币
From Currency and To Currency cannot be same,源货币和目标货币不能相同
From Customer,源客户
From Date and To Date are Mandatory,必须填写起始和截止日期
From Date and To Date are mandatory,起始和截止日期必填
From Date and To Date are required,起始日期和截止日期为必填项
From Date is mandatory,起始日期必填
From Date: {0} cannot be greater than To date: {1},起始日期：{0}不能晚于截止日期：{1}
From Doctype,来源单据类型
From Due Date,到期日起
From Employee is required while issuing Asset {0},发放资产{0}时必须填写来源员工
From External Ecomm Platform,来自外部电商平台
From Fiscal Year cannot be greater than To Fiscal Year,从会计年度开始不能大于到会计年度
From No,来自No
From Posting Date,过账日期起
From Reference Date,参考日期起
From Time ,起始时间
From Value,起始值
From and To dates are required,必须填写起始和截止日期
From date cannot be greater than To date,起始日期不能晚于截止日期
Frozen suppliers block ledger entries until unfrozen. Use this to temporarily lock accounting activity without disabling the supplier.,被冻结的供应商会封锁账本条目，直至解冻。使用此功能可以暂时锁定会计活动，而无需禁用供应商。
Fuel Type,燃料类型
Fulfillment,订单履行
Fulfilment Deadline,履行截止日期
Fulfilment Details,履行细节
Fulfilment Status,履行状态
Fulfilment Terms,履行条款
Fulfilment Terms and Conditions,履行条款和条件
"Full Name, Email or Phone/Mobile of the user are mandatory to continue.",必须提供用户的全名、电子邮件或电话/手机才能继续。
Full and Final Statement,离职结算
Fully Billed,完全开票
Fully Completed,全部完成
Fully Depreciated,已提足折旧
Fully Paid,已全额付款
Furlong,弗隆
Furniture and Fixtures,家具及固定装置
Further cost centers can be made under Groups but entries can be made against non-Groups,进一步的成本中心可以根据组进行，但项可以对非组进行
Further nodes can be only created under 'Group' type nodes,只能在“组”节点下新建节点
Future Payments,未来付款
Future date is not allowed,不允许未来日期
G - D,G - D
GL Balance,总账余额
GL Entry,总账分录
GL reposting index,总账重过账索引
GS1,GS1标准
GTIN,全球贸易项目代码
GTIN-14,GTIN-14
Gain/Loss,收益/损失
Gain/Loss Account on Asset Disposal,资产处置收益/损失科目
Gain/Loss from Revaluation,重估损益
Gallon (UK),加仑（英制）
Gallon Dry (US),干加仑（美制）
Gallon Liquid (US),液加仑（美制）
Gamma,伽马
Gantt Chart,甘特图
Gantt chart of all tasks.,所有任务的甘特图。
Gauss,高斯
General Ledger remarks length,总账备注长度
General Settings,常规设置
General and Payment Ledger mismatch,总账与付款账不一致
General information about your Supplier,有关您的供应商的一般信息
Generate Demand,生成需求
Generate E-Invoice,生成电子发票
Generate New Invoices Past Due Date,为逾期订单生成新发票
Generate Stock Closing Entry,生成库存结算分录
Generate To Delete List,生成删除列表
Generate To Delete list first,首先生成要删除列表
Generated,已生成
Generating Master Production Schedule...,正在生成主生产计划...
Generating Preview,生成预览
Get Actual Demand,获取实际需求
Get Balance,获取余额
Get Delivery Schedule,获取交货计划
Get Finished Goods,获取产成品
Get Items for Purchase / Transfer,获取需采购/调拨的物料
Get Items for Purchase Only,仅获取需采购的物料
Get Items from Material Requests against this Supplier,从该供应商的物料请求获取物料
Get Latest Query,获取最新查询
Get Material Request,获取物料需求
Get Material Requests,获取物料申请
Get Sales Orders,获取销售订单
Get Secondary Items,获取辅助物料
Get Suppliers By,获得供应商
Get around the system quickly with keyboard shortcuts,使用键盘快捷键快速绕过系统
Get stops from,获取站点来源
Getting Secondary Items,获取辅助物料
Gift Card,礼品卡
Go back,返回
Go to <a href='/banking/statement-importer' target='_blank' style='text-decoration: underline;'>Bank Statement Importer</a> in the Banking module to use this importer.,转至银行模块中的 <a href='/banking/statement-importer' target='_blank' style='text-decoration: underline;'> 银行对账单导入器 </a> 以使用此导入器。
Go to Desktop,转到桌面
Go to the <a href='/banking' target='_blank' style='text-decoration: underline;'>Banking module</a> to setup this rule.,转至 <a href='/banking' target='_blank' style='text-decoration: underline;'>Banking 模块</a> 设置此规则。
Goal and Procedure,目标和程序
Goals,绩效指标
Goods,货物
Government,政府
Grace Period,宽限期
Grain,格令
Grain/Cubic Foot,格令/立方英尺
Grain/Gallon (UK),格令/加仑（英制）
Grain/Gallon (US),格令/加仑（美制）
Gram-Force,克力
Gram/Cubic Centimeter,克/立方厘米
Gram/Cubic Meter,克/立方米
Gram/Cubic Millimeter,克/立方毫米
Gram/Litre,克/升
Grand Total,总计
Grand Total (Company Currency,总计（本币
Grand Total (Transaction Currency),总计（交易货币）
Grand Total must match sum of Payment References,总计必须与付款参考的总和相匹配
Greater Than Amount,大于金额
Greeting Message,问候语
Greeting Title,问候标题
Greetings Section,问候语版块
Grocery,杂货
Gross Margin,毛利润
Gross Margin %,毛利率％
Gross Profit / Loss,总利润/亏损
Gross Profit Percent,毛利率
Gross Profit Ratio,毛利率
Gross Total,总金额
Gross Weight,毛重
Group By Customer,按客户分组
Group Name,群组名称
Group Node,组节点
Group Same Items,合并相同物料
Group by Purchase Order,按采购订单分组
Group by Sales Order,按销售订单分组
Group same items,合并相同物料
Groups,组
Growth View,增长视图
H - F,H - F
Hand,手
Handle Employee Advances,处理员工预支款
Hardware,硬件
Has Alternative Item,存在替代物料
Has Certificate ,持有证书
Has Corrective Cost,有返工成本
Has Print Format,有打印格式
Has Subcontracted,已外包
Has Unit Price Items,包含单价物料
Have default Naming Series for Batch ID?,默认由单据编号模板自动生成批号？
Head of Marketing and Sales,营销和销售主管
Header Text,标题文本
Health Care,医疗保健
Health Details,健康信息
Hectare,公顷
Hectogram/Litre,百克/升
Hectometer,百米
Hectopascal,百帕
Help Results for,帮助结果
Help Text,帮助文本
Helps you distribute the Budget/Target across months if you have seasonality in your business.,若业务存在季节性波动，可帮助您将预算/目标分摊至各月
Here are the error logs for the aforementioned failed depreciation entries: {0},上述失败折旧分录的错误日志如下：{0}
"Here, you can select a senior of this Employee. Based on this, Organization Chart will be populated.",此处可选择该员工的上级，组织架构图将基于此生成
"Here, your weekly offs are pre-populated based on the previous selections. You can add more rows to also add public and national holidays individually.",此处每周休息日已根据先前选择预填充，您可新增行单独添加公共及国家节假日
Hertz,赫兹
"Hi,",您好：
Hidden Line (Internal Use Only),隐藏线（仅供内部使用）
Hide Currency Symbol,隐藏货币符号
Hide Images,隐藏图片
Hide Recent Orders,隐藏近期订单
Hide Unavailable Items,隐藏不可用物料
Hide this line if amount is zero,如果金额为零则隐藏此行
Hide timesheets,隐藏工时表
"Higher the number, higher the priority",数字越大，优先级越高
History In Company,公司内履历
Holiday,假期
Holiday Date {0} added multiple times,节假日日期{0}被重复添加
Holidays,假期
Horsepower,马力
Horsepower-Hours,马力小时
Hour,小时
Hours Spent,耗时
How big is the team?,团队有多大？
How many units of the final product this BOM makes.,此 BOM 生产多少单位的最终产品。
How often should project be updated of Total Purchase Cost ?,更新项目总采购成本的频率
How this line gets its data,该行如何获取数据
How to format and present values in the financial report (only if different from column fieldtype),如何在财务报表中格式化和呈现值（仅当与列字段类型不同时）
Human Resources,人力资源
Hundredweight (UK),英担（英制）
Hundredweight (US),英担（美制）
I - J,I - J
I - K,I - K
IBAN,IBAN
IMPORTANT: Create a backup before proceeding!,重要提示：在继续之前创建备份！
IRS 1099,IRS 1099
ISBN,国际标准书号
ISBN-10,ISBN-10
ISBN-13,ISBN-13
ISSN,国际标准刊号
Iches Of Water,水英寸
Identification of the package for the delivery (for print),打包物料的标志（用于打印）
Idle,闲置
"If a party cannot be matched by account number or IBAN, the system will try fuzzy matching using the party name and transaction description.",如果无法通过账号或 IBAN 匹配往来单位，系统将尝试使用往来单位名称和交易描述进行模糊匹配。
"If an operation is divided into sub operations, they can be added here.",若工序被拆分为子工序，可在此处添加
"If checked, journal entries made using bank reconciliation will be of type ""Credit Card Entry""",如果选中，使用银行余额对账表制作的日记账分录将属于“信用卡分录”类型
"If checked, the entire amount (e.g. Freight) is allocated to the valuation of stock & asset items only. If unchecked, the amount is distributed across all items and the portion belonging to non-stock items is not added to valuation.",如果选中，则全部金额（例如运费）将仅分配给库存和资产物料的评估。如果未选中，则金额将分配到所有物料，属于非库存物料的部分不会添加到评估中。
"If checked, updates inventory; stock and accounting entries are created together. Leave unchecked if a Delivery Note is created separately.",如果选中，则更新库存；库存分录和会计分录是一起创建的。如果单独创建送货单，请不要选中。
"If checked, updates inventory; stock and accounting entries are created together. Leave unchecked if a Purchase Receipt is created separately.",如果选中，则更新库存；库存分录和会计分录是一起创建的。如果单独创建采购入库，则不要选中。
"If disable, 'Rounded Total' field will not be visible in any transaction",如果禁用，“圆整后金额”字段将不在任何交易中显示
If enabled then system won't override the picked qty / batches / serial numbers / warehouse.,若启用，系统将不会覆盖已拣配的数量/批次/序列号/仓库。
"If enabled, a print of this document will be attached to each email",启用后，每封邮件将附带此单据的打印件
"If enabled, all files attached to this document will be attached to each email",启用后，每封邮件将附带此单据的所有附件
"If enabled, formula for <b>Qty to Order</b>: <br>
Required Qty (BOM) - <a href=""https://docs.frappe.io/erpnext/user/manual/en/projected-quantity"">Projected Qty</a>. <br> This helps avoid over-ordering.","若启用，<b>订购数量</b>计算公式： <br>
需求数量（物料清单） -<a href=""https://docs.frappe.io/erpnext/user/manual/en/projected-quantity"">预计数量</a>。 <br> 以避免过量订购。"
"If enabled, formula for <b>Required Qty</b>: <br>
Required Qty (BOM) - <a href=""https://docs.frappe.io/erpnext/user/manual/en/projected-quantity"">Projected Qty</a>. <br> This helps avoid over-ordering.","若启用，<b>需求数量</b>计算公式： <br>
需求数量（物料清单） -<a href=""https://docs.frappe.io/erpnext/user/manual/en/projected-quantity"">预计数量</a>。 <br> 以避免过量订购。"
"If enabled, rule matching algorithm will run every hour",如果启用，规则匹配算法将每小时运行一次
"If enabled, system will allow user to deliver the entire quantity of the finished goods produced against the Subcontracting Inward Order. If disabled, system will allow delivery of only the ordered quantity.",若启用，系统将允许交付为受托加工单单生产的全部成品数量。若禁用，系统仅允许订单数量。
"If enabled, the item rate won't adjust to the valuation rate during internal transfers, but accounting will still use the valuation rate. This will allow the user to specify a different rate for printing or taxation purposes.",如果启用，会计记账仍使用成本价。用户维护的物料价用于打印与报税。
"If enabled, the system will allow negative stock entries for this batch, overriding the 'Allow negative stock for Batch' setting in Stock Settings. This may lead to incorrect valuation rates, so it is recommended to avoid using this option.",如果启用，系统将允许该批次的负库存条目，覆盖库存设置中的“允许批次的负库存”设置。这可能会导致不正确的估值率，因此建议避免使用此选项。
"If enabled, the system will allow selecting UOMs in sales and purchase transactions only if the conversion rate is set in the item master.",如勾选则采购/销售订单中仅限选择物料主数据维护了转换率的计量单位
"If enabled, the system will generate an accounting entry for materials rejected in the Purchase Receipt.",如勾选，系统会为采购入库中的拒收物料生成会计凭证
"If enabled, the system will use the inventory account set in the Item Master or Item Group or Brand. Otherwise, it will use the inventory account set in the Warehouse.",若启用，系统将使用物料主数据、物料组或品牌中设置的库存科目。否则，将使用仓库中设置的库存科目。
"If enabled, the system will use the moving average valuation method to calculate the valuation rate for the batched items and will not consider the individual batch-wise incoming rate.",启用后，系统将采用移动平均计价法计算批次物料计价汇率，不考虑单个批次入库汇率
"If enabled, this row's values will be displayed on financial charts",如果启用，该行的值将显示在财务图表上
"If enabled, user will be alerted before resetting posting date to current date in relevant transactions",如勾选，重置记账日期为当日会弹出提醒给用户
"If enabled, users must enter Serial No. / Batch data manually instead of using the selector dialog.",如果启用，用户必须手动输入序列号/批次数据，而不是使用选择器对话框。
"If items in stock, proceed with Material Transfer or Purchase.",若物料库存充足，请执行物料调拨或采购操作。
"If no Item Price is found for an item in the Price List set in the transaction, prices from the Default Price List will be fetched.",如果在交易中设置的价格表中未找到某个物料的物料价格，则会从默认价格表中获取价格。
"If no taxes are set, and Taxes and Charges Template is selected, the system will automatically apply the taxes from the chosen template.",如果尚无税费明细且选择了税费模板，系统自动从选择的税费模板添加税明细
"If party does not exist, create it using the Customer Name field.",如果往来单位不存在，请使用“客户名称”字段创建它。
"If party does not exist, create it using the Supplier Name field.",如果往来单位不存在，请使用“供应商名称”字段创建它。
"If rule matches, then:",如果规则匹配，则：
"If set, accounting entries for this customer will post to these accounts instead of the company default.",如果设置，该客户的会计分录将过账到这些科目，而不是公司默认科目。
"If set, the system does not use the user's Email or the standard outgoing Email account for sending request for quotations.",如勾选，系统固定邮箱而非当前用户邮箱发出询价单
"If the BOM results in Scrap material, the Scrap Warehouse needs to be selected.",若物料清单产生废料，需选择废品仓库
"If the reorder check is set at the Group warehouse level, the available quantity becomes the sum of the projected quantities of all its child warehouses.",如果在集团仓库级别设置再订购检查，则可用数量将成为其所有子仓库的预计数量之和。
"If the selected BOM has Operations mentioned in it, the system will fetch all Operations from BOM, these values can be changed.",若所选物料清单包含工序，系统将从中获取所有工序，这些值可修改
"If there is no assigned timeslot, then communication will be handled by this group",如果没有分配的时间段，则该组将处理通信
"If there is no title column, use the code column for the title.",若无标题列，使用代码列作为标题
If this is checked subsequent new invoices will be created on calendar  month and quarter start dates irrespective of current invoice start date,勾选后，后续新发票将在自然月及季度首日创建，忽略当前发票起始日期
If this is unchecked Journal Entries will be saved in a Draft state and will have to be submitted manually,若未勾选，日记账分录将以草稿状态保存，需手动提交
If this is undesirable please cancel the corresponding Payment Entry.,若需取消，请撤销对应付款凭证
"If this option is configured 'Yes', ERPNext will prevent you from creating a Purchase Invoice or Receipt without creating a Purchase Order first. This configuration can be overridden for a particular supplier by enabling the 'Allow Purchase Invoice Creation Without Purchase Order' checkbox in the Supplier master.",若配置为'是'，ERPNext将阻止您先于采购订单创建采购发票或收货单。可在供应商主数据中勾选'允许无采购订单创建采购发票'覆盖此设置
"If this option is configured 'Yes', ERPNext will prevent you from creating a Purchase Invoice without creating a Purchase Receipt first. This configuration can be overridden for a particular supplier by enabling the 'Allow Purchase Invoice Creation Without Purchase Receipt' checkbox in the Supplier master.",若配置为'是'，ERPNext将阻止您先于采购收货单创建采购发票。可在供应商主数据中勾选'允许无采购收货单创建采购发票'覆盖此设置
"If you are maintaining stock of this Item in your Inventory, ERPNext will make a stock ledger entry for each transaction of this item.",若在库存中维护此物料，ERPNext将为每笔交易创建库存分类账分录
"If you still want to proceed, please disable '{0}' checkbox.",如果您仍想继续，请禁用“{0}”复选框。
"If you want to run operations in parallel, keep the same sequence ID for them.",如果要并行运行操作，请为它们保留相同的序列 ID。
"If your bank statement shows a different closing balance, it is because all transactions have not reconciled yet.",如果您的银行对账单显示期末余额不同，那是因为所有交易尚未对账。
Ignore,忽略
Ignore Account closing balance,忽略科目结账余额
Ignore Default Payment Terms Template,忽略默认付款条款模板
Ignore Employee Time Overlap,忽略员工时间重叠
Ignore Pricing Rule is enabled. Cannot apply coupon code.,已启用忽略定价规则，无法应用优惠券
Ignore System Generated Credit / Debit Notes,隐藏系统生成的贷/借记单
Ignore User Time Overlap,忽略用户时间重叠
"Image in the description has been removed. To disable this behavior, uncheck ""{0}"" in {1}.",描述中的图片已被删除。要禁用此行为，请取消选中 {1} 中的“{0}”。
Impairment,减值
Import Bank Statement,进口银行对账单
Import Chart of Accounts from a csv file,从csv文件导入科目表
Import Data,导入数据
Import Employees,引进员工
Import Genericode File,导入通用代码文件
Import Invoices,导入发票
Import MT940 Fromat,导入MT940格式
Import Successful,导入成功
Import Summary,进口摘要
Import Supplier Invoice,导入供应商发票
Import Using CSV file,使用CSV文件导入
Import completed. {0} common codes created.,导入完成，已创建{0}个通用代码
Import in Bulk,进口散装
"Import template should be of type .csv, .xlsx, .xls or .pdf",导入模板应为 .csv、.xlsx、.xls 或 .pdf 类型
Import your bank statement to get started.,导入您的银行对账单即可开始。
Import {0} transactions,导入 {0} 笔交易
Imported On,导入时间
Imported {0} DocTypes,导入的 {0} DocType
Importing Code Lists from remote URLs is not allowed.,不允许从远程 URL 导入代码列表。
Importing Common Codes,正在导入通用代码
Importing {0} transactions,正在导入 {0} 笔交易
Importing...,正在导入...
In Maintenance,在维护中
In Percentage,百分比
In Process,进行中
In Production,在生产中
In Stock,库存
In Transit Transfer,在途调拨
In Transit Warehouse,在途仓库
In Value,金额
In Words,大写金额
In Words will be visible once you save the Sales Order.,大写金额将在销售订单保存后显示。
In mins,分钟
"In row {0} of Appointment Booking Slots: ""To Time"" must be later than ""From Time"".",在预约预订时段的 {0} 行中：“结束时间”必须晚于“开始时间”。
"In this case, the amount will be calculated as 25% of the transaction amount. If the transaction amount is 200, then this will be calculated as 200 * 0.25 = 50.","In this case, the amount will be calculated as 25% of the transaction amount.如果交易金额为200，则计算为200 * 0.25 = 50。"
"In this section, you can define Company-wide transaction-related defaults for this Item. Eg. Default Warehouse, Default Price List, Supplier, etc.",此处可定义此物料在公司范围内的交易默认值，如默认仓库、价格表、供应商等
Inactive Customers,非活跃客户
Inch,英寸
Inch Pound-Force,英寸磅力
Inch/Minute,英寸/分钟
Inch/Second,英寸/秒
Inches Of Mercury,英寸汞柱
Include,包括
Include Ageing Summary,包含账龄汇总
Include Default FB Assets,包含默认财务账簿资产
Include Non Stock Items,包含非库存物料
Include POS Transactions,包括POS交易
Include Payment,包括付款
Include Timesheets in Draft Status,包含草稿状态工时表
Included Fee,包含费用
Included fee is bigger than the withdrawal itself.,包含的费用比提款本身还要大。
Included in Gross Profit,包含在毛利润中
Including items for sub assemblies,包括下层组件物料
Income Account,收入科目
Income and Expense,收入与支出
Incoming Call Settings,来电设置
Incompatible Setting Detected,检测到不兼容设置
Incorrect Account,账户错误
Incorrect Batch Consumed,消耗批次错误
Incorrect Check in (group) Warehouse for Reorder,再订购（组）仓库检查错误
Incorrect Company,公司错误
Incorrect Component Quantity,组件数量错误
Incorrect Date,日期错误
Incorrect Invoice,发票错误
Incorrect Payment Type,付款类型错误
Incorrect Reference Document (Purchase Receipt Item),参考单据错误（采购收货单物料）
Incorrect Serial Number Consumed,消耗序列号错误
Incorrect Serial and Batch Bundle,序列及批次包错误
Incorrect Type of Transaction,交易类型错误
Incorrect Warehouse,仓库错误
Incorrectly Cleared Entries,错误清除的条目
Incorrectly cleared entries as per the report.,根据报告，错误地清除了条目。
Increase In Asset Life (Months),延长资产寿命（月数）
Increase In Asset Life(Months),资产寿命延长（月数）
Increment,增量
Increment cannot be 0,增量不能为0
Increment for Attribute {0} cannot be 0,增量属性{0}不能为0
"Indentation level: 0 = Main heading, 1 = Sub-category, 2 = Individual accounts, etc.",缩进级别：0 = 主标题，1 = 子类别，2 = 个人账户等。
Indirect Expense,间接费用
Individual,个人
Individual GL Entry cannot be cancelled.,单个总账分录无法取消
Individual Stock Ledger Entry cannot be cancelled.,单个库存分类账分录无法取消
Industry,行业
Industry Type,行业类型
Initialize Summary Table,初始化汇总表
Inspection Required,需要检验
Inspection Type,检验类型
Installation Date,安装日期
Installation Note,安装通知单
Installation Note {0} has already been submitted,安装单{0}已经提交了
Installation Status,安装状态
Installation Time,安装时间
Installed Qty,已安装数量
Instruction,说明
Insufficient Capacity,产能不足
Insufficient Permissions,权限不足
Insufficient Stock,库存不足
Insufficient Stock for Batch,批次库存不足
Insufficient Stock for Product Bundle Items,产品套装库存不足
Insurance,保险
Insurance Company,保险公司
Insurance Start date should be less than Insurance End date,保险开始日期应小于保险终止日期
Insurer,保险公司
Integration ID,集成ID
Interest Expense,利息支出
Interest Income,利息收入
Interest and/or dunning fee,利息及/或催收费
Interest on Fixed Deposits,定期存款利息
Internal Customer Accounting,内部客户会计
Internal Customer for company {0} already exists,公司{0}的内部客户已存在
Internal Purchase Order,内部采购订单
Internal Sales Order,内部销售订单
Internal Supplier Details,内部供应商详细信息
Internal Supplier for company {0} already exists,公司{0}的内部供应商已存在
Internal Transfer,内部转账
Internal Transfer Reference Missing,缺少内部调拨参考
Internal Transfer Rules,内部转账规则
Internal Work History,内部工作经历
Internal notes about this customer. Not visible on transactions or the portal.,有关该客户的内部注释。在交易或门户上不可见。
Internet Publishing,互联网出版
Invalid Accounting Dimension,会计维度无效
Invalid Allocated Amount,无效分配金额
Invalid Amount,无效金额
Invalid Attribute,无效属性
Invalid Attribute Values,无效的属性值
Invalid Auto Repeat Date,无效自动重复日期
Invalid Bank Account,银行账户无效
Invalid Barcode. There is no Item attached to this barcode.,无效条码，未关联任何物料
Invalid Blanket Order for the selected Customer and Item,无效框架订单对所选客户和物料无效
Invalid CSV format. Expected column: doctype_name,CSV 格式无效。预期列：doctype_name
Invalid Child Procedure,无效子流程
Invalid Company Field,公司字段无效
Invalid Company for Inter Company Transaction.,公司间交易的公司无效。
Invalid Cost Center,无效成本中心
Invalid Customer Group,无效客户组
Invalid Delivery Date,无效交付日期
Invalid Disassembly Item,无效的拆卸物料
Invalid Disassembly Quantity,无效拆解数量
Invalid Discount,无效折扣
Invalid Discount Amount,折扣金额无效
Invalid Document,无效单据
Invalid Document Type,无效单据类型
Invalid Document Type {0},单据类型 {0} 无效
Invalid File Type,文件类型无效
Invalid Group By,无效分组依据
Invalid Item,无效物料
Invalid Item Defaults,无效物料默认值
Invalid Net Purchase Amount,净采购金额无效
Invalid Opening Entry,无效的期初分录
Invalid POS Invoices,无效的POS发票
Invalid Parent Account,无效的上级科目
Invalid Part Number,无效的零件编号
Invalid Primary Role,无效的主要角色
Invalid Print Format,打印格式无效
Invalid Priority,无效的优先级
Invalid Process Loss Configuration,无效的工艺损耗配置
Invalid Purchase Invoice,无效的采购发票
Invalid Qty,无效的数量
Invalid Quantity,无效的物料数量
Invalid Query,查询语句无效
Invalid Return,无效的退货
Invalid Sales Invoices,无效销售发票
Invalid Schedule,无效的排程计划
Invalid Selling Price,无效的销售单价
Invalid Serial and Batch Bundle,无效的序列号和批次组合
Invalid Source and Target Warehouse,源仓库和目标仓库无效
Invalid Tree Type {0},树类型 {0} 无效
Invalid Upload,上传无效
Invalid Value,无效的数值
Invalid Warehouse,无效的仓库
Invalid amount in accounting entries of {} {} for Account {}: {},科目{}的{} {}会计凭证中存在无效金额: {}
Invalid condition expression,无效的条件表达式
Invalid debit/credit formula: {0},借方/贷方公式无效：{0}
Invalid file URL,文件网址无效
Invalid filter formula. Please check the syntax.,过滤器公式无效。请检查语法。
"Invalid lost reason {0}, please create a new lost reason",无效的流失原因{0}，请创建新的流失原因
Invalid naming series (. missing) for {0},编号规则无效（缺少.）于{0}
Invalid parameter. 'dn' should be of type str,参数无效。 'dn' 应该是 str 类型
Invalid reference {0} {1},无效的参考{0} {1}
Invalid regex pattern.,正则表达式模式无效。
Invalid result key. Response:,无效的结果键值。响应：
Invalid search query,搜索查询无效
Invalid value {0} for 'Based On',“基于”的值 {0} 无效
Invalid value {0} for 'Doctype',“Doctype”的值 {0} 无效
Invalid {0},无效的{0}
Invalid {0} for Inter Company Transaction.,Inter Company Transaction无效{0}。
Invalid {0}: {1},无效的{0}：{1}
Inventory,库存
Inventory Account Currency,库存科目货币
Inventory Dimension key,库存维度键值
Investment Banking,投资银行业务
Investments,投资
Invoice Document Type Selection Error,发票单据类型选择错误
Invoice Grand Total,发票总计
Invoice Limit,发票限额
Invoice Paid,发票已付款
Invoice Series,发票系列
Invoice Status,发票状态
Invoice Type,发票类型
Invoice Type Created via POS Screen,通过POS界面创建的发票类型
Invoiced Qty,已开票数量
Invoices and Payments have been Fetched and Allocated,发票与付款已获取并核销
Invoicing,开票管理
Is Additional Item,是否为附加物料
Is Additional Transfer Entry,是否为额外调拨凭证
Is Company,是公司？
Is Consolidated,已合并
Is Container,是容器
Is Credit Card,是信用卡
Is Default Language,是否默认语言
Is Exchange Gain / Loss?,是否汇兑损益？
Is Expandable,是否可展开
Is Final Finished Good,是否最终产成品
Is Half Day,是半天
Is Internal Customer,是内部客户
Is Internal Supplier,是内部供应商
Is Legacy,是遗产
Is Legacy Scrap Item,是遗留废品
Is Outward,是否出库
Is Packed,是否已打包
Is Paused,是否暂停
Is Purchase Order required for Purchase Invoice & Receipt creation?,必须有采购订单才能新建采购入库和采购发票？
Is Purchase Receipt required for Purchase Invoice creation?,必须有采购入库才能新建采购发票？
Is Rule Evaluated,规则是否已评估
Is Short/Long Year,是否短/长会计年度
Is Sub Assembly Item,是子装配件
Is Subcontracted Item,是否为外包物料
Is a Subscription,是订阅
Is created using POS,通过POS创建
Issue,问题
Issue Analytics,问题分析报表
Issue Material,发料
Issue Split From,拆分自问题单
Issue Summary,问题摘要
Issue a debit note against an existing Sales Invoice to adjust the rate. The quantity will be retained from the original invoice.,根据现有销售发票开具借项通知单以调整价格。数量将从原始发票中保留。
Issues,问题
It takes into account all the transactions that have been posted and subtracts the transactions that have not cleared yet.,它考虑所有已过账的交易并减去尚未清算的交易。
It's all good!,一切都好！
"It's not possible to distribute charges equally when total amount is zero, please set 'Distribute Charges Based On' as 'Quantity'",总金额为零时无法按金额分摊费用，请将'费用分摊基准'设为'数量'
Italic text for subtotals or notes,小计或注释的斜体文本
Item 2,物料2
Item 3,物料3
Item 4,物料4
Item 5,物料5
Item Attribute,物料属性
Item Attribute Value,物料属性值
Item Attribute Values,物料属性值
Item Balance (Simple),物料余额（简单）
Item Barcode,物料条码
Item Default,物料默认值
Item Defaults,物料默认值
Item Description,物料描述
Item Groups,物料组
Item Information,物料信息
Item Lead Time,物料提前期
Item Out of Stock,物料缺货
Item Price,物料价格
Item Price Stock,物料价格与库存
Item Price added for {0} in Price List - {1},物料价格{0}自动添加到价格表{1}中了，以备以后订单使用
Item Price created at rate {0},物料价格：价格 {0} 创建
Item Prices,物料价格
Item Row,物料行
Item Serial No,物料序列号
Item Shortage Report,缺料报表
Item Supplier,物料供应商
Item Tax,物料税项
Item Tax Rate,物料税率
Item Tax Row {0}: Account must belong to Company - {1},物料税行{0}：科目必须属于公司 - {1}
Item Website Specification,网站上显示的物料详细规格
Item Weight Details,物料重量
Item Where Used,物料使用地点
Item Wise Consumption,明智消费
Item Wise Tax Details,物料明智的税收详细信息
Item Wise Tax Details do not match with Taxes and Charges at the following rows:,物料明智的税务详细信息与以下行的税费和费用不匹配：
Item and Warehouse,物料与仓库
Item and Warranty Details,物料和保修
Item for row {0} does not match Material Request,行{0}的物料与物料请求不匹配
Item is mandatory in Raw Materials table.,原材料表中必须填写物料。
Item is removed since no serial / batch no selected.,因未选择序列/批次号，物料已被移除
Item name,物料名称
Item to Manufacture,待生产物料
Item with name {0} not found in the Purchase Order,在采购订单中找不到名称为 {0} 的物料
Item {0} added multiple times under the same parent item {1} at rows {2} and {3},在第 {2} 行和第 {3} 行的同一父项 {1} 下多次添加项 {0}
Item {0} cannot be added as a sub-assembly of itself,物料{0}不能作为自身的子装配件添加
Item {0} cannot be ordered more than {1} against Blanket Order {2}.,物料{0}在总括订单{2}下不可订购超过{1}
Item {0} does not exist,物料{0}不存在
Item {0} does not exist in the system or has expired,物料{0}不存在于系统中或已过期
Item {0} does not exist.,物料{0}不存在
Item {0} entered multiple times.,物料{0}重复输入
Item {0} has already been returned,物料{0}已被退回
Item {0} has no Serial No. Only serialized items can have delivery based on Serial No,物料{0}无序列号，只有序列化物料可按序列号交货
Item {0} has no changes in delivered quantity. Please unselect the row if you do not wish to update its quantity.,物料{0}的交付数量没有变化。如果您不想更新其数量，请取消选择该行。
Item {0} has reached its end of life on {1},物料{0}已经到达寿命终止日期{1}
Item {0} is cancelled,物料{0}已取消
Item {0} is not a drop ship item. Only drop ship items can have Delivered Qty updated.,物料 {0} 不是代发货物料。只有直运物料才能更新“交付数量”。
Item {0} is not a subcontracted item,物料{0}非外协物料
Item {0} is not a template item.,物料 {0} 不是模板物料。
Item {0} must be a Non-Stock Item,物料{0}必须为非库存物料
Item {0} not found in 'Raw Materials Supplied' table in {1} {2},在{1} {2}的'供应的原材料'表中未找到物料{0}
Item {0} not found.,未找到物料{0}
Item {0}: Ordered qty {1} cannot be less than minimum order qty {2} (defined in Item).,物料{0}的订单数量{1}不能小于最低订货量{2}（物料主数据中定义）。
Item/Item Code required to get Item Tax Template.,获取物料税模板需要物料/物料编码。
Items Required,所需物料
Items and Pricing,物料和定价
Items cannot be updated as Subcontracting Inward Order(s) exist against this Subcontracted Sales Order.,因存在针对此外包销售订单的受托加工单，物料无法更新。
Items cannot be updated as Subcontracting Order is created against the Purchase Order {0}.,因已针对采购订单{0}创建外协订单，物料不可更新
Items not found.,未找到物料。
Items to Be Repost,待重过账物料
Items {0} do not exist in the Item master.,物料主数据中不存在{0}
Itemwise Recommended Reorder Level,建议的物料重订货点
Job Card Analysis,作业卡分析
Job Card On Hold,生产任务单被保留
Job Card Secondary Item,生产任务单辅助物料
Job Card {0} has been completed,作业卡{0}已完成
Job Paused,作业已暂停
Job Worker Currency,工作工人货币
Job: {0} has been triggered for processing failed transactions,作业：{0}已触发处理失败事务
Joining,入职
Joule,焦耳
Joule/Meter,焦耳/米
Journal Entry for Asset scrapping cannot be cancelled. Please restore the Asset.,资产报废的日记账分录不可取消，请恢复资产
Journal Entry type should be set as Depreciation Entry for asset depreciation,资产折旧的日记账类型应设为折旧分录
Journal Template Accounts,日记账模板账户
Journal entries have been created,已创建日记账分录
Kelvin,开尔文
Kiloampere,千安培
Kilocalorie,千卡
Kilocoulomb,千库仑
Kilogram-Force,千克力
Kilogram/Cubic Centimeter,千克/立方厘米
Kilogram/Cubic Meter,千克/立方米
Kilogram/Litre,千克/升
Kilohertz,千赫兹
Kilojoule,千焦耳
Kilometer,千米
Kilometer/Hour,千米/小时
Kilopascal,千帕
Kilopond,千磅力
Kilopound-Force,千磅力
Kilowatt,千瓦
Kilowatt-Hour,千瓦时
Kindly select the company first,请先选择公司
Kip,千磅
Knot,节
Landed Cost,到岸成本
Landed Cost Help,到岸成本帮助
Landed Cost Id,到岸成本ID
Landed Cost Report,到岸成本报告
Landed Cost Taxes and Charges,到岸成本税费
Landed Cost Vendor Invoice,到岸成本供应商发票
Landed Cost Voucher,到岸成本凭证
Large,大
Last Communication,最后沟通
Last Communication Date,最后通讯日期
Last Completion Date,最后完成日期
Last Fiscal Year,上一财政年度
Last GL Entry update was done {}. This operation is not allowed while system is actively being used. Please wait for 5 minutes before retrying.,总账分录最后更新于{}。系统使用期间不允许此操作，请5分钟后重试
Last Month Downtime Analysis,上月停机分析
Last Order Amount,最后订单金额
Last Scanned Warehouse,最后已扫仓库代码
Last Stock Transaction for item {0} under warehouse {1} was on {2}.,物料{0}在仓库{1}的最后库存交易发生于{2}
Last Synced Transaction,上次同步交易
Last transacted,最后交易时间
Latest,最新
Latitude,纬度
Lead -> Prospect,线索->潜在客户
Lead Name,线索姓名
Lead Owner,线索负责人
Lead Owner Efficiency,线索负责人效率
Lead Owner cannot be same as the Lead Email Address,线索负责人不能与线索邮箱地址相同
Lead Source,线索来源
Lead Time (Days),前置时间（天）
Lead Time (in mins),前置时间（分钟）
Lead Time in days,交期（天）
Lead Type,线索类型
Lead {0} has been added to prospect {1}.,线索{0}已添加至潜在客户{1}
"Leads help you get business, add all your contacts and more as your leads",信息帮助你的业务，你所有的联系人和更添加为您的线索
"Learn about <a href=""https://docs.frappe.io/erpnext/user/manual/en/common_party_accounting"" rel=""noopener noreferrer"">Common Party</a>","了解 <a href=""https://docs.frappe.io/erpnext/user/manual/en/common_party_accounting"" rel=""noopener noreferrer"">合并记账功能</a>"
Leave Encashed?,假期已折现？
"Leave blank for home.
This is relative to site URL, for example ""about"" will redirect to ""https://yoursitename.com/about""","主页留空。
这是相对于网站 URL 而言的，例如 ""about ""将重定向到 ""https://yoursitename.com/about"""
Leave blank to use the password already saved for this bank account (if any). It is stored encrypted and reused for future statements.,留空可使用已为此银行账户保存的密码（如果有）。它被加密存储并重复用于将来的语句。
Ledger Health,账本健康状态
Ledger Health Monitor,账本健康监控器
Ledger Health Monitor Company,账本健康监控公司
Ledger Type,账本类型
Ledgers Posted,分类帐已发布
Left Child,左子节点
Left Index,左索引
Legacy Fields,旧系统字段
Legal Entity / Subsidiary with a separate Chart of Accounts belonging to the Organization.,属于本机构的，带独立科目表的法人/附属机构。
Legal Expenses,法律费用
Legend,图例
Letter or Email Body Text,信件或邮件正文
Letter or Email Closing Text,信件或邮件结尾
Liabilities,负债
Liability,负债
License Details,许可证信息
License Number,许可证号
Limited to 12 characters,限12个字符
Link Options,链接选项
Link existing Quality Procedure.,链接现有的质量程序。
Link to Material Requests,链接到物料申请集
Link with Customer,关联客户
Link with Supplier,关联供应商
Linked Location,链接位置
Linked with submitted documents,与已提交单据关联
Linking to Customer Failed. Please try again.,客户关联失败，请重试
Liquidity Ratios,流动性比率
Litre-Atmosphere,升-大气压
Load All Criteria,加载所有标准
Loading Invoices! Please Wait...,正在加载发票，请稍候...
Loans (Liabilities),借款（负债）
Local,当地
Location Name,地点名称
Locked,已锁定
Log Entries,日志条目
Longitude,经度
Lost Quotations,丢失报价单集
Lost Quotations %,丢失报价率%
Lost Reasons are required in case opportunity is Lost.,商机丢失时必须填写原因
Lost Value,损失金额
Lost Value %,损失金额占比%
Lower Deduction Certificate,低税率扣除证明
Loyalty scheme this customer earns points under. Auto-assigned if a matching program exists.,该客户根据忠诚度计划赚取积分。如果存在匹配的程序则自动分配。
MPS,主生产计划
MPS Generated,主生产计划已生成
MRP Log documents are being created in the background.,MRP日志文档正在后台创建。
MT940 file detected. Please enable 'Import MT940 Format' to proceed.,检测到MT940文件。请启用'导入MT940格式'以继续操作。
Machine Type,设备类型
Machine malfunction,机器故障
Main,主
Main Cost Center,主成本中心
Main Cost Center {0} cannot be entered in the child table,主成本中心{0}不能输入子表
Maintain same rate throughout internal Transaction,内部交易须两边价格一致
Maintain same rate throughout the purchase  cycle,在整个采购循环(流程)使用相同价格
Maintenance Details,维护详情
Maintenance Schedule Item,维护计划物料
Major/Optional Subjects,主修/选修科目
Make Asset Movement,创建资产转移
Make Difference Entry,创建差异分录
Make Purchase / Work Order,创建采购/工作订单
Make Return Entry,创建退货分录
Make Subcontracting PO,创建外协采购订单
Make Transfer Entry,创建转移分录
Make a call,发起呼叫
Manage cost of operations,管理成本
Manage your orders,管理您的订单
Management,管理人员
Manager,经理
Managing Director,总经理
Mandatory Accounting Dimension,必填会计维度
Mandatory Depends On (Backend),强制取决于（后端）
Mandatory Field,必填字段
Mandatory Missing,缺少必填项
Mandatory Purchase Order,必填采购订单
Mandatory Purchase Receipt,必填采购收货单
Manufacturer,制造商
Manufacturer Part Number <b>{0}</b> is invalid,制造商零件编号<b>{0}</b>无效
Manufacturing,生产
Manufacturing BOM,制造物料清单
Manufacturing Date,生产日期
Manufacturing Manager,生产经理
Manufacturing Time,制造时间
Manufacturing Type,生产类型
Manufacturing User,生产用户
Mapping Subcontracting Inward Order ...,正在映射受托加工单...
Mapping Subcontracting Order ...,正在映射外协订单...
Mapping {0} ...,正在映射{0}...
Maps To,地图至
Margin Money,保证金
Margin View,边际视图
Marital Status,婚姻状况
Mark As Closed,标记为已关闭
Mark if this customer represents an internal company. Enables inter-company transactions.,标记该客户是否代表内部公司。启用公司间交易。
Marketing,市场营销
Marketing Expenses,市场营销费用
Marketing Specialist,市场专员
Married,已婚
Master Production Schedule,主生产计划
Master Production Schedule Item,主生产计划项
Masters,主数据
Match,比赛
Match and Reconcile,匹配与对账
Match or Create,匹配或创建
Match transfers within 'N' days,匹配”N”天内的调拨
Matched,匹配的
Matched Transaction Rule,撮合交易规则
Matched by rule,按规则匹配
Matching Rules,匹配规则
Material Request already created for the ordered quantity,已为订购数量创建物料请求
Material Requests Required,需要物料申请
Material Requirements Planning,物料需求计划
Material Requirements Planning Report,物料需求计划报告
Material from Customer,客供料
Materials are already received against the {0} {1},已根据{0}{1}接收物料
Max Amount,最大金额
Max Discount (%),最大折扣(%)
Max Producible Qty,最大可生产数量
Max Qty,最大数量
Max Sample Quantity,最大样品量
Max Score,最高分数
Max discount allowed for item: {0} is {1}%,物料{0}的最大折扣为 {1}%
Max: {0},最大值：{0}
Maximum Amount,最高金额
Maximum Payment Amount,最大付款金额
Maximum Producible Items,最大可生产数量
Maximum Value,最大值
Maximum discount for Item {0} is {1}%,第{0}项的最大折扣为{1}％
Maximum quantity scanned for item {0}.,已扫描物料{0}的最大数量
Megacoulomb,兆库仑
Megagram/Litre,兆克/升
Megahertz,兆赫
Megajoule,兆焦耳
Megawatt,兆瓦
Merge,合并
Merge Invoices Based On,合并发票依据
Merge Progress,合并进度
Merge similar Account Heads,合并科目
Merge taxes from multiple documents,合并多单据的税款
Merged,已合并
"Merging is only possible if following properties are same in both records. Is Group, Root Type, Company and Account Currency",合并要求两条记录的以下属性相同：是否组、根类型、公司和账户货币
Merging {0} of {1},正在合并{1}的{0}
Message to show,信息显示
Messaging CRM Campaign,消息传递 CRM 活动
Meter Of Water,水柱米
Meter/Second,米/秒
Method {0} is not allowed to be run on a Job Card.,不允许在生产任务单上运行方法 {0}。
Microbar,微巴
Microgram,微克
Microgram/Litre,微克/升
Micrometer,微米
Microsecond,微秒
Middle Income,中等收入
Mile,英里
Mile (Nautical),海里
Mile/Hour,英里/小时
Mile/Minute,英里/分钟
Mile/Second,英里/秒
Milibar,毫巴
Milliampere,毫安
Millicoulomb,毫库仑
Milligram,毫克
Milligram/Cubic Centimeter,毫克/立方厘米
Milligram/Cubic Meter,毫克/立方米
Milligram/Cubic Millimeter,毫克/立方毫米
Milligram/Litre,毫克/升
Millihertz,毫赫
Millilitre,毫升
Millimeter,毫米
Millimeter Of Mercury,毫米汞柱
Millimeter Of Water,毫米水柱
Millisecond,毫秒
Min Order Qty,最小订货量
Min Qty,最小数量
Min Qty can not be greater than Max Qty,最小数量不能大于最大数量
Min Qty should be greater than Recurse Over Qty,最小数量应大于递归数量
"Min Value: {0}, Max Value: {1}, in Increments of: {2}",最小值：{0}，最大值：{1}，增量为：{2}
Min amount cannot be greater than max amount.,最小金额不能大于最大金额。
Minimum Amount,最低金额
Minimum Order Qty,最小起订量
Minimum Order Quantity,最小起订量
Minimum Payment Amount,最小付款金额
Minimum Qty,最小数量
Minimum Value,最小值
"Minimum quantity should be as per Stock UOM

",最小数量应符合库存计量单位。
Minute,分钟
Miscellaneous,杂项
Miscellaneous Expenses,杂项费用
Mismatch,不匹配
Missing,缺失
Missing Account,缺少账户
Missing Asset,缺少资产
Missing Cost Center,缺少成本中心
Missing Default in Company,公司缺少默认值
Missing Dependency,缺少依赖项
Missing Filters,缺少筛选条件
Missing Finance Book,缺少财务账簿
Missing Item,缺少物料
Missing Parameter,缺少参数
Missing Payments App,缺少支付应用
Missing Required Filter,缺少所需的过滤器
Missing Serial No Bundle,缺少序列号包
Missing Warehouse,失踪仓库
Missing required filter: {0},缺少所需的过滤器：{0}
Missing value,缺失值
Mixed Conditions,混合条件
Mode Of Payment,付款方式
Mode of Payment,付款方式
Mode of Payment Account,付款方式默认科目
Mode of Payments,付款方式
Modes of Payment,付款方式
Modified On,修改日期
Monitor for Last 'X' days,监控最近'X'天
Monitoring Frequency,监测频率
Monthly Rate,月费率
Monthly Sales Target,每月销售目标
More/Less than 12 months.,超过/不足12个月
Most Customers have a unique Tax ID that is fetched into selling transactions. Enable this setting if you do not want Customer Tax IDs to appear in sales transactions.,大多数客户都有一个唯一的税号，该税号会提取到销售交易中。如果您不希望客户税号出现在销售交易中，请启用此设置。
Motion Picture & Video,影视业
Move Item,移动物料
Move Stock,库存调拨
Move to Cart,加入购物车
Moving Average,移动平均
Moving up in tree ...,在树状结构中上移...
Multiple Accounts,多个账户
Multiple Accounts (Journal Template),多个账户（日记账模板）
Multiple POS Opening Entry,多个POS期初凭证
Multiple company fields available: {0}. Please select manually.,多个可用公司字段：{0}。请手动选择。
Music,音乐
Must be Whole Number,必须是整数
Must be a publicly accessible Google Sheets URL and adding Bank Account column is necessary for importing via Google Sheets,必须是可公开访问的Google表格URL，且需添加银行账户列以便通过Google表格导入
Mute Email,静音电子邮件
Name of Beneficiary,受益人姓名
Name of new Account. Note: Please don't create accounts for Customers and Suppliers,新科目的名称。注：请不要创建科目的客户和供应商
Named Place,已命名地点
Naming Series is mandatory,命名规则为必填项
Naming Series options,命名系列选项
Naming series '{0}' for DocType '{1}' does not contain standard '.' or '{{' separator. Using fallback extraction.,DocType“{1}”的命名系列“{0}”不包含标准“.”或“{{”分隔符。使用后备提取。
Nanocoulomb,纳库仑
Nanogram/Litre,纳克/升
Nanohertz,纳赫兹
Nanometer,纳米
Nanosecond,纳秒
Natural Gas,天然气
Needs Analysis,需求分析
Negative Batch Report,批号负库存报表
Negative Stock,负库存
Negative Stock Error,负库存错误
Net Amount,净额
Net Change in Cash,现金净变动
Net Change in Fixed Asset,固定资产净变动
Net Change in Inventory,库存净变动
Net Profit,净利
Net Purchase Amount is mandatory,净采购金额为必填项
Net Purchase Amount should be <b>equal</b> to purchase amount of one single Asset.,净采购金额应<b>等于</b>单项资产的采购金额。
Net Purchase Amount {0} cannot be depreciated over {1} cycles.,净采购金额{0}不可在{1}个周期内完成折旧。
Net Weight,净重
Net total calculation precision loss,净总计计算精度损失
New Asset Value,新资产价值
New Assets (This Year),新增资产（本年度）
New Balance In Base Currency,本币新余额
New Batch ID (Optional),新批号（可选）
New Customer Revenue,新客户收入
New Customers,新客户
New Employee,新员工
New Exchange Rate,新汇率
New Expenses,新的费用
New Fiscal Year - {0},新财政年度 - {0}
New Income,新的收入
New Invoice,新发票
New Journal Entry will be posted for the difference amount. The Posting Date can be modified.,新的日记账分录将针对差额金额进行过账。记账日期可以修改。
New Lead (Last 1 Month),新线索（上个月）
New Opportunity (Last 1 Month),新商机（上个月)
New Quality Procedure,新的质量程序
New Quotations,新报价
New Rule,新规则
New Version,新版本
New Warehouse Name,新仓库名称
New Workplace,新工作地点
New invoices will be generated as per schedule even if current invoices are unpaid or past due date,即使当前发票未付或过期，仍将按计划生成新发票
New revised budget created successfully,新修订预算已成功创建
New task,新任务
Newspaper Publishers,报纸出版商
Newton,牛顿
Next Due Date,下一个到期日
Next email will be sent on:,下次邮件发送时间：
No <strong>Account Data</strong> row found,找不到 <strong> 账户数据 </strong> 行
No Answer,未答复
No Customer found for Inter Company Transactions which represents company {0},未找到代表公司{0}的关联公司交易客户
No DocTypes in To Delete list. Please generate or import the list before submitting.,要删除列表中没有单据类型。请在提交前生成或导入列表。
No Impact on Accounting Ledger,不影响会计分类账
No Item with Barcode {0},没有条码为{0}的物料
No Items selected for transfer.,未选择待转移物料
No Items with Bill of Materials to Manufacture or all items already manufactured,没有要制造的物料清单的物料或所有已制造的物料
No Match,没有匹配
No Notes,无备注
No POS Profile found. Please create a New POS Profile first,未找到POS配置，请先创建新POS配置
No Permission,无此权限
No Purchase Orders were created,未创建采购订单
No Selection,无选择项
No Serial / Batches are available for return,无可用退换货的序列号/批次
No Stock Available Currently,当前无可用库存
No Summary,无摘要
No Supplier found for Inter Company Transactions which represents company {0},未找到代表公司{0}的关联公司交易供应商
No Tables Detected,未检测到表
No Tax Withholding data found for the current posting date.,当前过账日期未找到代扣税数据
No Tax withholding account set for Company {0} in Tax Withholding Category {1}.,未在预扣税类别 {1} 中为公司 {0} 设置预扣税科目。
No Terms,无条款
No accounts configured,没有配置账户
No accounts found.,未找到账户。
No active BOM found for item {0}. Delivery by Serial No cannot be ensured,未找到物料{0}的有效物料清单，无法保证按序列号交货
No active item prices found.,未找到有效物料价格。
No additional fields available,无额外字段可用
No available quantity to reserve for item {0} in warehouse {1},仓库{1}中物料{0}无可用数量可预留
No bank accounts found,未找到银行账户
No bank statements imported yet,尚未导入银行对账单
No bank transactions found,未找到银行交易
No company found.,没有找到公司。
No contacts with email IDs found.,找不到与电子邮件ID的联系人。
No data found. Seems like you uploaded a blank file,未找到数据，可能上传了空白文件
No description given,未提供描述
No difference found for stock account {0},未发现库存科目{0}存在差异
No email found for {0} {1},找不到 {0} {1} 的电子邮件
No employee was scheduled for call popup,未安排员工进行来电弹窗
No entries found,没有找到条目
No entries with a payment document in this list.,此列表中没有包含付款凭证的条目。
No file uploaded or URL provided.,未上传文件或提供 URL。
No invoice linked,没有链接发票
No item available for transfer.,无可用转移物料
No items found. Scan barcode again.,未找到物料，请重新扫描条码
No more children on Left,左侧无更多子节点
No more children on Right,右侧无更多子节点
No of Deliveries,交货次数
No of Docs,单据数量
No of Items to Repost,要重新过账的物料数量
No of Parallel Reposting (Per Item),并行转发数量（每件）
No of Shares,股份数目
No of Shift,班次数
No of Units Produced,产出单位数
No of Workstations,工作站数
No open Material Requests found for the given criteria.,未找到符合指定条件的未结物料申请。
No open POS Opening Entry found for POS Profile {0}.,未找到POS配置{0}对应的未清POS期初凭证。
No outstanding invoices found,没有找到未完成的发票
No page image is available for this page.,该页面没有可用的页面图像。
No products found.,找不到产品。
No recent transactions found,未找到近期交易
No recipients found for campaign {0},找不到广告活动“{0}”的收件人
No reconciliation actions found,未找到对账操作
No record found,未找到记录
No records found in Allocation table,分配表中无记录
No records found in the Invoices table,发票表中无记录
No records found in the Payments table,付款表中无记录
No reserved stock to unreserve.,无预留库存可取消预留
No results found.,未找到匹配结果.
No rows to display.,没有可显示的行。
No rows with zero document count found,未找到单据计数为零的行
No rules setup yet,尚未设置规则
No stock available for this batch.,该批次无库存。
No stock ledger entries were created. Please set the quantity or valuation rate for the items properly and try again.,未生成库存分类账条目。请正确设置物料数量或计价率后重试。
No tables were extracted from this PDF.,没有从此 PDF 中提取任何表格。
No transaction selected,未选择交易
No transactions found for the given filters.,未找到给定过滤器的交易。
No unreconciled transactions found,未发现未对账的交易
No vouchers found for this transaction,未找到此交易的凭证
No. of parallel job cards which can be allowed on this workstation. Example: 2 would mean this workstation can process production for two Work Orders at a time.,本工作站允许的并行作业卡数量。例如：2表示该工作站可同时处理两个工单的生产
Non Depreciable Category,非折旧类目
Non stock items,非库存物料
Non-Current Liabilities,非流动负债
Non-Zeros,非零值
Non-phantom BOM cannot be created for non-stock item {0}.,无法为非库存物料 {0} 创建非虚拟 BOM。
Normal Balances,正常余额
Not Applicable,不适用
Not Available,不可用
Not Billed,未开票
Not Cleared,未清除
Not Initiated,未启动
Not Reconciled,不甘心
Not Requested,未请求
Not able to find the earliest Fiscal Year for the given company.,无法找到指定公司的最早会计年度。
Not allowed to create accounting dimension for {0},不允许为{0}创建会计维度
Not authorized since {0} exceeds limits,由于{0}超出限额，未获授权
Not authorized to edit frozen Account {0},无权修改冻结科目{0}
Not permitted to make Purchase Orders,无权创建采购订单
Note: Automatic log deletion only applies to logs of type <i>Update Cost</i>,注：自动日志删除仅适用于<i>更新成本</i>类型的日志
Note: Due Date exceeds allowed {0} credit days by {1} day(s),注意：到期日超过允许的{0}天信用期{1}天。
Note: Email will not be sent to disabled users,注意：邮件不会发送给已禁用用户
"Note: If you want to use the finished good {0} as a raw material, then enable the 'Do Not Explode' checkbox in the Items table against the same raw material.",注意：若需将产成品{0}作为原材料使用，请在物料表中对应的原材料行启用“不展开”复选框。
"Note: To merge the items, create a separate Stock Reconciliation for the old item {0}",注：要合并物料，请为旧物料{0}创建单独的库存对账
Notes HTML,备注HTML
Notes: ,备注：
Nothing more to show.,没有更多内容。
Notice (days),通告（天）
Notify Customers via Email,通过电子邮件通知客户
Notify Employee,通知员工
Notify Other,通知其他
Notify Supplier,通知供应商
Notify Via Email,通过邮件通知
Notify by email on creation of automatic Material Request,自动创建物料需求后发送邮件通知
Notify customer and agent via email on the day of the appointment.,在预约日通过邮件通知客户和代理人
Number of Concurrent Appointments,并发预约数
Number of Transactions,交易数量
Number of Weeks / Months,周数/月数
Number of days appointments can be booked in advance,可提前预约的天数
Number of days to consider for matching transfers across bank accounts,跨银行账户匹配转账需要考虑的天数
Number of days to match transfers,匹配转账的天数
Numbers this customer uses to identify your company in their own system.,该客户用来在自己的系统中识别您的公司的号码。
Numeric Values,数字值
Numero has not set in the XML file,XML文件中未设置编号
O+,O +
O-,O-
Objective,目的
Objectives,目标
Offer Date,录用日期
Office Equipment,办公设备
Office Maintenance Expenses,办公维护费用
Office Rent,办公室租金
Offsetting Account,抵销科目
Offsetting for Accounting Dimension,会计维度抵销
Old Parent,旧上级
On Hand,现有库存
On Hold Since,挂起时间
On Net Total,基于净总计
On Paid Amount,基于已付金额
On Previous Row Amount,基于前一行的金额
On Previous Row Total,基于前一行的总计
"On expanding a row in the Items to Manufacture table, you'll see an option to 'Include Exploded Items'. Ticking this includes raw materials of the sub-assembly items in the production process.",展开待生产物料表格行时，将显示'包含展开项'选项。勾选后将在生产过程中包含子装配件的原材料
"On save, the Excluded Fee will be converted to an Included Fee.",保存后，排除费用将转换为包含费用。
Onboarding for Stock!,库存入职！
Ongoing Job Cards,进行中的作业卡
Online Auctions,网上拍卖
Only CSV and Excel files can be used to for importing data. Please check the file format you are trying to upload,仅支持CSV和Excel文件格式导入数据，请检查上传文件格式
Only CSV files are allowed,仅允许 CSV 文件
Only Deduct Tax On Excess Amount ,仅对超额部分扣税
Only Parent can be of type {0},只有上级可以是{0}类型
Only Value available for Payment Entry,仅限付款凭证可用值
Only existing assets,仅现有资产
Only if the PDF is password protected,仅当 PDF 受密码保护时
Only one of Deposit or Withdrawal should be non-zero when applying an Excluded Fee.,应用排除费用时，存款或取款中只有一项应为非零。
Only one operation can have 'Is Final Finished Good' checked when 'Track Semi Finished Goods' is enabled.,当启用“跟踪半成品”时，只有一项工序可以检查“是否为最终成品”。
Only one {0} entry can be created against the Work Order {1},每个工单{1}仅能创建一个{0}条目
Only show Customer of these Customer Groups,仅显示这些客户组的客户
Only to be used for Subcontracting Inward.,仅用于受托加工
"Only works for Purchase Receipt, Purchase Invoice and Stock Entry",仅适用于采购入库、采购发票和库存移动
Only {0} are supported,仅支持{0}
Open Activities HTML,打开活动HTML
Open Call Log,打开通话记录
Open Contact,打开联系人
Open Event,打开事件
Open Form View,打开表单视图
Open Issues ,打开问题
Open Item {0},打开物料{0}
Open Projects ,打开项目
Open Task,打开任务
Open To Do ,打开待办
Open Work Order {0},打开工单{0}
Open the settings dialog,打开设置对话框
Open {0} in a new tab,在新标签页中打开 {0}
Opening (Cr),期初（贷方 ）
Opening (Dr),期初（借方）
Opening Balance,期初余额
"Opening Balance = Start of period, Closing Balance = End of period, Period Movement = Net change during period",期初余额 = 期初余额，期末余额 = 期末，期间变动 = 期间净变化
Opening Balances,期初余额
Opening Date,问题提交日期
Opening Invoice Creation In Progress,期初发票创建中
"Opening Invoice has rounding adjustment of {0}.<br><br> '{1}' account is required to post these values. Please set it in Company: {2}.<br><br> Or, '{3}' can be enabled to not post any rounding adjustment.",期初发票存在{0}的舍入调整。<br><br>需设置'{1}'科目以过账这些值，请在公司{2}中设置。<br><br>或启用'{3}'以不过账任何舍入调整
Opening Purchase Invoice(s) have been created.,期初采购发票已创建。
Opening Qty,期初数量
Opening Sales Invoice(s) have been created.,期初销售发票已创建。
Opening Stock,期初库存
Opening Stock entry created with zero valuation rate: {0},以零估值率创建的期初存货分录条目: {0}
Opening Stock entry created: {0},期初库存条目已创建： {0}
Opening Value,期初金额
Operating Component,工费成本构成
Operating Components Cost,工费成本
Operating Cost as per Work Order / BOM,按工单/物料清单计算的运营成本
Operating Costs (Per Hour),工费成本（每小时）
Operation & Materials,工序与物料
Operation Cost,工序成本
Operation Row ID,工序行ID
Operation Row Id,工序行ID
Operation Row Number,工序行号
Operation {0} added multiple times in the work order {1},工单{1}中工序{0}被多次添加
Operation {0} does not belong to the work order {1},工序{0}不属于工单{1}
Operations Routing,工序路线
Operator,操作员
Opportunities by Campaign,按活动统计的商机
Opportunities by Medium,按媒介统计的商机
Opportunities by Source,按来源统计的商机
Opportunity Lost Reason Detail,商机丢失原因详情
Opportunity Owner,商机负责人
Opportunity Source,商机来源
Opportunity Summary by Sales Stage ,按销售阶段汇总商机
Opportunity Value,商机价值
Opportunity {0} created,商机 {0} 已创建
Optimize Route,优化路线
Optional. Select a specific manufacture entry to reverse.,可选。选择要冲销的特定制造商条目。
"Optional. Sets company's default currency, if not specified.",可选。设置公司的默认货币，如果没有指定。
Optional. This setting will be used to filter in various transactions.,可选。此设置将被应用于各种交易进行过滤。
Optional. Used with Financial Report Template,可选。与财务报表模板一起使用
Order Amount,订单金额
Order By,排序方式
Order Confirmation Date,订单确认日期
Order Confirmation No,订单确认号
Order Date,订单日期
Order Information,订单信息
Order No,订单编号
Order Status,订单状态
Order Summary,订单汇总
Order Type,订单类型
Order Value,订单价值
Order/Quot %,订单/报价％
Ordered,已下单
Orders,订单
Organization,组织
Original Item,原物料
Other Reports,其他报表
Other Settings,其他设置
Ounce,盎司
Ounce-Force,盎司力
Ounce/Cubic Foot,盎司/立方英尺
Ounce/Cubic Inch,盎司/立方英寸
Ounce/Gallon (UK),盎司/加仑（英制）
Ounce/Gallon (US),盎司/加仑（美制）
Out Qty,发出数量
Out of Order,乱序
Out of Stock,缺货
Out of Warranty,超出保修期
Out of stock,缺货
Outdated POS Opening Entry,过期的POS期初凭证
Outstanding,未付
Outstanding (Company Currency),未清金额（公司货币）
Outstanding Amount,未付金额
Outstanding Amt,未付金额
Outstanding Checks and Deposits to clear,未结清的支票和存款
Outstanding for {0} cannot be less than zero ({1}),未付{0}不能小于零（ {1} ）
Over Billing Allowance exceeded for Purchase Receipt Item {0} ({1}) by {2}%,采购收据物料{0}（{1}）超账单容差达{2}%。
Over Picking Allowance (%),超量拣货容差 (%)
Over Receipt,超收
Over Receipt/Delivery of {0} {1} ignored for item {2} because you have {3} role.,因您具有{3}角色，物料{2}的{0} {1}超收/交付已被忽略
Over Withheld,过度扣留
Overbilling of {0} {1} ignored for item {2} because you have {3} role.,因您具有{3}角色，物料{2}的{0} {1}超计费已被忽略
Overdue Tasks,逾期任务
Overlap in scoring between {0} and {1},{0}和{1}之间的得分重叠
Overlapping conditions found between:,之间存在重叠的条件：
Override the default payable / advance accounts on a per-company basis. Leave blank to use each company's defaults from Company settings.,覆盖每个公司的默认应付/预付款科目。留空以使用公司设置中每个公司的默认值。
Ownership,所有权
P&L Closing Balance,损益期末余额
PAN No,永久账户号码
PCV,聚氯乙烯
PCV Job Timeout (seconds),PCV 作业超时（秒）
PCV Paused,PCV 已暂停
PCV Resumed,PCV 恢复
PDF Password,PDF密码
PDF Tables,PDF表格
PDF statement support requires the 'pdfplumber' library to be installed.,PDF 对账单支持需要安装“pdfplumber”库。
PO Supplied Item,采购订单供应项
POS Additional Fields,POS附加字段
POS Closed,POS已关闭
POS Closing Entry Detail,销售点结算分录明细
POS Closing Entry Taxes,销售点结算分录税费
POS Closing Failed,销售点结算失败
POS Closing failed while running in a background process. You can resolve the {0} and retry the process again.,后台进程运行期间销售点结算失败。请解决{0}后重试
POS Configurations,POS 配置
POS Invoice,POS发票
POS Invoice Item,销售点发票项
POS Invoice Merge Log,销售点发票合并日志
POS Invoice Reference,销售点发票参考
POS Invoice is already consolidated,销售点发票已合并
POS Invoice is not submitted,销售点发票未提交
POS Invoice isn't created by user {},销售点发票非用户{}创建
POS Invoice should have the field {0} checked.,销售点发票应勾选字段{0}
POS Invoices,销售点发票
POS Invoices can't be added when Sales Invoice is enabled,启用销售发票功能后不可添加POS发票。
POS Invoices will be consolidated in a background process,销售点发票将在后台进程合并
POS Invoices will be unconsolidated in a background process,销售点发票将在后台进程解除合并
POS Item Details,POS 物料详细信息
POS Item Selector,POS 物料选择器
POS Opening Entry - {0} is outdated. Please close the POS and create a new POS Opening Entry.,POS期初凭证 - {0}已过期。请关闭POS并创建新的POS期初凭证
POS Opening Entry Cancellation Error,POS期初凭证取消错误
POS Opening Entry Cancelled,POS期初凭证已取消
POS Opening Entry Detail,销售点期初分录明细
POS Opening Entry Exists,POS期初凭证已存在
POS Opening Entry Missing,POS期初凭证缺失
POS Opening Entry cannot be cancelled as unconsolidated Invoices exists.,因存在未合并发票，无法取消POS期初凭证
POS Opening Entry has been cancelled. Please refresh the page.,POS期初凭证已取消，请刷新页面
POS Payment Method,销售点付款方式
POS Profile - {0} has multiple open POS Opening Entries. Please close or cancel the existing entries before proceeding.,POS配置 - {0}存在多个未结POS期初凭证。请先关闭或取消现有凭证再继续操作
POS Profile - {0} is currently open. Please close the POS or cancel the existing POS Opening Entry before cancelling this POS Closing Entry.,POS配置 - {0}当前处于开启状态。请先关闭POS或取消现有POS期初凭证，再取消本POS结账凭证
POS Profile User,POS配置文件用户
POS Profile doesn't match {},销售点配置不匹配{}
POS Profile is mandatory to mark this invoice as POS Transaction.,需配置POS参数文件才可将本发票标记为POS交易。
POS Profile required to make POS Entry,需销售点配置以创建销售点分录
POS Profile {0} cannot be disabled as there are ongoing POS sessions.,由于 POS 会话正在进行，因此无法禁用 POS 配置文件 {0}。
POS Profile {} contains Mode of Payment {}. Please remove them to disable this mode.,销售点配置{}包含付款方式{}。请移除以禁用该方式
POS Profile {} does not belong to company {},POS设置 {} 不属于 {}
POS Profile {} does not exist.,POS设置 {} 不存在。
POS Profile {} is disabled.,POS设置 {} 已禁用。
POS Register,销售点登记簿
POS Transactions,销售点交易
POS has been closed at {0}. Please refresh the page.,POS已于{0}关闭，请刷新页面。
POS invoice {0} created successfully,销售点发票{0}创建成功
PSOA Cost Center,PSOA成本中心
PSOA Project,PSOA项目
PZN,药品中央编号
Package No(s) already in use. Try from Package No {0},包裹号已被使用。请从包裹号{0}开始尝试
Package Weight Details,包装重量信息
Packing List,包装清单
Packing Slip,装箱单
Packing Slip Item,装箱单项
Packing Slip(s) cancelled,装箱单（ S）取消
Page preview,页面预览
Paid,已付款
Paid From,付款自
Paid From (GL Account),付款自（GL 账户）
Paid To,付款至
Paid To (GL Account),付款至（GL 账户）
Paid to,支付给
Pallets,托盘
Parameter Group,参数组
Parameter Group Name,参数组名称
Parameter Name,参数名称
Parameters,参数
Parcel Template,包裹模板
Parcel Template Name,包裹模板名称
Parcel weight cannot be 0,包裹重量不可为0
Parcels,包裹
Parent Account Missing,上级科目缺失
Parent Company,母公司
Parent Company must be a group company,母公司必须是集团公司
Parent Department,上级部门
Parent Document,上级单据
Parent Item {0} must not be a Fixed Asset,上级物料{0}不能为固定资产
Parent Procedure,父程序
Parent Row No,上级行号
Parent Row No not found for {0},未找到{0}的上级行号
Parent Task {0} is not a Template Task,上级任务{0}非模板任务
Parent Task {0} must be a Group Task,父任务 {0} 必须是组任务
Parsed file is not in valid MT940 format or contains no transactions.,解析的文件不是有效的MT940格式或不包含任何交易记录
Parsing Error,解析错误
Partial Match,部分匹配
Partial Payment in POS Transactions are not allowed.,POS交易不支持部分付款。
Partially Billed,部分计费
Partially Completed,部分完成
Partially Paid,部分支付
Partially Reconciled,部分对账
Partially Transferred,部分转让
Partially Used,部分使用
Partly Billed,部分开票
Partner Type,合作伙伴类型
Partner website,合作伙伴网站
Partnership,合伙企业
Parts Per Million,百万分率
Party,往来单位
Party Account,往来单位科目
Party Account No.,往来单位账号
Party Full Name,交易方全称
Party IBAN,往来单位 IBAN
Party ID,往来单位 ID
Party Item Code,交易方物料编码
Party Mismatch,交易方不匹配
Party Name,往来单位名称
Party Name/Account Holder,往来单位姓名/账户持有人
Party Not Required,无需交易方
Party Type and Party can only be set for Receivable / Payable account<br><br>{0},交易方类型和交易方仅可设置应收/应付账户<br><br>{0}
Party Type and Party is mandatory for {0} account,科目{0}业务伙伴类型及业务伙伴信息必填
Party Type and Party is required for Receivable / Payable account {0},应收/应付账户{0}必须设置交易方类型和交易方
Party User,往来单位用户
Party account is required to create a payment entry.,创建收付款单需要往来单位科目。
Party can only be one of {0},交易方只能是{0}之一
Party is mandatory,请输入往来单位
Party is required,需要参加往来单位
Party is required create a payment entry.,交易方需要创建付款凭证。
Party type is required to create a payment entry.,创建收付款单需要往来单位类型。
Pascal,帕斯卡
Passed,通过
Passport Number,护照号码
Password Required,需要密码
Password used to open password-protected PDF statements for this account. Stored encrypted.,用于打开此账户受密码保护的 PDF 报表的密码。加密存储。
Past Events,历史事件
Pause,暂停
Pause SLA On Status,按状态暂停服务协议
Paused,已暂停
Payable Account,应付科目
Payables,应付账款
Payer Settings,付款人设置
Payment,付款
Payment Amount,付款金额
Payment Channel,付款渠道
Payment Document,付款单据
Payment Due Date,付款到期日
Payment Entry Created,收付款单已创建
Payment Failed,支付失败
Payment From / To,支付自/至
Payment Gateway,支付网关
Payment Gateway Account,支付网关账户
"Payment Gateway Account not created, please create one manually.",支付网关科目没有创建，请手动创建一个。
Payment Gateway Details,支付网关信息
Payment Ledger Balance,付款分类账余额
Payment Limit,付款限额
Payment Method,付款方式
Payment Methods,付款方式
Payment Mode,付款方式
Payment Order,付款单
Payment Order Reference,付款订单参考
Payment Order Status,付款订单状态
Payment Order Type,付款订单类型
Payment Plan,付款计划
Payment Receipt Note,付款收据
Payment Received,已收付款
Payment Reconciliation Invoice,付款发票对账
Payment Reconciliation Job: {0} is running for this party. Can't reconcile now.,付款对账任务：{0}正在运行，无法对账
Payment Reconciliation Payment,付款方式付款对账
Payment Recorded,付款已记录
Payment Reference,付款凭据
Payment References,付款参考
Payment Request Outstanding,未结付款请求
Payment Request is already created,付款请求已创建
Payment Request took too long to respond. Please try requesting for payment again.,付款请求响应超时，请重试
Payment Requests cannot be created against: {0},无法针对以下类型创建付款请求：{0}
Payment Schedule based Payment Requests cannot be created because a Payment Entry already exists for this document.,无法创建基于付款计划的付款请求，因为该单据的收付款单已存在。
Payment Schedules,付款时间表
Payment Term Name,付款条款名称
Payment Term Outstanding,未结付款条款
Payment Terms,付款条件
Payment Terms Template,付款条款模板
Payment Terms:,付款条款：
Payment Type,付款类型
Payment URL,付款链接
Payment Unlink Error,付款解除关联错误
Payment against {0} {1} cannot be greater than Outstanding Amount {2},对{0} {1}的付款不能大于总未付金额{2}
Payment amount cannot be less than or equal to 0,付款金额不可小于等于0
Payment methods are mandatory. Please add at least one payment method.,必须设置付款方式，请至少添加一种
Payment methods refreshed. Please review before proceeding.,付款方式已刷新。请先查看再继续。
Payment of {0} received successfully.,成功接收{0}付款
Payment of {0} received successfully. Waiting for other requests to complete...,成功接收{0}付款，等待其他请求完成...
Payment related to {0} is not completed,与{0}相关的付款未完成
Payment request failed,付款请求失败
Payment term {0} not used in {1},付款条款{0}未在{1}中使用
Payments,付款
Payments could not be updated.,付款信息更新失败
Payments updated.,付款信息已更新
Payroll Entry,工资计算
Payroll Payable,应付职工薪资
Payslip,工资单
Peck (UK),配克（英制）
Peck (US),配克（美制）
Pegged Against,钉住对象
Pegged Currencies,钉住货币
Pegged Currency Details,钉住货币详情
Pending Quantity cannot be greater than {0},待处理数量不能大于 {0}
Pending Quantity cannot be less than 0,待处理数量不能小于0
Pending Review,待审核
Pending Work Order,待处理工单
Pending activities for today,今天待定活动
Pending quantity cannot be greater than the for quantity.,待处理数量不能大于指定数量。
Pending quantity cannot be negative.,待处理数量不能为负数。
Pension Funds,养老基金
Per Day,每日
"Per Day
Shift Time (In Hours) * No of Workstations * No of Shift",每日班次时间（小时）× 工作站数 × 班次数
Per Month,每月
Per Unit Time in Mins,单位时间（分钟）
Per Year,每年
Per-Company Accounts,每个公司的账户
"Per-table extraction data for PDF statements (rows, bbox, page image, column mapping). Edited via the banking app.",PDF 语句的每表提取数据（行、bbox、页面图像、列映射）。通过银行应用程序编辑。
Percentage (%),百分比（%）
Percentage Allocation should be equal to 100%,百分比分配应该等于100 ％
Period Based On,期间基于
Period Closing Voucher {0} GL Entry Cancellation Failed,期末凭证 {0} 总帐条目取消失败
Period Closing Voucher {0} GL Entry Processing Failed,期末凭证 {0} 总帐输入处理失败
Period Details,期间明细
Period End Date,期末结束日期
Period End Date cannot be greater than Fiscal Year End Date,期间结束日期不可超过财年结束日期
Period Movement (Debits - Credits),期间变动（借方 - 贷方）
Period Name,期间名称
Period Settings,期间设置
Period Start Date,期间开始日期
Period Start Date cannot be greater than Period End Date,期间开始日期不可超过结束日期
Period Start Date must be {0},期间开始日期必须为{0}
Period To Date,当期至今
Period_from_date,期间起始日期
Periodic Accounting,定期会计
Periodic Accounting Entry,定期会计分录入账
Periodic Accounting Entry is not allowed for company {0} with perpetual inventory enabled,启用永续盘存制的公司{0}不允许进行定期会计分录入账
Periodic Entry Difference Account,定期分录入账差异科目
Permanent Address,永久地址
Permission Denied,权限被拒绝
Perpetual inventory required for the company {0} to view this report.,查看此报表需公司{0}启用永续盘存
Personal Details,个人资料
Personal Email,个人电子邮件
Personalizing your setup,个性化您的设置
Petrol,汽油
Phantom BOM cannot be created for stock item {0}.,无法为库存物料 {0} 创建虚拟 BOM。
Phantom Item,虚拟项目
Phantom Item is mandatory,虚拟物料为必填项
Pharmaceutical,医药
Pharmaceuticals,制药
Phone Ext.,分机号
Phone No,电话号码
Pick Serial / Batch,拣配序列号/批次
Pickup,提货
Pickup Date,提货日期
Pickup Date cannot be before this day,提货日期不能早于当日
Pickup From,提货自
Pickup To time should be greater than Pickup From time,提货截止时间应晚于起始时间
Pickup Type,提货类型
Pickup to,提货截止时间
Pint (UK),品脱（英制）
Pint (US),品脱（美制）
"Pint, Dry (US)",干品脱（美制）
"Pint, Liquid (US)",液品脱（美制）
Pipeline By,管道分类
Place of Issue,签发地点
Plaid Access Token,格子访问令牌
Plaid Client ID,Plaid客户端ID
Plaid Environment,Plaid环境
Plaid Link Failed,Plaid链接失败
Plaid Link Refresh Required,需刷新Plaid链接
Plaid Link Updated,Plaid链接已更新
Plaid Secret,Plaid密钥
Plaid Settings,格子设置
Plaid transactions sync error,格子交易同步错误
Plan,计划
Plan Name,计划名称
Planned,计划
Planned End Date cannot be before Planned Start Date,计划结束日期不能早于计划开始日期
Planned End Time,计划结束时间
Planned Purchase Order,计划采购订单
Planned Start Date,计划开始日期
Planned Start Time,计划开始时间
Planned Work Order,计划工作订单
Plans,计划
Plant Dashboard,工厂看板
Plants and Machineries,植物和机械设备
"Please Restock Items and Update the Pick List to continue. To discontinue, cancel the Pick List.",请补货并更新领料单以继续。若要终止，请取消领料单。
Please Select a Customer,请选择客户
Please Select a Supplier,请选择供应商
Please Set Priority,请设置优先级
Please Specify Account,请指定账户
Please add 'Supplier' role to user {0}.,请为用户{0}添加'供应商'角色
Please add Mode of payments and opening balance details.,请添加付款方式和期初余额明细
Please add Operations first.,请先添加操作。
Please add Request for Quotation to the sidebar in Portal Settings.,请在门户设置中将报价请求添加到侧边栏
Please add Root Account for - {0},请为-{0}添加根账户
Please add an account for the Bank Entry rule.,请为银行分录规则添加一个科目。
Please add atleast one user on Allowed Users to allow Data Synchronization from Frappe CRM site.,请在“允许的用户”中添加至少一名用户，以允许从 Frappe CRM 站点同步数据。
Please add the account to root level Company - {0},请将账户添加至根级公司-{0}
Please add the account to root level Company - {},请将账户添加至根级公司-{}
Please add {1} role to user {0}.,请为用户{0}添加{1}角色
Please attach CSV file,请附加CSV文件
Please cancel and amend the Payment Entry,请取消并修改付款分录
Please cancel payment entry manually first,请先手动取消付款分录
Please cancel related transaction.,请取消相关交易。
Please capitalize this asset before submitting.,请在提交前将此资产资本化。
Please check Process Deferred Accounting {0} and submit manually after resolving errors.,请检查处理递延会计{0}，解决错误后手动提交
Please check the 'Activate Serial and Batch No for Item' checkbox in the {0} to make Serial and Batch Bundle for the item.,请选中{0}中的“激活物料的序列号和批次号”复选框，为该物料制作序列号与批号。
Please check your Plaid client ID and secret values,请检查您的Plaid客户端ID和密钥值
Please check your email to confirm the appointment,请检查您的电子邮件以确认预约
Please click on 'Generate Schedule',请点击“生成表”
Please click on 'Generate Schedule' to fetch Serial No added for Item {0},请点击“生成表”来获取序列号增加了对项目{0}
Please complete the job first before entering Pending Quantity,请先完成工作，然后再输入待处理数量
Please configure accounts for the Bank Entry rule.,请为银行分录规则配置科目。
Please contact any of the following users to {} this transaction.,请联系以下用户以{}此交易
Please contact your administrator to extend the credit limits for {0}.,请联系管理员延长{0}的信用额度
Please convert the parent account in corresponding child company to a group account.,请将对应子公司的上级账户转换为组账户
Please create Customer from Lead {0}.,请从线索{0}创建客户
Please create Landed Cost Vouchers against Invoices that have 'Update Stock' enabled.,请对启用'更新库存'的发票创建到岸成本凭证
Please create a new Accounting Dimension if required.,如需，请新建会计维度
"Please delete Product Bundle {0}, before merging {1} into {2}",在合并{1}到{2}前，请先删除产品套装{0}
Please disable workflow temporarily for Journal Entry {0},请暂时停用日记账凭证{0}的工作流。
Please do not book expense of multiple assets against one single Asset.,请勿将多个资产的费用记入单一资产
Please enable Applicable on Booking Actual Expenses,请启用适用于预订实际费用
Please enable Applicable on Purchase Order and Applicable on Booking Actual Expenses,请启用适用于采购订单并适用于预订实际费用
Please enable Use Old Serial / Batch Fields to make_bundle,请启用'使用旧序列/批次字段'以生成套装
Please ensure that the {0} account is a Balance Sheet account. You can change the parent account to a Balance Sheet account or select a different account.,请确保{0}账户为资产负债表账户。您可将上级账户改为资产负债表账户或选择其他账户
Please ensure that the {0} account {1} is a Payable account. You can change the account type to Payable or select a different account.,请确保{0}账户{1}为应付账户。您可更改账户类型为应付或选择其他账户
Please enter <b>Difference Account</b> or set default <b>Stock Adjustment Account</b> for company {0},请输入<b>差异账户</b>或为公司{0}设置默认<b>库存调整账户</b>
Please enter Account for Change Amount,请输入零钱科目
Please enter Approving Role or Approving User,请输入角色核准或审批用户
Please enter Batch No,请输入批次号
Please enter Cost Center,请输入成本中心
Please enter Expense Account,请输入您的费用科目
Please enter Item Code to get Batch Number,请输入产品代码来获得批号
Please enter Item first,请先输入物料
Please enter Maintenance Details first,请先输入维护明细
Please enter Receipt Document,请输入收据凭证
Please enter Reference date,参考日期请输入
Please enter Root Type for account- {0},请输入账户-{0}的根类型
Please enter Serial No,请输入序列号
Please enter Serial Nos,请输入序列号
Please enter Shipment Parcel information,请输入运输包裹信息
Please enter Warehouse and Date,请输入仓库和日期
Please enter a valid Write Off Account,请输入有效的注销科目
Please enter a valid Write Off Cost Center,请输入有效的核销成本中心
Please enter a valid number of deliveries,请输入有效的交货次数
Please enter a valid quantity,请输入有效数量
Please enter at least one delivery date and quantity,请至少输入一个交货日期和数量
Please enter default currency in Company Master,请在公司设置中维护默认货币
Please enter message before sending,在发送前，请填写留言
Please enter mobile number first.,请先输入手机号码
Please enter parent cost center,请输入父成本中心
Please enter quantity for item {0},请输入物料{0}的数量
Please enter relieving date.,请输入离职日期。
Please enter serial nos,请输入序列号
Please enter the first delivery date,请输入首次交货日期
Please enter the phone number first,请先输入电话号码
Please enter the {schedule_date}.,请输入{schedule_date}
Please enter {0},请输入{0}
Please enter {0} first,请先输入{0}
Please fill the Sales Orders table,请填写销售订单表
"Please first set Full Name, Email and Phone for the user",请先设置用户的全名、电子邮件和电话
Please fix overlapping time slots for {0},请修复{0}的时间段重叠
Please fix overlapping time slots for {0}.,请修复{0}的时间段重叠
Please generate To Delete list before submitting,请在提交前生成要删除列表
Please generate the To Delete list before submitting,请在提交前生成要删除列表
Please import accounts against parent company or enable {} in company master.,请根据母公司导入账户或在主公司中启用{}
Please make sure the employees above report to another Active employee.,请确保上述员工向其他在职员工汇报
Please make sure the file you are using has 'Parent Account' column present in the header.,请确保文件标题包含'上级账户'列
Please make sure you really want to delete all the transactions for {0}. Your master data will remain as it is. This action cannot be undone.,请确保您确实要删除 {0} 的所有交易。您的主数据将保持原样。此操作无法撤消。
Please mention '{0}' in Company: {1},请在公司{1}中注明'{0}'
Please mention the Current and New BOM for replacement.,请注明要替换的当前和新的物料清单
Please rectify and try again.,请更正后重试
Please refresh or reset the Plaid linking of the Bank {}.,请刷新或重置银行{}的Plaid链接
Please review the details below and click the 'Import' button to proceed.,请查看下面的详细信息，然后单击“导入”按钮继续。
Please review the {0} configuration and complete any required financial setup activities.,请检查 {0} 配置并完成所有必需的财务设置活动。
Please save first,请先保存
Please save the Sales Order before adding a delivery schedule.,请在添加交货计划之前保存销售订单。
Please select <b>Template Type</b> to download template,请选择<b>模板类型</b>以下载模板
Please select Apply Discount On,请选择适用的折扣
Please select BOM against item {0},请选择物料{0}的物料清单
Please select BOM for Item in Row {0},请为第{0}行的物料指定物料清单
Please select BOM in BOM field for Item {item_code}.,请为物料{item_code}在BOM字段选择物料清单
Please select Bank Account,请选择银行账户
Please select Charge Type first,请先选择费用类型
Please select Company,请选择公司
Please select Existing Company for creating Chart of Accounts,请选择现有的公司创建会计科目表
Please select Finished Good Item for Service Item {0},请为服务项{0}选择产成品
Please select Party Type first,请先选择往来单位
Please select Periodic Accounting Entry Difference Account,请选择定期分录入账差异科目
Please select Qty against item {0},请选择为物料{0}指定数量
Please select Stock Asset Account,请选择库存资产科目
Please select a BOM,请选择一个物料清单
Please select a Company,请选择一个公司
Please select a Company first.,请先选择公司
Please select a Subcontracting Purchase Order.,请选择委外采购订单
Please select a Supplier,请选择供应商
Please select a Warehouse,请选择仓库
Please select a bank account to view the bank clearance summary.,请选择一个银行账户以查看银行清算摘要。
Please select a bank account to view the bank reconciliation statement.,请选择一个银行账户以查看银行对账单。
Please select a bank and set the date range,请选择银行并设置日期范围
Please select a company.,请选择一家公司。
Please select a country,请选择国家
Please select a customer for fetching payments.,请选择客户以获取付款
Please select a date,请选择日期
Please select a date and time,请选择日期和时间
Please select a default mode of payment,请选择默认付款方式
Please select a field to edit from numpad,请选择要从数字键盘编辑的字段
Please select a frequency for delivery schedule,请选择交货计划频率
Please select a row to create a Reposting Entry,请选择行以创建重新过账分录
Please select a valid Purchase Order that is configured for Subcontracting.,请选择配置为委外的有效采购订单
Please select a value for {0} quotation_to {1},请选择一个值{0} quotation_to {1}
Please select an item code before setting the warehouse.,请先设置物料编码再设置仓库
Please select at least one attribute value,请至少选择一个属性值
"Please select at least one filter: Item Code, Batch, or Serial No.",请至少选择一个筛选条件：物料编码、批次或序列号
Please select at least one item to update delivered quantity.,请至少选择一件物料来更新交货数量。
Please select at least one row to fix,请至少选择一行进行修复
Please select at least one row with difference value,请至少选择一行有差异值的行
Please select at least one schedule.,请至少选择一个时间表。
Please select atleast one item to continue,请至少选择一个物料以继续操作
Please select atleast one operation to create Job Card,请至少选择一个工序以创建工卡
Please select correct account,请选择正确的科目
Please select date,请选择日期
Please select dates to view the bank clearance summary.,请选择日期以查看银行清算摘要。
Please select dates to view the bank reconciliation statement.,请选择日期以查看银行对账单。
Please select items to reserve.,请选择要保留的物料
Please select only one row to create a Reposting Entry,请选择单行创建重新过账分录
Please select rows to create Reposting Entries,请选择行以创建重新过账分录
Please select the Company,请选择公司
Please select the Warehouse first,请先选择仓库
Please select the customer.,请选择客户
Please select the document type first.,请先选择单据类型.
Please select the required filters,请选择必要筛选条件
Please select valid document type.,请选择有效单据类型
Please select weekly off day,请选择每周休息日
Please select {0} first,请先选择{0}
Please set 'Apply Additional Discount On',请设置“额外折扣基于”
Please set '{0}' in Company: {1},请在公司{1}设置'{0}'
Please set Account,请设置账户
Please set Account for Change Amount,请设置找零金额账户
Please set Accounting Dimension {} in {},请在{}设置会计维度{}
Please set Company,请设公司
Please set Customer Address to determine if the transaction is an export.,请设置客户地址以确定交易是否为出口业务
Please set Email/Phone for the contact,请为联系人设置电子邮件/电话
Please set Fixed Asset Account in Asset Category {0},请在资产类别{0}中设置固定资产科目。
Please set Parent Row No for item {0},请设置物料{0}的上级行号
Please set Purchase Expense Contra Account in Company {0},请在公司{0}中设置采购费用备抵科目
Please set Root Type,请设置根类型
Please set Unrealized Exchange Gain/Loss Account in Company {0},请在公司{0}中设置未实现汇兑损益科目
Please set VAT Accounts in {0},请在{0}设置增值税账户
"Please set Vat Accounts for Company: ""{0}"" in UAE VAT Settings","请在 UAE 增值税设置中设置公司的增值税账户: ""{0}"""
Please set a Company,请设置公司
Please set a default Holiday List for Company {0},请为公司{0}设置默认假期列表
Please set account in Warehouse {0},请在仓库{0}中设置科目
Please set actual demand or sales forecast to generate Material Requirements Planning Report.,请设置实际需求或销售预测以生成物料需求计划报告。
Please set an Expense Account in the Items table,请在物料表中设置费用账户
Please set an email id for the Lead {0},请为线索{0}设置电子邮件
Please set at least one row in the Taxes and Charges Table,请在“税费和收费表”中至少设置一行
Please set both the Tax ID and Fiscal Code on Company {0},请为公司{0}同时设置税号和财政代码
Please set default Cash or Bank account in Mode of Payment {0},请为付款方式{0}设置默认的现金或银行科目
Please set default Expense Account in Company {0},请在公司{0}设置默认费用账户
Please set default UOM in Stock Settings,请在库存设置中设置默认单位
"Please set default inventory account for item {0}, or their item group or brand.",请为物料{0}或其物料组或品牌设置默认库存科目
Please set one of the following:,请设置以下其中一项：
Please set opening number of booked depreciations,请设置已登记折旧的期初数量。
Please set the Customer Address,请设置客户地址
Please set the Default Cost Center in {0} company.,请在{0}公司中设置默认成本中心。
Please set the Target Warehouse in the Job Card,请在工单中设置目标仓库
Please set the WIP Warehouse in the Job Card,请在工单中设置在制品仓库
Please set the cost center field in {0} or setup a default Cost Center for the Company.,请在{0}设置成本中心字段或为公司设置默认成本中心
Please set up the Campaign Schedule in the Campaign {0},请在营销活动{0}中设置活动计划
Please set {0},请设置{0}
Please set {0} first.,请先设置{0}
"Please set {0} for Batched Item {1}, which is used to set {2} on Submit.",请为批次物料{1}设置{0}，用于提交时设置{2}
Please set {0} for address {1},请为地址{1}设置{0}
Please set {0} in BOM Creator {1},请在物料清单创建器{1}中设置{0}
Please set {0} in Company {1} to account for Exchange Gain / Loss,请在公司{1}设置{0}以核算汇兑损益
"Please set {0} to {1}, the same account that was used in the original invoice {2}.",请将{0}设为{1}，与原发票{2}使用的账户相同
Please setup and enable a group account with the Account Type - {0} for the company {1},请为公司{1}设置并启用账户类型为{0}的组账户
Please share this email with your support team so that they can find and fix the issue.,请将此邮件转发给支持团队以便排查和解决问题
Please specify a valid Row ID for row {0} in table {1},请指定行{0}在表中的有效行ID {1}
Please specify a {0} first.,请先指定{0}
Please specify at least one attribute in the Attributes table,请指定属性表中的至少一个属性
Please try again in an hour.,请一小时后重试
Please uncheck 'Show in Bucket View' to create Orders,请取消勾选'在桶视图中显示'以创建订单
Please update Repair Status.,请更新维修状态
Point of Sale,销售点
Point-of-Sale Profile,POS配置
Policy number,保单号码
Pond,庞德
Pood,普特
Post Description Key,发布说明密钥
Post Graduate,研究生
Post Route Key,邮政路线密钥
Post Route String,邮政路线字符串
Post Title Key,帖子标题密钥
Postal Expenses,邮政费用
Posted On,过账日期
Posting Date inheritance for exchange gain / loss,汇兑损益记账日期
Posting Date will change to today's date as Edit Posting Date and Time is unchecked. Are you sure want to proceed?,因未勾选'编辑过账日期和时间'，过账日期将更改为今日日期。是否确认继续操作？
Posting date does not match the selected transaction,记账日期与所选交易不匹配
Posting date is required,记账日期为必填项
Posting date matches the selected transaction,记账日期与所选交易相符
Potential Sales Deal,潜在的销售交易
Pound,磅
Pound-Force,磅力
Pound/Cubic Foot,磅/立方英尺
Pound/Cubic Inch,磅/立方英寸
Pound/Cubic Yard,磅/立方码
Pound/Gallon (UK),磅/加仑（英制）
Pound/Gallon (US),磅/加仑（美制）
Poundal,磅达
Powered by {0},由{0}驱动
Pre Sales,售前
Pre-filled on payment entries for this customer. Must be a company account.,预先填写该客户的付款条目。必须是公司账户。
Preferences updated,偏好设置已更新
Preferred Contact Email,首选联系邮箱
Preferred Email,首选邮箱
Prepaid Expenses,预付费用
President,总裁
Preventive,预防
Preventive Action,预防措施
Prevents the system from automatically using the rate from the last purchase transaction when creating new purchase orders or transactions.,防止在新采购业务单据时自动使用最新采购价。
Preview Email,预览邮件
Preview Transactions,预览交易
Previous Imports,以前的进口
Previous Qty,以前的数量
Previous Work Experience,以前工作经验
Price,价格
Price ({0}),价格（{0}）
Price Discount Slabs,价格折扣板
Price List & Currency,价格表和货币
Price List Defaults,价格表默认值
Price Per Unit ({0}),单价（{0}）
Price is not set for the item.,未设置物料价格
Price per Unit (Stock UOM),单价（库存单位）
Prices HTML,价格 HTML
Primary Address Preview,主要地址预览
Primary Contact Email,主要联系人电子邮件
Print Format Type should be Jinja.,打印格式类型应为Jinja
Print Format must be an enabled Report Print Format matching the selected Report.,打印格式必须是已启用且与所选报告匹配的报告打印格式
Print IRS 1099 Forms,打印IRS 1099表格
Print Preferences,打印首选项
Print Receipt,打印收据
Print Receipt on Order Complete,订单完成时打印收据
Print UOM after Quantity,数量后打印计量单位
Print and Stationery,打印和文具
Print settings updated in respective print format,打印设置在相应的打印格式更新
Printed on {0},打印于{0}
Printing Details,打印设置
Printing Settings,打印设置
Priorities,优先级
Priority cannot be lesser than 1.,优先级不能小于1
Priority has been changed to {0}.,优先级已更改为{0}。
Priority is mandatory,优先级为必填项
Priority {0} has been repeated.,优先级{0}已重复。
Private Equity,私募股权投资
Problem,问题
Procedure,程序
Process Deferred Accounting,处理递延会计
Process Loss Percentage cannot be greater than 100,加工损耗百分比不能超过100
Process Loss Quantity,加工损耗量
Process Loss Value,加工损耗价值
Process Owner,流程负责人
Process Owner Full Name,流程负责人全名
Process Period Closing Voucher,处理期末凭证
Process Period Closing Voucher Detail,处理期末凭证详细信息
Process Statement Of Accounts CC,处理抄送账户对账单
Process Subscription,处理订阅
Process in Single Transaction,在单事务中处理
Process loss quantity cannot be negative.,过程损失量不能为负。
Processed BOMs,已处理物料清单
Processes,流程
Processing Date,处理日期
Processing XML Files,处理XML文件
Processing import...,加工进口...
Procurement,采购
Produced / Received Qty,已生产/已接收数量
Product,产品
Product Bundle Component,产品捆绑组件
Product Bundle Parent,产品套装父级
Product Discount Scheme,产品折扣计划
Product Enquiry,产品查询
Product Manager,产品经理
Product Price ID,产品价格ID
Production,生产
Production Plan,生产计划
Production Plan Material Request Warehouse,生产计划物料请求仓库
Production Plan Qty,生产计划数量
Production Plan Sales Order,生产计划销售订单
Profit and Loss,损益表
Profit and Loss Statement,损益表
Profit and Loss Summary,损益汇总
Profit for the year,年度利润
Profitability,盈利能力
Progress % for a task cannot be more than 100.,为任务进度百分比不能超过100个。
Project Collaboration Invitation,项目合作邀请
Project Management,项目管理
Project Manager,项目经理
Project Name,项目名称
Project Progress:,项目进度：
Project Start Date,项目开始日期
Project Status,项目状态
Project Summary for {0},{0}的项目摘要
Project Template,项目模板
Project Template Task,项目模板任务
Project Type,项目类型
Project Update,项目更新
Project Update.,项目更新。
Project Value,项目价值
Project activity / task.,项目活动/任务。
Project wise Stock Tracking ,项目维度库存跟踪
Projects Setup,项目设置
Promotional Scheme,促销计划
Promotional Scheme Id,促销计划ID
Promotional Scheme Price Discount,促销计划价格折扣
Promotional Scheme Product Discount,促销计划产品折扣
Prorate,按比例分配
Prospect {0} already exists,潜在客户{0}已存在
Protected DocType,受保护的单据类型
Provide Email Address registered in company,提供公司注册邮箱地址
Providing,提供
Provisional Account,暂记账户
Provisional liability account used for service items before invoice is received,收到发票之前用于服务物料的临时负债账户
Psi/1000 Feet,磅力/平方英寸每千英尺
Publish Date,发布日期
Published Date,发布日期
Publisher,发布者
Publisher ID,发布者ID
Publishing,出版
Purchase,采购
Purchase Amount,采购金额
Purchase Date,采购日期
Purchase Defaults,采购默认值
Purchase Expense,采购费用
Purchase Expense Account,采购费用科目
Purchase Expense Contra Account,采购费用备抵科目
Purchase Expense for Item {0},物料{0}的采购费用
Purchase Invoice Settings,采购发票设置
Purchase Order,采购订单
Purchase Order Amount,采购订单金额
Purchase Order Date,采购订单日期
Purchase Order Item Supplied,采购订单外发物料
Purchase Order Item reference is missing in Subcontracting Receipt {0},分包收货单{0}中缺少采购订单项引用
Purchase Order Required,需要采购订单
Purchase Order Required for item {},物料{}需要采购订单
Purchase Order Trends,采购订单趋势
Purchase Order already created for all Sales Order items,已为所有销售订单项创建采购订单
Purchase Order number required for Item {0},请为物料{0}指定采购订单号
Purchase Order {0} created,采购订单{0}已创建
Purchase Order {0} is not submitted,采购订单{0}未提交
Purchase Receipt Required for item {},物料{}需要采购收货单
Purchase Receipt Trends ,采购入库趋势 
Purchase Receipt {0} created.,采购收货单{0}已创建
Purchase Return,采购退货
Purchase Time,采购时间
Purchase Value,采购金额
Purchase Voucher No,采购凭证编号
Purchase Voucher Type,采购凭证类型
Purchased,采购
Purchases,采购
Purchasing,采购
Purpose,目的
Purpose must be one of {0},目的必须是一个{0}
Purposes Required,需指定用途
Putaway Rule,上架规则
Putaway Rule already exists for Item {0} in Warehouse {1}.,仓库{1}中物料{0}的上架规则已存在
Python expression evaluated on the server. Use doc.fieldname for the row and parent.fieldname for the parent document. When it evaluates to true the dimension becomes mandatory. Example: doc.t_warehouse and doc.qty > 0,Python 表达式在服务器上计算。使用 doc.fieldname 作为行，使用parent.fieldname 作为父单据。当其计算结果为 true 时，该维度变为强制性的。示例：doc.t_warehouse 和 doc.qty > 0
Q1,Q1
Q2,Q2
Q3,第三季度
Q4,第四季度
Qty,数量
Qty ,数量
Qty (As per BOM),物料清单需求数量
Qty (Company),数量（公司）
Qty (Warehouse),数量（仓库）
Qty (in Stock UOM),数量（库存计量单位）
Qty Per Unit,每单位数量
"Qty To Manufacture ({0}) cannot be a fraction for the UOM {2}. To allow this, disable '{1}' in the UOM {2}.",待生产数量（{0}）不能是计量单位{2}的分数。若要允许，请在计量单位{2}中禁用'{1}'
Qty To Manufacture in the job card cannot be greater than Qty To Manufacture in the work order for the operation {0}. <br><br><b>Solution: </b> Either you can reduce the Qty To Manufacture in the job card or set the 'Overproduction Percentage For Work Order' in the {1}.,生产任务单中的待制造数量不能大于工序 {0} 的工作订单中的待制造数量。 <br><br><b>解决方案：</b> 您可以减少生产任务单中的制造数量或在{1}中设置“工单的超产百分比”。
Qty To Produce,待生产数量
Qty Wise Chart,数量趋势图
Qty and Rate,数量与单价
Qty as Per Stock UOM,按库存计量单位的数量
Qty of Finished Goods Item,成品数量
Qty to Disassemble,拆卸数量
Qty to Fetch,待获取数量
Qty to Manufacture,生产数量
Qty to Order,待下单数量
Qty to Produce,待生产数量
Qualification Status,资质状态
Qualified,已认证
Qualified on,认证日期
Quality,质量
Quality Feedback,质量反馈
Quality Feedback Parameter,质量反馈参数
Quality Feedback Template,质量反馈模板
Quality Feedback Template Parameter,质量反馈模板参数
Quality Goal,质量目标
Quality Goal Objective,质量目标
Quality Inspection Not Configured,质检未配置
Quality Inspection is required for the item {0} before completing the job card {1},在完成生产任务单 {1} 之前，需要对物料 {0} 进行质量检验
Quality Inspection {0} is not submitted for the item: {1},未针对该物料提交质量检验 {0}：{1}
Quality Inspection {0} is rejected for the item: {1},质量检验 {0} 被拒绝的物料：{1}
Quality Management,质量管理
Quality Manager,质量经理
Quality Meeting,质量会议
Quality Meeting Agenda,质量会议议程
Quality Meeting Minutes,质量会议纪要
Quality Procedure,质量程序
Quality Procedure Process,质量程序流程
Quantities updated successfully.,数量已成功更新。
Quantity,数量
Quantity & Stock,数量与库存
Quantity (A - B),数量（A - B）
Quantity (Output Qty),数量（输出数量）
Quantity Available,可用数量
Quantity Difference,数量差异
Quantity Tolerance,数量公差
Quantity and Amount,数量和金额
Quantity and Description,数量和描述
Quantity and Rate,数量和价格
Quantity and Warehouse,数量和仓库
Quantity cannot be greater than {0} for Item {1},物料{1}的数量不能超过{0}
Quantity is mandatory for the selected items.,所选物料的数量是强制性的。
Quantity is required,数量为必填项
Quantity must be greater than zero,数量必须大于零
Quantity must not be more than {0},数量不能超过{0}
Quantity should be greater than 0,量应大于0
Quantity to Scan,待扫描数量
Quart (UK),夸脱（英制）
Quart Dry (US),干量夸脱（美制）
Quart Liquid (US),液量夸脱（美制）
Queue Size should be between 5 and 100,队列大小应介于5至100之间
Quick Ratio,速动比率
Quintal,公担
Quotation,报价
Quotation Amount,报价金额
Quotation Lost Reason Detail,报价失败原因详情
Quotation To,报价对象
Quotation Trends,报价趋势
Quotation {0} is cancelled,报价{0}已被取消
Quotation {0} not of type {1},报价{0} 不属于{1}类型
Quotations,报价
"Quotations are proposals, bids you have sent to your customers",报价是你发送给客户的建议或出价
Quotations: ,报价单：
Quote Status,报价状态
Quoted Amount,报价金额
RFQ and Purchase Order Settings,询价和采购订单设置
Rate,单价
Rate & Amount,价格和金额
Rate Of TDS As Per Certificate,按凭证的TDS费率
Rate and Amount,单价及小计
Rate at which customer's currency is converted to company's base currency,客户的货币转换为公司的本币后的单价
Rate at which supplier's currency is converted to company's base currency,供应商的货币转换为公司的本币后的单价
Rate of '{}' items cannot be changed,'{}' 项的比率无法更改
Rate of Depreciation,折旧率
Rate of Depreciation (%),折旧率（%）
Rate or Discount,价格或折扣
Rate or Discount is required for the price discount.,价格折扣需要单价或折扣
Rates,价格
Raw Material,原材料
Raw Material Code,原材料代码
Raw Material Cost,原材料成本
Raw Material Item,原材料项
Raw Material Voucher No,原材料凭证编号
Raw Material Voucher Type,原材料凭证类型
Raw Material Warehouse,原材料仓
Raw Materials,原材料
Raw Materials Missing,原材料缺失
Raw Materials Required,所需原材料
Raw Materials cannot be blank.,原材料不能为空。
Raw Materials to Customer,待退客供料
Raw materials consumed qty will be validated based on FG BOM required qty,原材料消耗数量将根据 FG BOM 所需数量进行验证
Re-extracting,重新提取
Re-open,重新打开
Reached Root,已到达根节点
Read the docs,阅读文档
Reading 1,检验结果1
Reading 10,检验结果10
Reading 2,检验结果2
Reading 3,检验结果3
Reading 4,检验结果4
Reading 5,检验结果5
Reading 6,检验结果6
Reading 7,检验结果7
Reading 8,检验结果8
Reading 9,检验结果9
Readings,检验结果
Real Estate,房地产
Reason for Failure,失败原因
Reason for Leaving,离职原因
Reason for hold:,临时冻结原因：
Rebuilding BTree for period ...,正在重建期间B树结构...
Recalculate Batch Qty,重新计算批次数量
Recalculate Bin Qty,重新计算货位数量
Recalculate Valuation Rate,重新计算估值率
Receipt Items,采购入库明细
Receivable,应收账款
Receivable / Payable Account,应收/应付账款
Receivable Account,应收账款
Receivable/Payable Account: {0} doesn't belong to company {1},应收/应付账户：{0}不属于公司{1}
Receive,收款
Receive from Customer,客供料入库
Received Amount cannot be greater than Paid Amount,已收金额不能超过已付金额
Received Qty,收到数量
Received from,收到自
Receiver List,接收人列表
Receiver List is empty. Please create Receiver List,接收人列表为空。请创建接收人列表
Receiving,接收
Recipient Message And Payment Details,收件人邮件和付款细节
Recommended Action,建议采取的行动
Reconcile All Serial Nos / Batches,对账所有序列号/批次
Reconcile Effect On,对账生效时间
Reconciled Entries,已对账分录
Reconciliation Error Log,对账错误日志
Reconciliation History,和解历史
Reconciliation Progress,对账进度
Reconciliation Type,对账类型
Reconciliation queue size,核销队列大小
Reconciling,调和
Record Payment,记录付款
"Record a bank journal entry for expenses, income or split transactions",记录费用、收入或分割交易的银行日记账分录
"Record a journal entry for expenses, income or split transactions",记录支出、收入或拆分交易的日记账分录
"Record a journal entry for expenses, income or split transactions.",记录支出、收入或拆分交易的日记账分录。
Record a payment against a customer or supplier,记录针对客户或供应商的付款
Record a payment entry against a customer or supplier,记录针对客户或供应商的收付款单
Record a transfer between two bank accounts,记录两个银行账户之间的转账
Record an internal transfer to another bank/credit card/cash account,记录到另一家银行/信用卡/现金账户的内部转账
Record an internal transfer to another bank/credit card/cash account.,记录到另一家银行/信用卡/现金账户的内部转账。
Recording HTML,记录HTML
Recording URL,录制网址
Records,记录
Recoverable Standard Rated expenses should not be set when Reverse Charge Applicable is Y,当适用反向征税为'是'时，不可设置可回收标准税率费用
Recreate Stock Ledgers,重新生成物料凭证
Recurse Over Qty cannot be less than 0,递归数量不能小于0
Recursive Discounts with Mixed condition is not supported by the system,系统不支持混合条件的递归折扣
Redeem Against,兑换
Redeemed Points,兑换积分
Ref,参考号
Ref Code,参考代码
Ref Date,参考日期
Ref.,参考号
Reference #,参考 #
Reference #{0} dated {1},参考＃ {0}记载日期为{1}
Reference Date for Early Payment Discount,提前付款折扣的参考日期
Reference Date is required,参考日期为必填项
Reference Detail No,参考明细编号
Reference Due Date,参考到期日
Reference Exchange Rate,参考汇率
Reference No.,参考编号。
Reference Number,参考号码
Reference Row,引用行
Reference Row #,参考行＃
Reference date does not match the selected transaction,参考日期与所选交易不匹配
Reference date matches the selected transaction,参考日期与所选交易相符
Reference does not match the selected transaction,参考与所选交易不匹配
Reference for Reservation,预留参考
Reference is required,需要参考
Reference matches the selected transaction,参考与所选交易匹配
Reference matches the selected transaction partially,参考与所选交易部分匹配
References to Sales Invoices are Incomplete,销售发票参考不完整
References to Sales Orders are Incomplete,销售订单参考不完整
References {0} of type {1} had no outstanding amount left before submitting the Payment Entry. Now they have a negative outstanding amount.,提交付款前，类型{1}的参考{0}无未清金额，现在其未清金额为负数
Referral Code,推荐码
Refresh Plaid Link,刷新Plaid链接
"Regards,",此致，
Regenerate Stock Closing Entry,重新生成库存结账分录
Regex,正则表达式
Regional,区域性
Regular,定期
Rejected ,已拒绝 
Rejected Qty,拒收数量
Rejected Quantity,拒收数量
Rejected Serial No,拒收序列号
Related Item,相关物料
Relation,关系
Relieving Date,离职日期
Remaining,剩余
Remaining Amount,剩余金额
Remaining Balance,余额
Remark,备注
Remarks,备注
Remarks:,备注：
Remove Parent Row No in Items Table,移除物料表中的父行号
Remove Zero Counts,删除零计数
Remove item if charges is not applicable to that item,如果费用不适用某物料，请删除它
Removed {0} rows with zero document count. Please save to persist changes.,删除了单据计数为零的 {0} 行。请保存以保留更改。
Removing rows without exchange gain or loss,移除无汇兑损益的行
Rename Attribute Value in Item Attribute.,在物料属性中重命名属性值。
Rename Log,重命名日志
Rename jobs for doctype {0} have been enqueued.,已为文档类型{0}的批量重命名任务加入队列。
Rename jobs for doctype {0} have not been enqueued.,未能将文档类型{0}的批量重命名任务加入队列。
"Renaming it is only allowed via parent company {0}, to avoid mismatch.",为避免冲突，仅允许通过母公司{0}重命名
Rent,租金
Rented,租
Repair,维修
Repair Cost,修理费用
Repair Purchase Invoices,修复采购发票
Repair Status,维修状态
"Replace a particular BOM in all other BOMs where it is used. It will replace the old BOM link, update cost and regenerate ""BOM Explosion Item"" table as per new BOM.
It also updates latest price in all the BOMs.","在使用BOM的所有其他BOM中替换BOM。 它将替换旧的 BOM 链接，更新成本，并按照新建BOM 重新生成“BOM Explosion item”表。
它也更新了所有BOMM的最新价格。"
Report Date,报表日期
Report Type is mandatory,报表类型必填
Reporting Currency,报告货币
Reporting Currency Exchange Not Found,未找到报告货币汇率
Reporting Currency Exchange Rate,报告货币汇率
Reports to,上级主管
Repost,转发
Repost Item Valuation restarted for selected failed records.,重新过账物料评估已针对选定的失败记录重新启动。
Repost Only Accounting Ledgers,仅重新过账会计分类帐
Reposting Item and Warehouse,重新过账物料和仓库
Reposting Progress,重新过账进度
Reposting Reference,转发参考
Reposting Vouchers,转发优惠券
Reposting Vouchers Progress,重新过账优惠券进度
Reposting entries created: {0},已创建重新过账条目：{0}
Reposting for Item-Wh Completed {0}%,重新过账物料时已完成 {0}%
Reposting for Vouchers Completed {0}%,重新过账优惠券已完成 {0}%
Represents Company,代表公司
Represents a Financial Year. All accounting entries and other major transactions are tracked against the Fiscal Year.,表示一个财年。所有会计分录和主要交易均按财年跟踪
Reqd By Date,需求日期
Reqd Qty (BOM),需求数量（物料清单）
Reqired Qty,所需数量
Request Parameters,请求参数
Request Type,需求类型
Request for Information,索取资料
Request for Quotation,询价
Request for Quotation Supplier,询价供应商
Required Date,需求日期
Required Items,所需物料
Required Qty,需求数量
Requirement,需求
Requires Fulfilment,需要履行
Research,研究
Research & Development,研究与发展
Researcher,研究员
Resend Payment Email,重新发送付款电子邮件
Reservation,预留管理
Reserve,预留
Reserve Stock,预留库存
Reserve for Raw Materials,原材料预留
Reserve for Sub-assembly,子装配件预留
Reserved Batch Conflict,预留批次冲突
Reserved Inventory,预留库存
Reserved Qty for Production Plan,生产计划预留数量
Reserved Serial No.,预留序列号
Reserved Stock for Batch,批次预留库存
Reserved Stock for Raw Materials,原材料预留库存
Reserved Stock for Sub-assembly,子装配件预留库存
Reserved Warehouse is mandatory for the Item {item_code} in Raw Materials supplied.,供应原材料中的物料{item_code}必须指定预留仓库
Reserving Stock...,正在预留库存...
Reset Clearing Date,重置清算日期
Reset Company Default Values,重置公司默认值
Reset Plaid Link,重置Plaid链接
Reset Service Level Agreement,重置服务水平协议
Resetting Service Level Agreement.,重置服务水平协议。
Resignation Letter Date,辞职信日期
Resolution By,分辨率
Resolution Due,解决到期日
Resolution Time,解决时间
Resolutions,决议
Resolve,解决
Response Key List,响应密钥列表
Response Options,响应选项
Response Result Key Path,响应结果关键路径
Response Time for {0} priority in row {1} can't be greater than Resolution Time.,第{1}行优先级{0}的响应时间不能超过解决时间
Rest Of The World,世界其他地区
Restart Failed Entries,重新启动失败的条目
Restart Subscription,重新启动订阅
Restore Asset,恢复资产
Restrict,限制
Restrict to Countries,限制到国家
Result Key,结果键
Result Preview Field,结果预览字段
Result Title Field,结果标题字段
Resume,恢复
Resume Job,恢复作业
Retail & Wholesale,零售及批发
Retain Sample,保留样品
Retained Earnings,留存收益
Retried,已重试
Retry Failed Transactions,重试失败交易
Return Against,源单
Return Qty,退货数量
Return Raw Material to Customer,客供料退回
Return invoice of asset cancelled,资产退货发票已取消
Returned Against,退货依据
Returned Amount,退货金额
Returned Qty,退回数量
Returned Quantity,退货数量
Returned exchange rate is neither integer not float.,退货汇率既非整型也非浮点型
Returns,退货
Revaluation Surplus,重估盈余
Revenue,收入
Revenue received in advance (e.g. annual subscription) is held here and recognized gradually over time,预先收到的收入（例如年度订阅费）会暂存于此，并随时间逐步确认。
Review Date,评论日期
"Review each page. In the Table view, map each column, click a row number to set/clear the header row, and exclude anything that is not transactions (ads, summaries).",检查每一页。在表视图中，映射每一列，单击行号来设置/清除标题行，并排除任何非交易的内容（广告、摘要）。
Revise Budget,修改预算
Revision cancelled,修改已取消
Right Child,右子节点
Right Index,右索引
Ringing,铃声
Rod,杆
Role Allowed to over bill ,可超额开票的角色
Role allowed to bypass credit limit,不受信用额度限制的角色
Role allowed to bypass period restrictions.,允许角色绕过期限限制。
Role allowed to create/edit back-dated transactions,允许事后补单的角色
Role allowed to edit frozen stock,允许编辑冷冻库存的角色
Role allowed to override stop action,可忽略预算设置的停止控制的角色
Root,根
Root Company,根公司
"Root Type for {0} must be one of the Asset, Liability, Income, Expense and Equity",{0}的根类型必须是资产、负债、收入、费用或权益
Root cannot be edited.,根不能被编辑。
Round Off Tax Amount,四舍五入税额
Round Off for Opening,期初四舍五入
Round tax amount row-wise,税额按行取整
Rounding Loss Allowance should be between 0 and 1,四舍五入损失允许值应在0到1之间
Row # {0}: Cannot return more than {1} for Item {2},行＃{0}：无法退回超过{1}的物料{2}
Row # {0}: Please add Serial and Batch Bundle for Item {1},行号{0}：请为物料{1}添加序列号和批次包
Row # {0}: Please enter quantity for Item {1} as it is not zero.,第{0}行：物料{1}数量非零，请正确输入。
Row #1: Sequence ID must be 1 for Operation {0}.,第1行：工序{0}的序列ID必须为1。
Row #{0} (Payment Table): Amount must be negative,行＃{0}（付款表）：金额必须为负数
Row #{0} (Payment Table): Amount must be positive,行＃{0}（付款表）：金额必须为正值
Row #{0}: A reorder entry already exists for warehouse {1} with reorder type {2}.,行号{0}：仓库{1}已存在类型为{2}的再订货条目
Row #{0}: Accepted Warehouse and Rejected Warehouse cannot be same,行号{0}：验收仓库与拒收仓库不能相同
Row #{0}: Accepted Warehouse is mandatory for the accepted Item {1},行号{0}：验收物料{1}必须指定验收仓库
Row #{0}: Allocated Amount cannot be greater than Outstanding Amount of Payment Request {1},行号{0}：分配金额不能超过付款请求{1}的未清金额
Row #{0}: Allocated Amount cannot be greater than outstanding amount.,行＃{0}：已分配金额不能大于未付金额。
Row #{0}: Amount must be a positive number,行号#{0}：金额必须为正数
"Row #{0}: Asset {1} cannot be sold, it is already {2}",第{0}行：资产{1}不可出售，当前状态为{2}。
Row #{0}: Asset {1} is already sold,第{0}行：资产{1}已售出。
Row #{0}: BOM is not specified for subcontracting item {0},行号#{0}：外协物料{0}未指定物料清单（BOM）
Row #{0}: BOM not found for FG Item {1},第{0}行：未找到产成品物料{1}的物料清单
Row #{0}: Batch No(s) {1} is not a part of the linked Subcontracting Inward Order. Please select valid Batch No(s).,第{0}行：批次号{1}不属于关联的受托加工单。请选择有效的批次号。
Row #{0}: Cannot allocate more than {1} against payment term {2},行号#{0}：支付条款{2}的分配金额不能超过{1}
Row #{0}: Cannot cancel this Manufacturing Stock Entry as billed quantity of Item {1} cannot be greater than consumed quantity.,第{0}行：无法取消本生产库存凭证，因物料{1}的开票数量不得大于消耗数量。
Row #{0}: Cannot cancel this Manufacturing Stock Entry as quantity of Secondary Item {1} produced cannot be less than quantity delivered.,行 #{0}：无法取消此制造库存移动，因为生产的辅助物料 {1} 的数量不能少于交付的数量。
Row #{0}: Cannot cancel this Stock Entry as returned quantity cannot be greater than delivered quantity for Item {1} in the linked Subcontracting Inward Order,第{0}行：无法取消本库存凭证，因关联受托加工单中物料{1}的退货数量不得大于交付数量
Row #{0}: Cannot create entry with different taxable AND withholding document links.,行#{0}：无法使用不同的应税和预扣单据链接创建条目。
Row #{0}: Cannot delete item {1} which is already ordered against this Sales Order.,行 #{0}：无法删除已根据此销售订单订购的物料 {1}。
Row #{0}: Cannot set Rate if the billed amount is greater than the amount for Item {1}.,第{0}行：开票金额超过物料{1}金额时不可设置单价。
Row #{0}: Cannot transfer {1} {2} of Item {3}. Maximum transferable quantity is {4} {2}.,第 {0} 行：无法传输物料 {3} 的 {1} {2}。最大转让数量为{4} {2}。
Row #{0}: Child Item should not be a Product Bundle. Please remove Item {1} and Save,行号#{0}：子项不能为产品套装，请移除物料{1}后保存
Row #{0}: Consumed Asset {1} cannot be Draft,行号#{0}：消耗资产{1}不能为草稿状态
Row #{0}: Consumed Asset {1} cannot be cancelled,行号#{0}：消耗资产{1}无法取消
Row #{0}: Consumed Asset {1} cannot be the same as the Target Asset,行号#{0}：消耗资产{1}不能与目标资产相同
Row #{0}: Consumed Asset {1} cannot be {2},行号#{0}：消耗资产{1}不能为{2}
Row #{0}: Consumed Asset {1} does not belong to company {2},行号#{0}：消耗资产{1}不属于公司{2}
Row #{0}: Could not find enough {1} entries to match. Remaining amount: {2},行 #{0}：找不到足够的 {1} 条目进行匹配。剩余金额：{2}
Row #{0}: Cumulative threshold cannot be less than Single Transaction threshold,行号#{0}：累计阈值不能小于单笔交易阈值
Row #{0}: Customer Provided Item {1} against Subcontracting Inward Order Item {2} ({3}) cannot be added multiple times.,第{0}行：针对受托加工单物料{2}（{3}）的客户提供物料{1}不可重复添加。
Row #{0}: Customer Provided Item {1} cannot be added multiple times in the Subcontracting Inward process.,第{0}行：客户提供物料{1}在受托加工流程中不可重复添加。
Row #{0}: Customer Provided Item {1} cannot be added multiple times.,第{0}行：客户提供物料{1}不可重复添加。
Row #{0}: Customer Provided Item {1} does not exist in the Required Items table linked to the Subcontracting Inward Order.,第{0}行：客户提供物料{1}不存在于关联受托加工单的所需物料表中。
Row #{0}: Customer Provided Item {1} exceeds quantity available through Subcontracting Inward Order,第{0}行：客户提供物料{1}超出受托加工单可用数量
Row #{0}: Customer Provided Item {1} has insufficient quantity in the Subcontracting Inward Order. Available quantity is {2}.,第{0}行：受托加工单中客户提供物料{1}数量不足。可用数量为{2}。
Row #{0}: Customer Provided Item {1} is not a part of Subcontracting Inward Order {2},第{0}行：客户提供物料{1}不属于受托加工单{2}
Row #{0}: Customer Provided Item {1} is not a part of Work Order {2},第{0}行：客户提供物料{1}不属于工作订单{2}
Row #{0}: Dates overlapping with other row in group {1},行 #{0}：日期与组 {1} 中的其他行重叠
Row #{0}: Default BOM not found for FG Item {1},行号#{0}：产成品{1}未找到默认物料清单（BOM）
Row #{0}: Depreciation Start Date is required,行号#{0}：必须填写折旧起始日期
Row #{0}: Expense account {1} is not valid for Purchase Invoice {2}. Only expense accounts from non-stock items are allowed.,第 {0} 行：费用科目 {1} 对于采购发票 {2} 无效。仅允许非库存物料的费用科目。
Row #{0}: Finished Good Item Qty can not be zero,行号#{0}：产成品数量不能为零
Row #{0}: Finished Good Item is not specified for service item {1},行号#{0}：服务项{1}未指定产成品
Row #{0}: Finished Good Item {1} cannot be added in the Secondary Items table.,行 #{0}：无法在辅助物料表中添加成品合格物料 {1}。
Row #{0}: Finished Good Item {1} must be a sub-contracted item,行号#{0}：产成品{1}必须为外协物料
Row #{0}: Finished Good must be {1},行号#{0}：产成品必须为{1}
Row #{0}: Finished Good reference is mandatory for Secondary Item {1}.,行#{0}：辅助物料 {1} 必须提供“产成品”参考。
"Row #{0}: For Customer Provided Item {1}, Source Warehouse must be {2}",第{0}行：对于客户提供物料{1}，源仓库必须为{2}
Row #{0}: Frequency of Depreciation must be greater than zero,行 #{0}：折旧频率必须大于零
Row #{0}: From Date cannot be before To Date,行号#{0}：起始日期不能早于截止日期
Row #{0}: From Time and To Time fields are required,第{0}行：必须填写起止时间。
Row #{0}: Item {1} cannot be transferred more than {2} against {3} {4},第 {0} 行： 对 {3} {4} 发原物料 {1} 的数量不能超过 {2}
Row #{0}: Item {1} does not exist,行号#{0}：物料{1}不存在
Row #{0}: Item {1} has no stock in warehouse {2}.,行 #{0}：物料 {1} 在仓库 {2} 中没有库存。
Row #{0}: Item {1} has zero rate but '{2}' is not enabled.,第 {0} 行：物料 {1} 的单价为零，但“{2}”未启用。
"Row #{0}: Item {1} in warehouse {2}: Available {3}, Needed {4}.",行 #{0}：仓库 {2} 中的物料 {1}：可用 {3}，需要 {4}。
Row #{0}: Item {1} is not a Customer Provided Item.,第{0}行：物料{1}不是客户提供物料。
Row #{0}: Item {1} is not a part of Subcontracting Inward Order {2},第{0}行：物料{1}不属于受托加工单{2}
Row #{0}: Item {1} is not a service item,行号#{0}：物料{1}非服务项
Row #{0}: Item {1} is not a stock item,行号#{0}：物料{1}非库存物料
Row #{0}: Item {1} is not part of the source manufacture entry and cannot be added to this disassembly.,行 #{0}：物料 {1} 不是源制造条目的一部分，无法添加到此拆解中。
"Row #{0}: Item {1} mismatch. Changing of item code is not permitted, add another row instead.",第{0}行：物料{1}不匹配。不允许修改物料编码，请改为新增行。
Row #{0}: Item {1} mismatch. Changing of item code is not permitted.,第{0}行：物料{1}不匹配。不允许修改物料编码。
"Row #{0}: Item {1} quantity ({2} in stock UOM) does not match the quantity derived from the source ({3}). Do not change the UOM, conversion factor or quantity of disassembly rows.",行 #{0}：物料 {1} 数量（库存计量单位为 {2}）与从来源得出的数量 ({3}) 不匹配。请勿更改拆卸行的计量单位、换算系数或数量。
Row #{0}: Next Depreciation Date cannot be before Available-for-use Date,第{0}行：下次折旧日期不得早于启用日期。
Row #{0}: Next Depreciation Date cannot be before Purchase Date,第{0}行：下次折旧日期不得早于采购日期。
Row #{0}: Opening Accumulated Depreciation must be less than or equal to {1},第{0}行：期初累计折旧不得超过{1}。
Row #{0}: Overconsumption of Customer Provided Item {1} against Work Order {2} is not allowed in the Subcontracting Inward process.,第{0}行：受托加工流程中不允许超额消耗工作订单{2}对应的客户提供物料{1}。
Row #{0}: Please select the BOM No in Assembly Items,行号#{0}：请在组装物料中选择物料清单编号
Row #{0}: Please select the Finished Good Item against which this Customer Provided Item will be used.,第{0}行：请选择将使用此客户提供物料的产成品物料。
Row #{0}: Please select the Sub Assembly Warehouse,行号#{0}：请选择子装配仓库
Row #{0}: Please update deferred revenue/expense account in item row or default account in company master,行号#{0}：请更新物料行的递延收入/费用科目或公司主数据的默认科目
Row #{0}: Process Loss Percentage should be less than 100% for {1} Item {2},第 {0} 行：过程损失百分比应小于 100% f 或 {1} 项 {2}
Row #{0}: Qty increased by {1},行号#{0}：数量增加了{1}
Row #{0}: Qty must be a positive number,行号#{0}：数量必须为正数
Row #{0}: Quality Inspection is required for Item {1},行号#{0}：物料{1}需进行质量检验
Row #{0}: Quality Inspection {1} is not submitted for the item: {2},行号#{0}：物料{2}的质量检验{1}未提交
Row #{0}: Quality Inspection {1} was rejected for item {2},行号#{0}：物料{2}的质量检验{1}被拒收
Row #{0}: Quantity cannot be a non-positive number. Please increase the quantity or remove the Item {1},第{0}行：数量不能为非正数。请增加数量或移除物料{1}
Row #{0}: Quantity for Item {1} cannot be zero.,行号#{0}：物料{1}数量不能为零
Row #{0}: Quantity of Item {1} cannot be more than {2} {3} against Subcontracting Inward Order {4},第{0}行：针对受托加工单{4}，物料{1}的数量不得超过{2}{3}
"Row #{0}: Reference Document Type must be one of Sales Order, Sales Invoice, Journal Entry or Dunning",行号#{0}：参考单据类型必须为销售订单、销售发票、日记账或催款单
Row #{0}: Rejected Qty cannot be set for Secondary Item {1}.,行 #{0}：无法为辅助物料 {1} 设置拒绝数量。
Row #{0}: Rejected Warehouse is mandatory for the rejected Item {1},行号#{0}：拒收物料{1}必须指定拒收仓库
Row #{0}: Repair cost {1} exceeds available amount {2} for Purchase Invoice {3} and Account {4},第 {0} 行：维修费用 {1} 超过采购发票 {3} 和账户 {4} 的可用金额 {2}
Row #{0}: Return Against is required for returning asset,第{0}行：资产退货必须填写退货依据。
Row #{0}: Returned quantity cannot be greater than available quantity for Item {1},第{0}行：物料{1}的退货数量不得大于可用数量
Row #{0}: Returned quantity cannot be greater than available quantity to return for Item {1},第{0}行：物料{1}的退货数量不得大于可退数量
Row #{0}: Secondary Item Qty cannot be zero,行 #{0}：辅助物料数量不能为零
"Row #{0}: Selling rate for item {1} is lower than its {2}.
					Selling {3} should be atleast {4}.<br><br>Alternatively,
					you can disable '{5}' in {6} to bypass
					this validation.","第 #{0}行：项目 {1} 的售价低于其 {2}。
					出售 {3} 至少应为 {4}。<br><br>或者，
					您可以禁用 {6} 中的 '{5}' 以绕过
					此验证。"
Row #{0}: Sequence ID must be {1} or {2} for Operation {3}.,第{0}行：工序{3}的序列ID必须为{1}或{2}。
Row #{0}: Serial No(s) {1} are not a part of the linked Subcontracting Inward Order. Please select valid Serial No(s).,第{0}行：序列号{1}不属于关联的受托加工单。请选择有效的序列号。
"Row #{0}: Since 'Track Semi Finished Goods' is enabled, the BOM {1} cannot be used for Sub Assembly Items",第{0}行：因已启用“追踪半成品”，物料清单{1}不可用于子装配件物料
Row #{0}: Source Warehouse must be same as Customer Warehouse {1} from the linked Subcontracting Inward Order,第{0}行：源仓库必须与关联受托加工单中的客户仓库{1}相同
Row #{0}: Source Warehouse {1} for item {2} cannot be a customer warehouse.,第{0}行：物料{2}的源仓库{1}不能是客户仓库。
Row #{0}: Source Warehouse {1} for item {2} must be same as Source Warehouse {3} in the Work Order.,第{0}行：物料{2}的源仓库{1}必须与工作订单中的源仓库{3}相同。
Row #{0}: Source and Target Warehouse cannot be the same for Material Transfer,行#{0}：物料转移的源仓库和目标仓库不能相同
"Row #{0}: Source, Target Warehouse and Inventory Dimensions cannot be the exact same for Material Transfer",第 {0} 行：物料转移的源、目标仓库和库存维度不能完全相同
Row #{0}: Start Time must be before End Time,行号#{0}：开始时间必须早于结束时间
Row #{0}: Status is mandatory,行号#{0}：状态为必填项
Row #{0}: Status must be {1} for Invoice Discounting {2},行＃{0}：发票贴现的状态必须为{1} {2}
Row #{0}: Stock cannot be reserved in group warehouse {1}.,行号#{0}：不可在组仓库{1}预留库存
Row #{0}: Stock is already reserved for the Item {1}.,行号#{0}：物料{1}已预留库存
Row #{0}: Stock is reserved for item {1} in warehouse {2}.,行号#{0}：仓库{2}中物料{1}的库存已预留
Row #{0}: Stock quantity {1} ({2}) for item {3} cannot exceed {4},第{0}行：物料{3}的库存数量{1}（{2}）不得超过{4}
Row #{0}: Target Warehouse must be same as Customer Warehouse {1} from the linked Subcontracting Inward Order,第{0}行：目标仓库必须与关联受托加工单中的客户仓库{1}相同
Row #{0}: The warehouse {1} is not a child warehouse of a group warehouse {2},行号#{0}：仓库{1}不是组仓库{2}的子仓库
Row #{0}: Timings conflicts with row {1},行＃{0}：与排时序冲突{1}
Row #{0}: Total Number of Depreciations cannot be less than or equal to Opening Number of Booked Depreciations,行号#{0}：总折旧次数不可小于等于已记账折旧的期初次数
Row #{0}: Total Number of Depreciations must be greater than zero,行 #{0}：折旧总数必须大于零
Row #{0}: Warehouse {1} does not match with the warehouse {2} in Serial and Batch Bundle {3}.,行 #{0}：仓库 {1} 与序列号与批号 {3} 中的仓库 {2} 不匹配。
Row #{0}: Withholding Amount {1} does not match calculated amount {2}.,第 {0} 行：预扣金额 {1} 与计算出的金额 {2} 不匹配。
Row #{0}: Work Order exists against full or partial quantity of Item {1},第{0}行：存在针对物料{1}全部或部分数量的工作订单
Row #{0}: You cannot use the inventory dimension '{1}' in Stock Reconciliation to modify the quantity or valuation rate. Stock reconciliation with inventory dimensions is intended solely for performing opening entries.,行号#{0}：库存对账中不可使用库存维度'{1}'修改数量或成本价，带维度的库存对账仅用于期初录入
Row #{0}: You must select an Asset for Item {1}.,行号#{0}：必须为物料{1}选择资产
Row #{0}: {1} account is not of type {2},行 #{0}：{1} 账户的类型不是 {2}
Row #{0}: {1} can not be negative for item {2},行＃{0}：{1}不能为负值对项{2}
Row #{0}: {1} is mandatory for the Inventory Dimension {2}.,行 #{0}：{1} 对于库存维度 {2} 是必需的。
Row #{0}: {1} is required to create the Opening {2} Invoices,行号#{0}：创建期初{2}发票需提供{1}
Row #{0}: {1} of {2} should be {3}. Please update the {1} or select a different account.,行号#{0}：{2}的{1}应为{3}，请更新{1}或选择其他科目
Row #{0}:Quantity for Item {1} cannot be zero.,行 #{0}：物料 {1} 的数量不能为零。
Row #{idx}: Cannot select Supplier Warehouse while suppling raw materials to subcontractor.,行号#{idx}：外协供料时不可选择供应商仓库
Row #{idx}: Item rate has been updated as per valuation rate since its an internal stock transfer.,行号#{idx}：内部调拨时物料单价已按成本价率更新
Row #{idx}: Please enter a location for the asset item {item_code}.,行号#{idx}：请为资产物料{item_code}输入位置
Row #{idx}: Received Qty must be equal to Accepted + Rejected Qty for Item {item_code}.,行号#{idx}：物料{item_code}的接收数量必须等于接受数量+拒收数量
Row #{idx}: {field_label} can not be negative for item {item_code}.,行号#{idx}：物料{item_code}的{field_label}不能为负数
Row #{idx}: {field_label} is mandatory.,行号#{idx}：{field_label}为必填项
Row #{idx}: {from_warehouse_field} and {to_warehouse_field} cannot be same.,行号#{idx}：{from_warehouse_field}和{to_warehouse_field}不能相同
Row #{idx}: {schedule_date} cannot be before {transaction_date}.,行号#{idx}：{schedule_date}不能早于{transaction_date}
Row #{}: Either Party ID or Party Name is required,行 #{}：必须提供参与方 ID 或参与方名称
Row #{}: POS Invoice {} has been {},行号#{}：POS发票{}已被{}
Row #{}: POS Invoice {} is not against customer {},行号#{}：POS发票{}不针对客户{}
Row #{}: POS Invoice {} is not submitted yet,行号#{}：POS发票{}尚未提交
Row #{}: Party ID is required,行 #{}：缔约方 ID 为必填项
Row #{}: Please assign task to a member.,行号#{}：请将任务分配给成员
Row #{}: Serial No {} cannot be returned since it was not transacted in original invoice {},行号#{}：原始发票{}未交易序列号{}，不可退回
Row #{}: The original Invoice {} of return invoice {} is not consolidated.,行号#{}：退货发票{}的原始发票{}未合并
Row #{}: {},行号#{}：{}
Row #{}: {} {} does not exist.,行号#{}：{} {}不存在
Row No {0}: Warehouse is required. Please set a Default Warehouse for Item {1} and Company {2},行号{0}：必须指定仓库，请为物料{1}和公司{2}设置默认仓库
Row {0}: Accepted Qty and Rejected Qty can't be zero at the same time.,行号{0}：接受数量和拒收数量不能同时为零
Row {0}: Account {1} and Party Type {2} have different account types,行号{0}：科目{1}与交易方类型{2}的科目类型不一致
Row {0}: Advance against Supplier must be debit,行{0}：对供应商预付应为借方
Row {0}: Allocated amount {1} must be less than or equal to invoice outstanding amount {2},行号{0}：分配金额{1}不能超过发票未结金额{2}
Row {0}: Allocated amount {1} must be less than or equal to remaining payment amount {2},行号{0}：分配金额{1}不能超过剩余付款金额{2}
Row {0}: Cannot sell item {1} from Sample Retention Warehouse {2},第 {0} 行：无法销售样品保留仓库 {2} 中的物料 {1}
Row {0}: Conversion Factor is mandatory,行{0}：转换系数必填
Row {0}: Currency of the BOM #{1} should be equal to the selected currency {2},行{0}：BOM＃的货币{1}应等于所选货币{2}
Row {0}: Delivery Warehouse cannot be same as Customer Warehouse for Item {1}.,第{0}行：物料{1}的交货仓库不能与客户仓库相同。
Row {0}: Either Delivery Note Item or Packed Item reference is mandatory.,行号{0}：必须关联交货单物料或包装物料
Row {0}: Expected Value After Useful Life cannot be negative,第 {0} 行：使用寿命后的预期值不能为负数
Row {0}: Expected Value After Useful Life must be less than Net Purchase Amount,第{0}行：使用寿命结束后期望价值必须小于净采购金额
Row {0}: Expense Account {1} is linked to company {2}. Please select an account belonging to company {3}.,第 {0} 行：费用科目 {1} 链接到公司 {2}。请选择属于公司 {3} 的科目。
"Row {0}: For Supplier {1}, Email Address is Required to send an email",行号{0}：供应商{1}必须填写邮箱地址以发送邮件
Row {0}: Item Tax template updated as per validity and rate applied,行号{0}：物料税模板已按有效税率更新
Row {0}: Item rate has been updated as per valuation rate since its an internal stock transfer,行号{0}：内部调拨时物料单价已按成本价率更新
Row {0}: Item {1} must be a stock item.,行号{0}：物料{1}必须为库存物料
Row {0}: Item {1} must be a subcontracted item.,行号{0}：物料{1}必须为外协物料
Row {0}: Item {1} must be linked to a {2}.,第 {0} 行：物料 {1} 必须链接到 {2}。
Row {0}: Item {1}'s quantity cannot be higher than the available quantity.,行号{0}：物料{1}数量不可超过可用数量
Row {0}: Operation time should be greater than 0 for operation {1},第 {0} 行：操作 {1} 的操作时间应大于 0
Row {0}: Packing Slip is already created for Item {1}.,行号{0}：已为物料{1}创建装箱单
Row {0}: Party / Account does not match with {1} / {2} in {3} {4},行{0}：往来单位/科目{1} / {2}与{3} {4}不匹配
Row {0}: Payment Term is mandatory,行号{0}：支付条款为必填项
Row {0}: Payment against Sales/Purchase Order should always be marked as advance,行{0}：针对销售/采购订单收付款均须标记为预收/付
Row {0}: Please check 'Is Advance' against Account {1} if this is an advance entry.,行{0}：如果预付凭证，请为科目{1}勾选'预付？'。
Row {0}: Please provide a valid Delivery Note Item or Packed Item reference.,行号{0}：请提供有效的交货单物料或包装物料引用
Row {0}: Please select a BOM for Item {1}.,行号{0}：请为物料{1}选择物料清单（BOM）
Row {0}: Please select an active BOM for Item {1}.,行号{0}：请为物料{1}选择有效的物料清单（BOM）
Row {0}: Project must be same as the one set in the Timesheet: {1}.,行号{0}：项目必须与工时表{1}中设置的一致
Row {0}: Purchase Invoice {1} has no stock impact.,行号{0}：采购发票{1}无库存影响
Row {0}: Qty cannot be greater than {1} for the Item {2}.,行号{0}：物料{2}数量不可超过{1}
Row {0}: Qty in Stock UOM can not be zero.,行号{0}：库存单位的数量不可为零
Row {0}: Qty must be greater than 0.,行号{0}：数量必须大于0
Row {0}: Quantity cannot be negative.,行号{0}：数量不能为负数
Row {0}: Sales Invoice {1} is already created for {2},第 {0} 行：已为 {2} 创建销售发票 {1}
Row {0}: Serial/Batch has been reset to values linked with Work Order {1} because the previously selected serial/batch does not belong to this Work Order.,第 {0} 行：序列/批次已重置为与工作订单 {1} 链接的值，因为之前选择的序列/批次不属于此工作订单。
Row {0}: Shift cannot be changed since the depreciation has already been processed,行号{0}：折旧已处理后不可变更班次
Row {0}: Subcontracted Item is mandatory for the raw material {1},行号{0}：原材料{1}必须关联外协物料
Row {0}: Task {1} does not belong to Project {2},行号{0}：任务{1}不属于项目{2}
Row {0}: The entire expense amount for account {1} in {2} has already been allocated.,第 {0} 行：{2} 中科目 {1} 的全部费用金额已分配。
Row {0}: The {3} Account {1} does not belong to the company {2},行号{0}：{3}科目{1}不属于公司{2}
"Row {0}: To set {1} periodicity, difference between from and to date must be greater than or equal to {2}",行号{0}：设置{1}周期时，起止日期差值必须大于等于{2}
Row {0}: Transferred quantity cannot be greater than the requested quantity.,第 {0} 行：转移的数量不能大于请求的数量。
Row {0}: Update Stock must be checked for item {1} because it is against Pick List {2}.,第 {0} 行：必须检查物料 {1} 的更新库存，因为它与拣货单 {2} 相对应。
Row {0}: Warehouse is required,第 {0} 行：需要仓库
Row {0}: Warehouse {1} is linked to company {2}. Please select a warehouse belonging to company {3}.,第 {0} 行：仓库 {1} 链接到公司 {2}。请选择属于公司 {3} 的仓库。
Row {0}: Workstation or Workstation Type is mandatory for an operation {1},行号{0}：工序{1}必须指定工作站或工作站类型
Row {0}: {1} account already applied for Accounting Dimension {2},行 {0}: {1} 帐户已经应用于会计尺寸 {2}
Row {0}: {1} {2} cannot be same as {3} (Party Account) {4},行 {0}: {1} {2} 不能与 {3} (组队帐户) {4}
Row {0}: {1} {2} does not match with {3},行{0}：{1} {2}不相匹配{3}
Row {0}: {1} {2} is linked to company {3}. Please select a document belonging to company {4}.,第 {0} 行：{1} {2} 链接到公司 {3}。请选择属于公司 {4} 的单据。
Row {0}: {2} Item {1} does not exist in {2} {3},行 {0}: {2} 项目 {1} 在 {2} {3} 中不存在
Row {idx}: Asset Naming Series is mandatory for the auto creation of assets for item {item_code}.,行号{idx}：自动创建物料{item_code}的资产必须指定资产命名规则。
Row({0}): Outstanding Amount cannot be greater than actual Outstanding Amount {1} in {2},行({0})：未付金额不能大于实际未付金额 {1} 在 {2}
Row({0}): {1} is already discounted in {2},行（{0}）：{1}已在{2}中打折
Rows Added in {0},{0}中添加的行数
Rows Removed in {0},在{0}中删除的行
Rule Applied,适用规则
Rule Name,规则名称
Rule created successfully,规则创建成功
Rule deleted.,规则已删除。
Rule matched based on transaction description and other criteria.,根据交易描述和其他标准进行规则匹配。
Rule name is required,规则名称为必填项
Rule priorities updated,规则优先级已更新
Rule updated.,规则已更新。
Rules evaluation completed,规则评估完成
Rules evaluation started,规则评审开始
Rules to match against the transaction description,与交易描述匹配的规则
Run Rules,运行规则
Run on new transactions,运行新事务
Run parallel job cards in a workstation,在工作站中运行并行作业卡
Run rules automatically,自动运行规则
Run rules on unreconciled transactions that haven't been evaluated yet,对尚未评估的未对账交易运行规则
Running...,运行...
S.O. No.,销售订单号
SCIO Detail,SCIO详情
SLA is on hold since {0},自{0}起，SLA处于保留状态
SLA will be applied if {1} is set as {2}{3},如果 {1} 被设置为 {2}{3} ，SLA 将会被应用
SLA will be applied on every {0},SLA 将应用于每一个 {0}
SMS Center,短信中心
SO Qty,销售订单数量
STATEMENT OF ACCOUNTS,财务报表
SWIFT Number,SWIFT号码
Safety Stock,安全库存
Salary,工资
Salary Currency,薪资货币
Salary Mode,工资发放方式
Sales,销售
Sales & Purchase,销售及采购
Sales Account,销售科目
Sales Defaults,销售默认值
Sales Expenses,销售费用
Sales Forecast,销售预测
Sales Forecast Item,销售预测项
Sales Funnel,销售漏斗
Sales Incoming Rate,销售收入率
Sales Invoice Payment,销售发票付款
Sales Invoice Reference,销售发票参考
Sales Invoice Transactions,销售发票交易
Sales Invoice does not have Payments,销售发票无付款记录
Sales Invoice is already consolidated,销售发票已合并
Sales Invoice is not created using POS,本销售发票非通过POS创建
Sales Invoice is not submitted,销售发票未提交
Sales Invoice isn't created by user {},销售发票非由用户{}创建
Sales Invoice mode is activated in POS. Please create Sales Invoice instead.,POS中已启用销售发票模式，请直接创建销售发票。
Sales Invoice {0} must be deleted before cancelling this Sales Order,在取消此销售订单之前必须删除销售发票 {0}
Sales Monthly History,销售月历
Sales Opportunities by Campaign,销售商机活动
Sales Opportunities by Medium,中型销售机会
Sales Opportunities by Source,按来源划分的销售机会
Sales Order,销售订单
Sales Order Date,销售订单日期
Sales Order Schedule,销售订单计划
Sales Order Status,销售订单状态
Sales Order Trends,销售订单趋势
Sales Order required for Item {0},销售订单为物料{0}的必须项
"Sales Order {0} already exists against Customer's Purchase Order {1}. To allow multiple Sales Orders, Enable {2} in {3}",销售订单 {0} 已存在于客户的采购订单 {1}。若要允许多张销售订单，请在 {3} 中启用 {2}
Sales Order {0} is not available for production,销售订单 {0} 不可用于生产
Sales Order {0} is not submitted,销售订单{0}未提交
Sales Order {0} is not valid,销售订单{0}无效
Sales Orders Required,需要销售订单
Sales Partner ,销售合作伙伴 
Sales Person <b>{0}</b> is disabled.,销售员<b>{0}</b>已被停用。
Sales Pipeline,销售渠道
Sales Pipeline by Stage,销售管道按阶段
Sales Representative,销售代表
Sales Return,销售退货
Sales Stage,销售阶段
Sales Taxes and Charges,销售税费
Sales Team,销售团队
Sales Value,销售值
Sales and Returns,销售和退货
Salvage Value,残值
Same Company is entered more than once,公司代码在另一行已输入过，重复了
Same day,同一天
Same item and warehouse combination already entered.,已输入相同的商品和仓库组合。
Same item cannot be entered multiple times.,同一物料不能输入多次。
Same supplier has been entered multiple times,同一个供应商已多次输入
Sample Quantity,样品数量
Sample Retention Stock Entry,保留库存移动样本
Sample Size,样本大小
Sample quantity {0} cannot be more than received quantity {1},采样数量{0}不能超过接收数量{1}
Sanctioned,核准
Save Changes and Load New Invoice,保存更改并载入新发票
Save the currently opened form,保存当前打开的表单
Savings,储蓄
Sazhen,Sazhen
Scan Barcode,扫条码
Scan Job Card Qrcode,扫描工作卡二维码
Scan barcode for item {0},扫描条形码用于项目 {0}
Scanned Cheque,支票扫描
Scanned Quantity,已扫描数量
Schedule Name,时间表名称
Scheduled Date,计划日期
Scheduled job disabled. Transactions will not be auto classified.,预定作业被禁用。交易不会自动分类。
Scheduled job enabled. Transactions will be auto classified.,已启用预定作业。交易将被自动分类。
Scheduler is Inactive. Can't trigger job now.,调度程序未激活。现在无法触发作业。
Scheduler is Inactive. Can't trigger jobs now.,调度程序处于非活动状态。现在无法触发作业。
Scheduler is inactive. Cannot enqueue job.,调度器处于非活动状态。无法在队列工作。
Schedules,计划任务
Scheduling...,计划调度...
School/University,学校/大学
Score,得分了
Scoring Criteria,评分标准
Scoring Setup,得分设置
Scoring Standings,得分排名
Scrap date cannot be before purchase date,废料日期不能早于购买日期
Search APIs,搜索API
Search Term Param Name,搜索字词Param Name
Search account...,搜索帐号...
"Search by customer name, phone, email.",通过客户名称，电话，电子邮件进行搜索。
Search by invoice id or customer name,按发票编号或客户名称搜索
Search company...,搜寻公司...
Search transactions,搜索交易
Search values...,搜索值...
Second,秒
Second Email,第二封邮件
Secondary Items (as per BOM),辅助物料（根据 BOM）
Secondary Items (as per Manufacture Entries),辅助物料（根据制造条目）
Secondary Items Cost,辅助物料成本
Secondary Items Cost (Company Currency),辅助物料成本（本币）
Secondary Items Cost Per Qty,辅助物料每数量成本
Secondary Items Generated,生成的辅助物料
Secondary Role,次要角色
Secretary,秘书
Securities & Commodity Exchanges,证券及商品交易
Securities and Deposits,证券及存款
See All Articles,查看所有文章
Select Account,选择账户
Select Accounting Dimension.,选择会计维度。
Select Alternative Items for Sales Order,选择供销售订单使用的替代项目
Select Attribute Values,选择属性值
Select Brand...,选择品牌...
Select Columns and Filters,选择列与筛选条件
Select Company,选择公司
Select Company Address,选择公司地址
Select Corrective Operation,选择纠正性工序
Select Customers By,客户筛选依据
Select Date of Birth. This will validate Employees age and prevent hiring of under-age staff.,选择出生日期。此操作将验证员工年龄并防止雇用未成年人员。
"Select Date of joining. It will have impact on the first salary calculation, Leave allocation on pro-rata bases.",选择入职日期。这将影响首次薪资计算及按比例分配的年假额度。
Select Default Supplier,选择默认供应商
Select Dimension,选择维度
Select Dispatch Address ,选择发货地址
Select Employees,选择员工
Select Finished Good,选择产成品
Select Items to Receive,选择要接收的物料
Select Items up to Delivery Date,筛选截至交货日期的物料
Select Payment Schedule,选择付款时间表
Select Possible Supplier,选择潜在供应商
Select Quantity,选择数量
Select Serial No,选择序列号
Select Serial and Batch,选择序列号与批次
Select Supplier Address,选择供应商地址
Select Time,选择时间
Select View,选择视图
Select Warehouse...,选择仓库...
Select a Company,选择公司
Select a Company this Employee belongs to.,选择该员工所属的公司。
Select a Customer,选择客户
Select a Default Priority.,选择默认优先级。
Select a Payment Method.,请选择付款方式。
Select a Supplier,选择供应商
Select a bank account to reconcile,选择要核对的银行账户
Select a company,选择一家公司
Select a transaction to match and reconcile with vouchers,选择要与凭证匹配和对账的交易
Select all,选择全部
Select an Item Group.,选择物料组。
Select an invoice to load summary data,选择发票以加载汇总数据
Select an item from each set to be used in the Sales Order.,从每组中选择一个物料用于销售订单。
Select at least one attribute value.,至少选择一个属性值。
Select company first,首先选择公司
Select date,选择日期
Select number of days,选择天数
Select row {0},选择第 {0} 行
Select template item,选择模板物料
Select the Default Workstation where the Operation will be performed. This will be fetched in BOMs and Work Orders.,选择执行工序的默认工作站。此信息将用于物料清单和工单。
Select the Item to be manufactured.,选择待生产的物料。
"Select the Item to be manufactured. The Item name, UoM, Company, and Currency will be fetched automatically.",选择待生产的物料。物料名称、计量单位、公司和币种将自动获取。
Select the customer or supplier.,选择客户或供应商。
Select the date,选择日期
Select the date and your timezone,选择日期和时区
Select the group first to filter the applicable withholding categories below.,首先选择组以过滤下面适用的预扣税类别。
Select the modules that you plan to implement,选择您计划实施的模块
Select the raw materials (Items) required to manufacture the Item,选择生产该物料所需的原材料
Select variant item code for the template item {0},为模板物料{0}选择变体物料编码
"Select whether to get items from a Sales Order or a Material Request. For now select <b>Sales Order</b>.
 A Production Plan can also be created manually where you can select the Items to manufacture.","选择是否从销售订单或物料请求中获取物品。现在选择 <b>销售订单</b>。
 也可以手动创建生产计划，您可以在其中选择要制造的物品。"
Select your weekly off day,选择每周休息日
Selected POS Opening Entry should be open.,选定的POS期初条目应为开启状态。
Selected Print Format does not exist.,所选打印格式不存在。
Selected Serial and Batch Bundle entries have been fixed.,所选序列号和批次捆绑条目已修复。
Selected Vouchers,已选凭证
Selected date is,选定日期为
Selected document must be in submitted state,所选单据必须处于已提交状态
Sell,销售
Sell Asset,出售资产
Sell Qty,销售数量
Sell quantity cannot exceed the asset quantity,出售数量不能超过资产数量
Sell quantity cannot exceed the asset quantity. Asset {0} has only {1} item(s).,出售数量不能超过资产数量。资产 {0} 仅包含 {1} 项。
Sell quantity must be greater than zero,销售数量必须大于零
Selling,销售
Selling Amount,销售金额
Selling Rate,销售价
"Selling must be checked, if Applicable For is selected as {0}",如果“适用于”的值为{0}，则必须选择“销售”
Semi Finished Good / Finished Good,半成品/产成品
Semi Finished Goods / Finished Goods,半成品/产成品
Send Emails to Suppliers,向供应商发送邮件
Send To,发送到
Send with Attachment,发送附件
Separate columns for withdrawal and deposit,提款和存款分开的栏
Sequential,顺序
Serial / Batch,序列号/批号
Serial / Batch Bundle Missing,缺少序列号/批次组合
Serial Item settings,序列号设置
Serial No,序列号
Serial No (In/Out),序列号（入/出）
Serial No Already Assigned,序列号已分配
Serial No Count,序列号计数
Serial No Range,序列号范围
Serial No Reserved,已预留序列号
Serial No Series Overlap,序列号 无系列重叠
Serial No Status,序列号状态
Serial No and Batch Selector cannot be use when Use Serial / Batch Fields is enabled.,启用序列号/批次字段时不可使用序列号批次选择器
Serial No and Batch Traceability,序列号与批号追溯
Serial No is mandatory,序列号为必填项
Serial No is mandatory for Item {0},序列号是物料{0}的必须项
Serial No {0} already exists,序列号{0}已存在
Serial No {0} already scanned,序列号{0}已扫描
Serial No {0} does not belong to Item {1},序列号{0}不属于物料{1}
Serial No {0} does not exist,序列号{0}不存在
Serial No {0} is already Delivered. You cannot use them again in Manufacture / Repack entry.,序列号 {0} 已交付。您不能在生产/重新包装条目中再次使用该序列号。
Serial No {0} is already added,序列号{0}已添加
Serial No {0} is already assigned to customer {1}. Can only be returned against the customer {1},序列号{0}已分配给客户{1}，仅可针对客户{1}进行退货
"Serial No {0} is not present in the {1} {2}, hence you can't return it against the {1} {2}",序列号{0}未存在于{1}{2}中，因此不能针对该{1}{2}进行退回
Serial No {0} is under maintenance contract upto {1},序列号{0}截至至{1}之前在年度保养合同内。
Serial No {0} is under warranty upto {1},序列号{0}截至至{1}之前在保修内。
Serial No {0} not found,序列号{0}未找到
Serial No: {0} has already been transacted into another POS Invoice.,序列号:{0}已存在于其他POS发票中。
Serial Nos,序列号
Serial Nos / Batch Nos,序列号/批次号
Serial Nos / Batches,序列号/批次
Serial Nos are created successfully,序列号创建成功
"Serial Nos are reserved in Stock Reservation Entries, you need to unreserve them before proceeding.",序列号已在库存预留条目中预留，继续操作前需取消预留。
Serial Nos {0} are already Delivered. You cannot use them again in Manufacture / Repack entry.,序列号 {0} 已交付。您不能在制造/重新包装条目中再次使用它们。
Serial and Batch Bundle Exists,存在序列号与批号
Serial and Batch Bundle created,序列号批次组合已创建
Serial and Batch Bundle updated,序列号批次组合已更新
Serial and Batch Bundle {0} is not submitted,序列号和批次捆绑{0}未提交
Serial and Batch Bundle {0} is submitted and its entries cannot be modified.,序列号与批号 {0} 已提交，且其条目无法修改。
Serial and Batch No for Item Disabled,禁用物料的序列号和批次号
Serial and Batch Nos,序列号批次号
Serial number {0} entered more than once,序列号{0}已多次输入
Serial numbers unavailable for Item {0} under warehouse {1}. Please try changing warehouse.,仓库{1}下物料{0}的序列号不可用，请尝试更换仓库。
Service Address,服务地址
Service Day,服务日
Service End Date,服务结束日期
Service Expense Account,服务费用科目
Service Item Qty,服务物料数量
Service Item Qty / Finished Good Qty,服务物料数量/产成品数量
Service Item UOM,服务物料单位
Service Item {0} is disabled.,服务物料{0}已停用
Service Item {0} must be a non-stock item.,服务物料{0}必须为非库存物料
Service Level Agreement,服务水平协议
Service Level Agreement Creation,服务水平协议创建
Service Level Agreement Details,服务级别协议明细
Service Level Agreement Status,服务级别协议状态
Service Level Agreement for {0} {1} already exists.,{0}{1}的服务级别协议已存在。
Service Level Agreement has been changed to {0}.,服务水平协议已更改为{0}。
Service Level Agreement was reset.,服务级别协议已重置。
Service Level Agreements,服务等级协定
Service Start Date,服务开始日期
Service Stop Date,服务停止日期
Service Stop Date cannot be before Service Start Date,服务停止日期不能早于服务开始日期
Services,服务
Set Default Supplier,设置默认供应商
Set Delivery Warehouse,设置交货仓库
Set Dropship Items Delivered Quantity,设置代发货物料的交付数量
Set Finished Good Quantity,设置产成品数量
Set Grand Total to Default Payment Method,将总计金额设为默认付款方式
Set Loyalty Program,设置忠诚度计划
Set Parent Row No in Items Table,在物料表中设置父行号
Set Posting Date,设置过账日期
Set Process Loss Item Quantity,设置加工损耗物料数量
Set Project Status,设置项目状态
Set Project and all Tasks to status {0}?,将项目和所有任务设置为状态{0}？
Set Response Time for Priority {0} in row {1}.,为第{1}行的优先级{0}设置响应时间。
Set Supplier,设置供应商
Set as Closed,设置为关闭
Set as Completed,设为已完成
Set by Item Tax Template,按物料税模板设置
Set closing balance as per bank statement,根据银行对账单设置期末余额
Set default {0} account for non stock items,设置非库存物料的默认{0}科目
Set quantity of process loss item:,设置加工损耗物料数量：
Set the Planned Start Date (an Estimated Date at which you want the Production to begin),设置计划开始日期（预计开始生产的日期）
Set the clearance date for this voucher without reconciling with a bank transaction.,设置此凭证的清算日期，无需与银行交易核对。
Set this if the customer is a Public Administration company.,如果客户是公共管理公司，请设置此项。
Set up rules to automatically classify transactions. Drag and drop rules to reorder their priority.,设置规则以自动对交易进行分类。拖放规则以重新排列其优先级。
Set valuation rate for rejected Materials,设置退货物料的成本价
Set {0} in asset category {1} for company {2},为{2}公司设置资产类别{1}的{0}
Set {0} in asset category {1} or company {2},在资产类别{1}或公司{2}中设置{0}
Set {0} in company {1},在{1}公司设置{0}
Setting Account Type helps in selecting this Account in transactions.,设置科目类型有助于在交易中选择该科目。
Setting Item Locations...,设置物料位置...
Setting defaults,设置默认值
Setting {0} is required,必须设置{0}
Setup Sales taxes,设置销售税
Setup Warehouse,设置仓库
Share Management,股份管理
Share Transfer,股份转让
Share Type,分享类型
Shareholder,股东
Shelf Life In Days,保质期天数
Shelf Life in Days,保质期(天)
Shift Factor,班次系数
Shift Name,班次名称
Shift Time (In Hours),班次时间（小时）
Shipping Address does not belong to the {0},发货地址不属于{0}
Shipping rule not applicable for country {0} in Shipping Address,运输规则不适用于发货地址中的{0}国家
Shipping rule only applicable for Buying,运费规则只适用于采购
Shipping rule only applicable for Selling,运费规则仅适用于销售
Shopping Cart,购物车
Short Name,简称
Short biography for website and other publications.,在网站或其他出版物使用的个人简介
Show Alternate UOM Balance,显示备用计量单位余额
Show Completed,显示已完成
Show Credit / Debit in Company Currency,以本币显示借贷金额
Show Cumulative Amount,显示累计金额
Show Disabled Items,显示已禁用物料
Show GL Balance,显示总账余额
Show Group Accounts,显示上层(组)科目
Show In Website,在网站上展示
Show Item Name,显示物料名称
Show Items,显示物料
Show Latest Forum Posts,显示最新的论坛帖子
Show Opening and Closing Balance,显示期初与期末余额
Show Payment Schedule in print,打印付款计划
Show availability of exploded items,显示分解物料的可用性
Show balances in Chart of Accounts,在科目表中显示余额
Show barcode field in stock transactions,启用扫条码字段
Show in Bucket View,在桶视图中显示
Show inclusive tax in print,打印时显示含税价中的税额
Show negative values as positive (for expenses in P&L),将负值显示为正值（对于损益表中的费用）
Show only POS,只显示POS
Show only the Immediate Upcoming Term,仅显示即将到期的条款
Show pay button in Purchase Order portal,在门户网站采购订单详情界面显示付款按钮
Show pending entries,显示待处理条目
Show taxes as table in print,税以明细表形式打印输出
Show zero values,显示零值
Show {0},显示{0}
Signed By (Company),签署方(公司)
Signee,签署人
Signee (Company),签署人(公司)
Signee Details,签名信息
Similar types of workstations where the same operations run in parallel.,相同工序并行运行的同类工作站。
"Simple Python Expression, Example: doc.status == 'Open' and doc.issue_type == 'Bug'",简单Python表达式，示例：doc.status == 'Open' and doc.issue_type == 'Bug'
"Simple Python Expression, Example: territory != 'All Territories'",简单Python表达式，示例：territory != 'All Territories'
"Simple Python formula applied on Reading fields.<br> Numeric eg. 1: <b>reading_1 &gt; 0.2 and reading_1 &lt; 0.5</b><br>
Numeric eg. 2: <b>mean &gt; 3.5</b> (mean of populated fields)<br>
Value based eg.:  <b>reading_value in (""A"", ""B"", ""C"")</b>","简单的 Python 公式应用于阅读字段。<br> 数字例如 1： <b>reading_1 &gt; 0.2 和 reading_1 &lt; 0.5</b><br>
数字例如 2： <b>平均值 &gt; 3.5</b> (填充字段的平均值)<br>
基于值例如：  <b>reading_value in (""A"", ""B"", ""C"")</b>"
Simultaneous,并行
"Since there is a process loss of {0} units for the finished good {1}, you should reduce the quantity by {0} units for the finished good {1} in the Items Table.",由于成品 {1} 存在 {0} 单位的流程损失，因此您应在物料表中将成品 {1} 的数量减少 {0} 单位。
"Since you have enabled 'Track Semi Finished Goods', at least one operation must have 'Is Final Finished Good' checked. For that set the FG / Semi FG Item as {0} against an operation.",由于您已启用“跟踪半成品”，因此至少一项工序必须选中“是否最终成品”。为此，针对操作将 FG / Semi FG Item 设置为 {0}。
"Since {0} are Serial No/Batch No items, you cannot enable 'Recreate Stock Ledgers' in Repost Item Valuation.",由于{0}为序列号/批次号物料，您无法在物料成本价追溯调整时启用“重建库存分类账”。
"Since {0} has 'Update Stock' disabled, you cannot create repost item valuation against it",由于 {0} 已禁用“更新库存”，因此您无法为其创建物料成本价追溯调整
Single,单身
Single Account,单一账户
Skip Material Transfer to WIP,跳过来料加工转移
Skipped {0} DocType(s):<br>{1},已跳过 {0} 个 DocType:<br>{1}
Skype ID,Skype ID
Slug/Cubic Foot,斯勒格/立方英尺
Small,小
Smoothing Constant,平滑常数
Soap & Detergent,肥皂和洗涤剂
Software,软件
Software Developer,软件开发人员
Solvency Ratios,偿债能力比率
Some required Company details are missing. You don't have permission to update them. Please contact your System Manager.,部分必需的公司信息缺失。您无权限更新这些信息，请联系系统管理员。
Something went wrong please try again,发生错误，请重试
"Sorry, this coupon code is no longer valid",抱歉，此优惠券代码已失效
"Sorry, this coupon code's validity has expired",抱歉，此优惠券代码有效期已过
"Sorry, this coupon code's validity has not started",抱歉，此优惠券代码尚未生效
Source Document,源单据
Source Document No,源单据编号
Source Fieldname,来源字段名
Source Manufacture Entry,来源生产库存移动
Source Stock Entry (Manufacture),来源库存移动（制造）
"Source Stock Entry {0} belongs to Work Order {1}, not {2}. Please use a manufacture entry from the same Work Order.",源库存移动 {0} 属于工作订单 {1}，而不是 {2}。请使用同一工作订单中的制造条目。
Source Stock Entry {0} has no finished goods quantity,源库存移动 {0} 没有成品数量
Source Type,来源类型
Source Warehouse is mandatory for the Item {0}.,物料{0}必须指定来源仓库。
Source Warehouse {0} must be same as Customer Warehouse {1} in the Subcontracting Inward Order.,源仓库{0}必须与受托加工单中的客户仓库{1}相同。
Source of Funds (Liabilities),资金来源（负债）
Source warehouse required for stock item {0},库存物料 {0} 需要源仓库
Sourced by Supplier,供应商提供
South Africa VAT Account,南非增值税科目
South Africa VAT Settings,南非增值税设置
Specify Exchange Rate to convert one currency into another,指定外币汇率的汇率
Specify conditions to calculate shipping amount,指定用来计算运费金额的条件
"Spending for Account {0} ({1}) between {2} and {3} has already exceeded the new allocated budget. Spent: {4}, Budget: {5}",科目 {0} ({1}) 在 {2} 到 {3} 之间的支出已超出新分配的预算。花费：{4}，预算：{5}
Spent,已用
Split Issue,拆分问题
Split Quantity must be less than Asset Quantity,拆分数量必须小于资产数量。
Split across {} accounts,跨 {} 个科目拆分
Split commission credit across multiple sales persons.,将佣金信用分配给多个销售人员。
Splitting {0} {1} into {2} rows as per Payment Terms,根据付款条款将{0}{1}拆分为{2}行
Sports,体育
Square Centimeter,平方厘米
Square Foot,平方英尺
Square Inch,平方英寸
Square Kilometer,平方公里
Square Meter,平方米
Square Mile,平方英里
Square Yard,平方码
Stale Days,信用证有效期天数
Stale Days should start from 1.,陈旧天数应从1开始
Standard Buying,标准采购
Standard Description,标准描述
Standard Rated Expenses,标准税率费用
Standard Selling,标准销售
Standard Selling Rate,标准售价
Standard Template,标准模板
Standard rated supplies in {0},{0}中的标准税率供应品
Start Date cannot be after End Date,开始日期不能晚于结束日期
Start Date cannot be before the current date,开始日期不能早于当前日期
Start Date should be lower than End Date,开始日期应早于结束日期
Start Merge,开始合并
Start Time can't be greater than or equal to End Time for {0}.,{0}的开始时间不能大于或等于结束时间
Start Year,开始年份
Start Year and End Year are mandatory,起始年度和结束年度为必填项
Start date should be less than end date for Item {0},物料{0}的开始日期必须小于结束日期
Start date should be less than end date for task {0},开始日期应该小于任务{0}的结束日期
Started a background job to create {1} {0}. {2},启动后台作业来创建 {1} {0}。 {2}
Starting location from left edge,从左边起始位置
Starting position from top edge,起价顶边位置
Starts With,开始于
Starts with,开始于
Statement Details,声明详情
Statement File,对账单文件
Statement Format,结单格式
Statement Import Instructions,对账单导入说明
Statement Of Accounts,对账单
Statement PDF Password,对账单 PDF 密码
Statement Period,结单期限
Status and Reference,状态和参考
Status must be one of {0},状态必须是{0}中的一个
Stock,库存
Stock Adjustment,库存调整
Stock Adjustment Account,库存调整科目
Stock Asset Account,库存资产科目
Stock Available,可用库存
Stock Capacity,库存容量
Stock Closing Balance,库存期末余额
Stock Closing Entry,库存结转分录
Stock Closing Entry {0} already exists for the selected date range,所选日期范围已存在库存结转分录{0}
"Stock Closing Entry {0} has been queued for processing, system will take sometime to complete it.",库存结转分录{0}已加入处理队列，系统需要时间完成处理
Stock Closing Log,库存结转日志
Stock Details,库存详细信息
Stock Entry Item,库存凭证物料
Stock Entry {0} has created,库存分录{0}已创建
Stock Items,库存产品
Stock Ledgers won’t be reposted.,库存分类帐不会重新过账。
Stock Levels,库存水平
Stock Levels HTML,库存水平 HTML
Stock Liabilities,库存负债
Stock Partially Reserved,部分预留库存
Stock Planning,库存计划
Stock Qty,库存数量
Stock Qty vs Batch Qty,库存数量与批次数量
Stock Reconciliations,库存对账
Stock Reports,库存报表
Stock Reservation,库存预留
Stock Reservation Entries created,已创建库存预订条目
Stock Reservation Warehouse Mismatch,库存预留仓库不匹配
Stock Reserved,已预留库存
Stock Reserved Qty,已预留数量
Stock Setup,库存设置
Stock Transactions,库存交易
Stock Update Not Allowed,不允许库存更新
Stock account where inventory value for this item will be tracked,将跟踪该物料的库存价值的库存科目
Stock and Manufacturing,库存与生产
Stock cannot be updated against the following Delivery Notes: {0},无法针对以下交货单更新库存：{0}
Stock cannot be updated because the invoice contains a drop shipping item. Please disable 'Update Stock' or remove the drop shipping item.,因发票包含直运物料，无法更新库存。请禁用'更新库存'或移除直运物料
Stock cannot be updated for Purchase Invoice {0} because a Purchase Receipt {1} has already been created for this transaction. Please disable the 'Update Stock' checkbox in the Purchase Invoice and save the invoice.,无法更新采购发票 {0} 的库存，因为已为此交易创建了采购入库 {1}。请禁用采购发票中的“更新库存”复选框并保存发票。
"Stock entries exist with the old account. Changing the account may lead to a mismatch between the warehouse closing balance and the account closing balance. The overall closing balance will still match, but not for the specific account.",旧账户中存在库存条目。更改账户可能会导致仓库期末余额与账户期末余额不匹配。总体期末余额仍将匹配，但特定账户则不匹配。
Stock frozen up to,库存冻结最多
Stock has been unreserved for work order {0}.,已取消工单{0}的库存预留
Stock transactions before {0} are frozen,早于{0}的库存事务已冻结
Stone,石材
"Stopped Work Order cannot be cancelled, Unstop it first to cancel",停止的工单不能取消，先取消停止
Stores,仓库
Sub Assemblies,半成品
Sub Assemblies & Raw Materials,子装配件与原材料
Sub Assembly Item Reference,子组件物料参考
Sub Assembly Item is mandatory,子装配件物料为必填项
Sub Assembly Warehouse,子装配件仓库
Sub Operation,子工序
Sub Operations,子工序
Sub Procedure,子流程
Sub assembly item references are missing. Please fetch the sub assemblies and raw materials again.,缺少子装配体物料参考。请重新获取子组件和原材料。
Subcontract BOM,外协物料清单
Subcontracted Purchase Order,外协采购订单
Subcontracted Quantity,外协数量
Subcontracting Conversion Factor,外协转换系数
Subcontracting Finished Good,委外成品
Subcontracting Inward,受托加工
Subcontracting Inward Order,受托加工单
Subcontracting Inward Order Item,受托加工单物料
Subcontracting Inward Order Received Item,受托加工单收货物料
Subcontracting Inward Order Secondary Item,委外内向订单辅助物料
Subcontracting Inward Order Service Item,受托加工单服务物料
Subcontracting Order {0} created.,外协订单{0}已创建
Subcontracting Return,受托加工退货
Subcontracting Sales Order,受托加工销售订单
Subcontracting Service Item,委外服务物料
Subdivision,细分
Submit Action Failed,提交操作失败
Submit Generated Invoices,提交生成的发票
Submit Journal entries,提交日记条目
Submit your Quotation,提交您的报价单
Submitted Job Card cannot be processed.,无法处理已提交的生产任务单。
Subscription End Date,订阅结束日期
Subscription End Date is mandatory to follow calendar months,订阅结束日期必须按日历月设置
Subscription End Date must be after {0} as per the subscription plan,根据订阅计划，订阅结束日期必须在{0}之后
Subscription Management,订阅管理
Subscription Period,订阅期
Subscription Plan,订阅计划
Subscription Plan Detail,订阅计划信息
Subscription Plans,订阅计划
Subscription Price Based On,订阅价格依据
Subscription Start Date,订阅开始日期
Subscription for Future dates cannot be processed.,无法处理未来日期的订阅
Subscriptions,订阅
Succeeded,成功
Succeeded Entries,成功条目
Success Redirect URL,成功重定向URL
Success Settings,成功设置
Successful,成功
Successfully Set Supplier,成功设置供应商
"Successfully changed Stock UOM, please redefine conversion factors for new UOM.",已成功更改库存单位，请重新定义新单位的换算系数
Successfully imported {0} record.,成功导入{0}条记录
Successfully merged {0} out of {1}.,成功合并{1}中的{0}条记录
"Successfully updated {0} record out of {1}. Click on Export Errored Rows, fix the errors and import again.",成功更新{1}条记录中的{0}条。单击“导出错误行”，修复错误后重新导入
Successfully updated {0} record.,成功更新{0}条记录
"Successfully updated {0} records out of {1}. Click on Export Errored Rows, fix the errors and import again.",成功更新{1}条记录中的{0}条。单击“导出错误行”，修复错误后重新导入
Suggest creating a,建议创建一个
Suggested,建议
Suggested Transfer to {0},建议转移到{0}
Suggestions,建议
Summary for this week and pending activities,本周和待活动总结
Supplier,供应商
Supplier Address,供应商地址
Supplier Contact,供应商联系人
Supplier Defaults,供应商违约
Supplier Details,供应商信息
Supplier Info,供应商信息
Supplier Invoice,供应商发票
Supplier Item,供应商物料
Supplier Name,供应商名称
Supplier Number,供应商编号
Supplier Number At Customer,客户端供应商编号
Supplier Numbers,供应商编号列表
Supplier Part No,供应商部件号
Supplier Quotation,供应商报价
Supplier Quotation {0} Created,供应商报价{0}已创建
Supplier Required,需要供应商
Supplier Score,供应商分数
Supplier Type,供应商类型
Supplier is required for all selected Items,所有选定的物料都需要供应商
Supplier of Goods or Services.,提供商品或服务的供应商。
Supplier {0} not found in {1},在{1}中找不到供应商{0}
"Supplier's tax identification number (e.g. PAN, VAT, GST)",供应商的税务识别号（例如 PAN、VAT、GST）
Supplier(s),供应商
Suppliers,供应商
Supplies subject to the reverse charge provision,适用反向征税条款的供应品
Supply,供应
Support Search Source,支持搜索源
Suspected Discount Amount,疑似折扣金额
Switch Between Payment Modes,切换支付方式
"Switch between light, dark, or system theme",在浅色、深色或系统主题之间切换
Sync Now,立即同步
Sync Started,同步已启动
System In Use,使用中的系统
"System User (login) ID. If set, it will become default for all HR forms.",系统用户的（登录）ID，将作为人力资源表单的默认ID。
TDS / withholding tax category applied when paying this supplier,向该供应商付款时应用的 TDS/预扣税类别
TDS Deducted,已扣除TDS
TDS Payable,应付TDS
TDS/TCS is calculated at the rate defined here on every payment from this customer.,TDS/TCS 是根据该客户的每笔付款按照此处定义的费率计算的。
Table for Item that will be shown in Web Site,将在网站显示的物料表
Table {0},表{0}
Tablespoon (US),汤匙（美制）
Target  Amount,目标金额
Target ({}),目标（{}）
Target Asset {0} cannot be cancelled,目标资产{0}无法取消
Target Asset {0} cannot be submitted,目标资产{0}无法提交
Target Asset {0} cannot be {1},目标资产{0}无法{1}
Target Asset {0} does not belong to company {1},目标资产{0}不属于公司{1}
Target Detail,目标详细信息
Target Details,目标细节
Target Exchange Rate,目标汇率
Target Fieldname (Stock Ledger Entry),目标字段名（库存分类账分录）
Target Fixed Asset Account,目标固定资产科目
Target Item {0} must be a Fixed Asset item,目标物料{0}必须为固定资产物料
Target Location is required for transferring Asset {0},转移资产{0}需要目标位置
Target Location is required while receiving Asset {0},接收资产{0}时需要目标位置
Target On,目标类型
Target Qty,目标数量
Target Warehouse Reservation Error,目标仓库预留错误
Target Warehouse for Finished Good must be same as Finished Good Warehouse {1} in Work Order {2} linked to the Subcontracting Inward Order.,产成品的目标仓库必须与关联受托加工单的工作订单{2}中的产成品仓库{1}相同。
Target Warehouse is required before Submit,提交前需填写目标仓库
Target Warehouse is set for some items but the customer is not an internal customer.,部分物料设置了目标仓库，但客户不是内部客户
Target Warehouse {0} must be same as Delivery Warehouse {1} in the Subcontracting Inward Order Item.,目标仓库{0}必须与受托加工单物料中的交货仓库{1}相同。
Targets,目标
Tariff Number,税则号
Task Assignee Email,任务分配人邮箱
Task Completion,任务完成
Task Depends On,前置任务
Task Description,任务描述
Task Type,任务类型
Task Weight,任务权重
Task {0} depends on Task {1}. Please add Task {1} to the Tasks list.,任务{0}依赖任务{1}。请将任务{1}添加到任务列表
Tax Account,税收科目
Tax Amount,税额
Tax Assets,所得税资产
Tax ID,纳税登记号
Tax Id: {0},税务编号：{0}
Tax Identification,税务识别
Tax Rate,税率
Tax Rate %,税率 %
Tax Rates,税率
Tax Refunds provided to Tourists under the Tax Refunds for Tourists Scheme,根据游客退税计划向游客提供的税款退还
Tax Row,税行
Tax Rule Conflicts with {0},税收规则与{0}冲突
Tax Withholding Account,代扣税款科目
Tax Withholding Details,代扣代缴明细
Tax Withholding Entries,预扣税分录
Tax Withholding Entry,预扣税录入
"Tax detail table fetched from item master as a string and stored in this field.
Used for Taxes and Charges","税务细节表已作为字符串从项目主中获取并存储在此字段。
用于税收和费用"
Tax withheld only for amount exceeding cumulative threshold,仅对超过累计起征点的金额代扣代缴税款
Taxable Amount,应税金额
Taxes,税
Taxes and Charges Calculation,税费计算
Taxes row #{0}: {1} cannot be smaller than {2},第{0}行税项：{1}不能小于{2}
Team,团队
Teaspoon,茶匙
Technical Atmosphere,工程大气压
Technology,技术
Telecommunications,电信
Telephone Expenses,电话费
Television,电视
Template Item,模板物料
Template Item Selected,已选模板物料
Template Task,模板任务
Template Title,模板标题
Temporary,临时
Temporary Accounts,临时科目
Temporary Opening,临时开账
Temporary Opening Account,临时开账科目
Term Details,条款信息
Terms,条款
Terms Template,条款模板
Terms and Conditions,条款和条件
Terms and Conditions Content,条款和条件内容
Terms and Conditions Details,条款和条件信息
Terms and Conditions Help,条款和条件帮助
Terms and Conditions Template,条款和条件模板
Territory Item,区域物料
Territory Manager,区域经理
Territory Name,区域名称
Territory Targets,区域目标
Territory-wise Sales,分区域销售
Tesla,特斯拉
"Text displayed on the financial statement (e.g., 'Total Revenue', 'Cash and Cash Equivalents')",财务报表上显示的文本（例如“总收入”、“现金及现金等价物”）
The 'From Package No.' field must neither be empty nor it's value less than 1.,“From Package No.”字段不能为空，也不能小于1。
"The Access to Request for Quotation From Portal is Disabled. To Allow Access, Enable it in Portal Settings.",门户询价申请功能已禁用。如需启用，请在门户设置中开启
The BOM which will be replaced,此物料清单将被替换
"The Batch {0} has negative batch quantity {1}. To fix this, go to the batch and click on Recalculate Batch Qty. If the issue still persists, create an inward entry.",批次{0}存在负批次数量{1}。要修复此问题，请前往该批次并点击“重新计算批次数量”。若问题仍存在，请创建入库凭证。
The Campaign '{0}' already exists for the {1} '{2}',活动'{0}'已存在于{1}'{2}'中
The Company {0} of Sales Forecast {1} does not match with the Company {2} of Master Production Schedule {3}.,销售预测{1}的公司{0}与主生产计划{3}的公司{2}不匹配。
The Document Type {0} must have a Status field to configure Service Level Agreement,单据类型{0}必须具有状态字段以配置服务级别协议
The Excluded Fee is bigger than the Deposit it is deducted from.,排除费用大于从中扣除的押金。
"The GL Entries and closing balances will be processed in the background, it can take a few minutes.",总账分录和期末余额将在后台处理，可能需要几分钟
"The GL Entries will be cancelled in the background, it can take a few minutes.",总账分录将在后台取消，可能需要几分钟
"The Payment Request {0} is already paid, cannot process payment twice",付款申请{0}已支付，不能重复处理
The Payment Term at row {0} is possibly a duplicate.,第{0}行的支付条款可能是重复的。
"The Pick List having Stock Reservation Entries cannot be updated. If you need to make changes, we recommend canceling the existing Stock Reservation Entries before updating the Pick List.",存在库存预留记录的拣货清单无法更新。如需修改，建议在更新前取消现有库存预留
The Sales Person is linked with {0},该销售员与{0}相关联
The Serial No at Row #{0}: {1} is not available in warehouse {2}.,第{0}行的序列号{1}在仓库{2}中不可用
The Serial No {0} is reserved against the {1} {2} and cannot be used for any other transaction.,序列号{0}已为{1}{2}预留，不能用于其他交易
The Serial and Batch Bundle {0} is not valid for this transaction. The 'Type of Transaction' should be 'Outward' instead of 'Inward' in Serial and Batch Bundle {0},序列号批次组合{0}对此交易无效。在序列号批次组合{0}中，'交易类型'应为'出库'而非'入库'
"The Stock Entry of type 'Manufacture' is known as backflush. Raw materials being consumed to manufacture finished goods is known as backflushing. <br><br> When creating Manufacture Entry, raw-material items are backflushed based on BOM of production item. If you want raw-material items to be backflushed based on Material Transfer entry made against that Work Order instead, then you can set it under this field.",'生产'类型的库存转移单称为反冲。通过消耗原材料生产成品称为反冲处理。<br><br>创建生产转移单时，原材料根据生产物料的BOM进行反冲。若希望基于工单的物料转移单进行反冲，可在此字段设置
The allocated amount is greater than the outstanding amount of Payment Request {0},分配金额超过付款申请{0}的未清金额
The amount format detected in the statement file. This is used to parse the deposit and withdrawal values from each row.,在对账单文件中检测到的金额格式。这用于解析每行的存款和取款值。
The bank account is disabled. Please enable it,银行账户已被禁用。请启用它
The bank account is not a company account. Please select a company account,银行账户不是公司账户。请选择公司账户
"The batch {0} is already reserved in {1} {2}. So, cannot proceed with the {3} {4}, which is created against the {5} {6}.",批次 {0} 已在 {1} {2} 中保留。因此，无法继续处理针对 {5} {6} 创建的 {3} {4}。
The company {0} is not in South Africa. VAT Audit Report is only available for companies in South Africa.,公司 {0} 不在南非。增值税审计报告仅适用于南非的公司。
The company {0} is not in United Arab Emirates. UAE VAT 201 report is only available for companies in United Arab Emirates.,公司 {0} 不在阿拉伯联合酋长国。阿联酋增值税 201 报告仅适用于阿拉伯联合酋长国的公司。
The completed quantity {0} of an operation {1} cannot be greater than the completed quantity {2} of a previous operation {3}.,工序{1}的完成数量{0}不能大于前一工序{3}的完成数量{2}。
The currency of invoice {} ({}) is different from the currency of this dunning ({}).,发票{}({})的币种与本催款单({})币种不一致
The current POS opening entry is outdated. Please close it and create a new one.,当前POS期初凭证已过期。请关闭该凭证并创建新凭证。
The date format detected in the statement file. This is used to parse the date values.,在对账单文件中检测到的日期格式。这用于解析日期值。
The date of the transaction,交易日期
The default BOM for that item will be fetched by the system. You can also change the BOM.,系统将获取该物料的默认BOM，也可手动修改
The description of the transaction,交易描述
The difference between from time and To Time must be a multiple of Appointment,起止时间差必须为预约间隔的整数倍
The document has been created and reconciled. Uploading attachments...,该单据已创建并核对。正在上传附件...
The field Asset Account cannot be blank,资产科目不能为空
The field Equity/Liability Account cannot be blank,权益/负债科目不能为空
The field {0} in row {1} is not set,第{1}行的字段{0}未设置
The file should contain the following columns with a distinct header row. You can upload most bank statements as is without changing the columns.,该文件应包含以下列，并具有不同的标题行。您可以按原样上传大多数银行对账单，而无需更改列。
The final item that will be produced using this BOM.,将使用此 BOM 生产的最终产品。
The fiscal year has been automatically created in a Disabled state to maintain consistency with the previous fiscal year's status.,该会计年度已自动创建为“禁用”状态，以保持与上一会计年度状态的一致性。
The folio numbers are not matching,作品集编号不匹配
"The following Items, having Putaway Rules, could not be accomodated:",以下存在上架规则的物料无法安置：
The following Purchase Invoices are not submitted:,不提交以下采购发票：
The following assets have failed to automatically post depreciation entries: {0},以下资产自动计提折旧失败：{0}
"The following batches are expired, please restock them: <br> {0}",以下批次已过期，请补货：<br>{0}
The following cancelled repost entries exist for <b>{0}</b>:<br><br>{1}<br><br>Kindly delete these entries before continuing.,<b>{0}</b>:<br><br>{1}<br><br> 存在以下已取消的转发条目，请在继续之前删除这些条目。
The following deleted attributes exist in Variants but not in the Template. You can either delete the Variants or keep the attribute(s) in template.,以下已删除属性存在于变体但不存在于模板。请删除变体或在模板保留属性
The following employees are currently still reporting to {0}:,以下员工当前仍汇报给{0}：
The following invalid Pricing Rules are deleted:,以下无效定价规则已被删除：
"The following payment schedule(s) already exist:
{0}","以下付款计划已存在：
{0}"
The following rows are duplicates:,以下行是重复的：
The following {0} were created: {1},已创建以下{0}：{1}
The invoice is not fully allocated as there is a difference of {0}.,由于存在 {0} 的差异，发票未完全分配。
The item {item} is not marked as {type_of} item. You can enable it as {type_of} item from its Item master.,物料 {item} 未标记为 {type_of} 物料。您可以从其物料主控中将其启用为 {type_of} 物料。
The items {0} and {1} are present in the following {2} :,物料{0}和{1}存在于以下{2}中：
The items {items} are not marked as {type_of} item. You can enable them as {type_of} item from their Item masters.,物料 {items} 未标记为 {type_of} 物料。您可以从其物料主控中将它们启用为 {type_of} 物料。
The job card {0} is in {1} state and you cannot complete.,工序卡{0}处于{1}状态，无法完成
The job card {0} is in {1} state and you cannot start it again.,工序卡{0}处于{1}状态，无法重新启动
The last account row must not have any debit or credit amounts set.,最后一个科目行不得设置任何借方或贷方金额。
The last scanned warehouse has been cleared and won't be set in the subsequently scanned items,最后扫描的仓库已被清除，不会设置在后续扫描的物料中
The lowest tier must have a minimum spent amount of 0. Customers need to be part of a tier as soon as they are enrolled in the program.,最低层级必须设置0消费金额。客户加入计划后即属于某个层级
The opening balance might not match your bank statement. Would you like to reconcile them?,期初余额可能与您的银行对账单不符。你愿意让他们和解吗？
The operation {0} can not add multiple times,操作{0}不能重复添加
The operation {0} can not be the sub operation,操作{0}不能作为子工序
The original invoice should be consolidated before or along with the return invoice.,原始发票应在退货发票前或同时合并
The outstanding amount {0} in {1} is lesser than {2}. Updating the outstanding to this invoice.,{1} 中的未结金额 {0} 小于 {2}。更新此发票的未付款项。
"The percentage by which you are allowed to order more on a Purchase Order than the quantity requested on the originating Material Request. For example, if the Material Request has 100 units and the allowance is 10%, you can order up to 110 units",允许您在采购订单上订购的数量多于原始材料请求中请求的数量的百分比。例如，如果物料请求有 100 个单位且津贴为 10%，则您最多可以订购 110 个单位
The reference number of the transaction,交易参考编号
The reserved stock will be released when you update items. Are you certain you wish to proceed?,更新物料时将释放预留库存。确定继续？
The reserved stock will be released. Are you certain you wish to proceed?,将释放预留库存。确定继续？
The root account {0} must be a group,根级科目{0}必须是组类型
The selected BOMs are not for the same item,所选物料清单不能用于同一个物料
The selected change account {} doesn't belongs to Company {}.,所选找零账户{}不属于公司{}
The sell quantity is less than the total asset quantity. The remaining quantity will be split into a new asset. This action cannot be undone. <br><br><b>Do you want to continue?</b>,出售数量小于资产总量。剩余数量将被拆分为新资产。此操作无法撤消。 <br><br><b>您想继续吗？</b>
The seller and the buyer cannot be the same,卖方和买方不能相同
The serial and batch bundle {0} not linked to {1} {2},序列号批次组合{0}未链接到{1}{2}
The serial no {0} does not belong to item {1},序列号{0}不属于物料{1}
The shares already exist,股份已经存在
"The stock has been reserved for the following Items and Warehouses, un-reserve the same to {0} the Stock Reconciliation: <br /><br /> {1}",以下物料和仓库的库存已被预留，请取消预留以{0}库存对账：<br /><br />{1}
"The sync has started in the background, please check the {0} list for new records.",同步已在后台启动，请查看{0}列表获取新记录
The system found a mirror transaction ({0}) in another account with the same amount and date.,系统在另一个账户中发现了具有相同金额和日期的镜像交易 ({0})。
The system will attempt to automatically match a party to a bank transaction based on account number or IBAN.,系统将尝试根据帐号或 IBAN 自动将一方与银行交易进行匹配。
"The system will create a Sales Invoice or a POS Invoice from the POS interface based on this setting. For high-volume transactions, it is recommended to use POS Invoice.",系统将基于此设置从POS界面创建销售发票或POS发票。对于高流量交易，建议使用POS发票。
"The task has been enqueued as a background job. In case there is any issue on processing in background, the system will add a comment about the error on this Stock Reconciliation and revert to the Submitted stage",任务已加入后台队列。若后台处理出错，系统将在库存对账添加错误注释并恢复为已提交状态
The total Issue / Transfer quantity {0} in Material Request {1} cannot be greater than requested quantity {2} for Item {3},物料申请{1}中物料{3}的发放/转移数量{0}不能超过申请量{2}
The uploaded file could not be parsed as a genericode XML document.,上传的文件无法解析为通用代码 XML 单据。
The uploaded file does not appear to be in valid MT940 format.,上传的文件似乎不是有效的MT940格式。
The uploaded file does not match the selected Code List.,上传文件与所选代码表不匹配
The user cannot submit the Serial and Batch Bundle manually,用户不能手动提交序列号批次组合
The user will be able to transfer additional materials from the store to the Work in Progress (WIP) warehouse.,用户将能够从仓库向在制品（WIP）仓库调拨额外物料。
The value of {0} differs between Items {1} and {2},{0}的值在物料{1}和{2}之间不一致
The warehouse where you store finished Items before they are shipped.,成品发货前存储的仓库
"The warehouse where you store your raw materials. Each required item can have a separate source warehouse. Group warehouse also can be selected as source warehouse. On submission of the Work Order, the raw materials will be reserved in these warehouses for production usage.",原材料存储仓库。每个物料可指定不同源仓库，也可选择组仓库。提交工单时将预留原材料
The warehouse where your Items will be transferred when you begin production. Group Warehouse can also be selected as a Work in Progress warehouse.,生产开始时物料转移的目标仓库，可选择组仓库作为在制品仓库
The withdrawal or deposit amounts - only required if there's no amount column.,提款或存款金额 - 仅当没有金额栏时才需要。
The {0} ({1}) must be equal to {2} ({3}),{0}（{1}）必须等于{2}（{3}）
The {0} contains Unit Price Items.,{0}包含单价物料。
"The {0} prefix '{1}' already exists. Please change the Serial No Series, otherwise you will get a Duplicate Entry error.",{0} 前缀“{1}”已存在。请更改序列号系列，否则您将收到重复输入错误。
The {0} {1} created successfully,成功创建{0}{1}
The {0} {1} does not match with the {0} {2} in the {3} {4},{0}{1}与{3}{4}中的{0}{2}不匹配
There are active maintenance or repairs against the asset. You must complete all of them before cancelling the asset.,资产存在有效维护或维修记录。取消前需完成所有相关操作
There are ledger entries against this account. Changing {0} to non-{1} in live system will cause incorrect output in 'Accounts {2}' report,存在关联总账分录。在生产系统将{0}改为非{1}将导致'{2}'报表错误
There are no Failed transactions,无失败交易
There are no accounting entries in the system for the selected account and dates.,系统中没有所选科目和日期的会计分录。
There are no active Fiscal Years for which Demo Data can be generated.,没有可生成演示数据的有效会计年度
There are no entries in the system where the clearance date is before the posting date.,系统中没有清算日期早于记账日期的条目。
There are no slots available on this date,该日期无可用时段
There are no transactions in the system for the selected bank account and dates that match the filters.,系统中没有与筛选器匹配的所选银行账户和日期的交易。
There are {0} unreconciled transactions before {1}.,{1}之前有 {0} 笔未对账交易。
There aren't any item variants for the selected item,所选物料无变体
"There can only be one Shipping Rule Condition with 0 or blank value for ""To Value""",“至值”为0或为空的运输规则条件最多只能有一个
There is already a valid Lower Deduction Certificate {0} for Supplier {1} against category {2} for this time period.,供应商{1}在本期间已存在有效的{2}类别低税率证明{0}
There is already an active Subcontracting BOM {0} for the Finished Good {1}.,成品{1}已存在有效委外BOM{0}
There is no batch found against the {0}: {1},未找到{0}:{1}对应的批次
There is one unreconciled transaction before {0}.,{0}之前有一项未对账的交易。
There was an error creating Bank Account while linking with Plaid.,链接Plaid时创建银行账户出错
There was an error syncing transactions.,同步交易时出错
There was an error updating Bank Account {} while linking with Plaid.,链接Plaid时更新银行账户{}出错
There was an error while importing the bank statement.,导入银行对账单时出错。
There was an error while performing the action.,执行操作时出错。
There was an error.,出现错误。
There was an issue connecting to Plaid's authentication server. Check browser console for more information,连接Plaid认证服务器异常。查看浏览器控制台获取详细信息
This Fiscal Year,本财年
This Item is a Template and cannot be used in transactions.<br>All fields present in the 'Copy Fields to Variant' table in Item Variant Settings will be copied to its variant items.,该物料是模板，不能在交易中使用。<br>物料变体设置中“复制字段到变体”表中存在的所有字段都将被复制到其变体物料。
This Month's Summary,本月摘要
This PDF is password protected. Please set the correct statement password on the Bank Account and try again.,此 PDF 受密码保护。请在银行账户上设置正确的对账单密码，然后重试。
This Payment Entry is reconciled with {0}. Cancelling will automatically unreconcile it. Do you want to proceed?,此收付款单已与 {0} 进行核对。取消会自动取消对账。您想继续吗？
This Purchase Order has been fully subcontracted.,本采购订单已完全外包。
This Sales Order has been fully subcontracted.,本销售订单已完全外包。
This Week's Summary,本周总结
This action will stop future billing. Are you sure you want to cancel this subscription?,此操作将停止未来的结算。您确定要取消此订阅吗？
"This allows creation of sales orders from quotations that have passed their expiration date, providing flexibility in processing orders despite outdated quotes.",这允许根据已过期的报价创建销售订单，从而在处理订单时提供灵活性，尽管报价已过时。
This asset category is marked as non-depreciable. Please disable depreciation calculation or choose a different category.,本资产类别标记为不可折旧。请停用折旧计算或选择其他类别。
This can be enabled at specific Item level as well,这也可以在特定的物料级别启用
"This can contain ""CR""/""DR"" values or positive/negative values. You could also have a separate column for CR/DR.",这可以包含“CR”/“DR”值或正/负值。您还可以为 CR/DR 设置单独的列。
This field is used to set the 'Customer'.,用于设置'客户'
This invoice has already been paid.,本发票已付款。
This is a formula based value.,这是基于公式的值。
This is a preview of the email to be sent. A PDF of the document will automatically be attached with the email.,邮件预览。单据PDF将自动作为附件
This is auto computed to balance the journal entry.,这是自动计算的以平衡日记账分录。
This is considered dangerous from accounting point of view.,从会计角度看此操作存在风险
"This is enabled by default. If you want to plan materials for sub-assemblies of the Item you're manufacturing leave this enabled. If you plan and manufacture the sub-assemblies separately, you can disable this checkbox.",默认启用。如需为子装配件计划物料请保持启用。若单独计划生产子装配件，可取消勾选
"This is for raw material Items that'll be used to create finished goods. If the Item is an additional service like 'washing' that'll be used in the BOM, keep this unchecked.",适用于用于生产成品的原材料。若物料是BOM中的附加服务（如'清洗'），请勿勾选
This is not a valid formula. Check the variable used in the formula.,这不是一个有效的公式。检查公式中使用的变量。
This is required,这是必需的
This is the bank account entry. You cannot edit it.,这是银行账户条目。您无法编辑它。
This is the header row. Click to mark the table as having no header.,这是标题行。单击以将表格标记为没有标题。
This is the last row. It will be auto populated based on the bank transaction.,这是最后一行。它将根据银行交易自动填充。
This is the row for the bank account. It will be auto populated based on the bank transaction.,这是银行账户的行。它将根据银行交易自动填充。
This is what the system expects the closing balance to be in your bank statement.,这是系统期望您的银行对账单中的期末余额。
This item filter has already been applied for the {0},该物料筛选器已应用于{0}
This method is only meant for developer mode,本方法仅适用于开发者模式
"This module is scheduled for deprecation and will be completely removed in version 17, please use <a href=""https://frappe.io/crm"">Frappe CRM</a> instead.","此模块计划弃用，将在版本 17 中完全移除，请改用 <a href=""https://frappe.io/crm"">Frappe CRM</a>。"
"This module is scheduled for deprecation and will be completely removed in version 17, please use <a href=""https://frappe.io/helpdesk"">Frappe Helpdesk</a> instead.","该模块计划弃用，并将在版本 17 中完全删除，请改用 <a href=""https://frappe.io/helpdesk"">Frappe Helpdesk</a>。"
This option can be checked to edit the 'Posting Date' and 'Posting Time' fields.,勾选此选项可编辑'过账日期'和'过账时间'字段
This option is useful if you want to ensure a constant supply of raw materials/products and avoid shortage. A Material Request will be raised automatically when stock reached the re-order level defined in the Item form.,如果您想确保原材料/产品的持续供应并避免短缺，此选项非常有用。当库存达到物料表单中定义的再订购水平时，将自动提出材料请求。
This report shows all entries in the system where the <strong>clearance date is before the posting date</strong> which is incorrect.,此报告显示系统中 <strong> 清算日期早于记账日期 </strong> 的所有条目，这是不正确的。
This schedule was created when Asset {0} was repaired through Asset Repair {1}.,此计划在资产{0}通过资产维修{1}修复时创建
This schedule was created when Asset {0} was restored due to Sales Invoice {1} cancellation.,本计划因销售发票{1}取消恢复资产{0}时创建。
This schedule was created when Asset {0} was {1} into new Asset {2}.,本计划因资产{0}{1}至新资产{2}时创建。
This schedule was created when Asset {0} was {1} through Sales Invoice {2}.,本计划因资产{0}通过销售发票{2}{1}时创建。
This screen is not supported on mobile devices.,移动设备不支持此屏幕。
"This section allows the user to set the Body and Closing text of the Dunning Letter for the Dunning Type based on language, which can be used in Print.",可设置催款函正文和结尾文本（按语言），用于打印
This statement has already been imported.,该对账单已被导入。
This supplier will be auto-selected in new purchase transactions,该供应商将在新的采购交易中自动选择
"This table is used to set details about the 'Item', 'Qty', 'Basic Rate', etc.",用于设置'物料'、'数量'、'基本汇率'等详细信息
This transaction has been reconciled with the following document(s):,本次交易已与以下文件进行核对：
This value shall be used when no matching Common Code for a record is found.,无匹配通用代码时使用此值
This will automatically run transaction matching rules on unreconciled transactions every hour.,这将每小时自动对未对账的交易运行交易匹配规则。
This will be applied if no naming series is configured in Item master,如果在物料主文件中未配置命名系列，则将应用此设置
This will be auto-populated if not set.,如果未设置，则会自动填充。
"This will just suggest creating a new entry, and will not automatically create it.",这只会建议创建一个新条目，而不会自动创建它。
This will restrict user access to other employee records,这将限制用户访问其他员工记录
Threshold Exemption,门槛豁免
Thumbnail,缩略图
Tier Name,等级名称
Time Between Operations (Mins),工序间隔时间（分钟）
Time Tracking,时间跟踪
Time at which materials were received,收到物料的时间
Time slot is not available,时间段不可用
Time(in mins),时间（分钟）
Timeout (in seconds) for each background job enqueued by Process Period Closing Voucher,由处理期间关闭凭证排队的每个后台作业的超时（以秒为单位）
Timer,计时器
Timer exceeded the given hours.,计时器超出了指定的小时数
Timesheet Billing Summary,时间表计费摘要
Timesheet {0} cannot be invoiced in its current state,时间表 {0} 在当前状态下无法开具发票
"Timesheets help keep track of time, cost and billing for activities done by your team",时间表有助于跟踪您的团队所做活动的时间、成本和计费
Timeslots,时隙
To Date cannot be before From Date.,截止日期不能早于截止日期。
To Date is mandatory,截止日期是必填项
To Delete list generated with {0} DocTypes,删除使用 {0} DocTypes 生成的列表
To Deliver,待出货
To Deliver and Bill,待出货与开票
To Doctype,到文档类型
To Due Date,到截止日期
To Folio No,对开本No
To No,至No
To Pay,去付款
To Posting Date,到发布日期
To Receive,待入库
To Rename,要重命名
To Shareholder,给股东
To Time cannot be before from date,到时间不能早于日期
To add Operations tick the 'With Operations' checkbox.,要添加操作，请勾选“包含操作”复选框。
To add subcontracted Item's raw materials if include exploded items is disabled.,如果禁用包含爆炸项，则添加分包项的原材料。
"To allow over ordering, update ""Over Order Allowance"" in Buying Settings.",要允许超额订购，请更新购买设置中的“超额订购限额”。
To cancel a {} you need to cancel the POS Closing Entry {}.,要取消 {}，您需要先取消 POS 结账条目 {}。
To cancel this Sales Invoice you need to cancel the POS Closing Entry {}.,取消本销售发票需先取消POS结账凭证{}。
"To enable Capital Work in Progress Accounting,",要启用在建工程会计功能，
To include non-stock items in the material request planning. i.e. Items for which 'Maintain Stock' checkbox is unticked.,将非库存物料纳入物料需求计划（即取消勾选'维护库存'的物料）。
"To merge, following properties must be same for both items",若要合并，两个物料的以下属性必须相同
"To overrule this, enable '{0}' in company {1}",要否决此问题，请在公司{1}中启用“ {0}”
"To select more than one transaction at a time, press and hold the shift key.",要一次选择多个交易，请按住 Shift 键。
To submit the invoice without purchase order please set {0} as {1} in {2},若要提交没有采购订单的发票，请在 {2}中将 {0} 设置为 {1}
To submit the invoice without purchase receipt please set {0} as {1} in {2},若要提交没有购买收据的发票，请在 {2}中将 {0} 设置为 {1}
"To use a different finance book, please uncheck 'Include Default FB Assets'",要使用不同的财务账簿，请取消选中“包括默认 FB 资产”
"To use a different finance book, please uncheck 'Include Default FB Entries'",要使用不同的财务账簿，请取消选中“包括默认 FB 条目”
Ton (Long)/Cubic Yard,吨(长)/立方码
Ton (Short)/Cubic Yard,吨(短)/立方码
Ton-Force (UK),Ton-Force (英国)
Ton-Force (US),Ton-Force (美国)
Tonne,公吨
Tonne-Force(Metric),Tonne-Force(计量)
Too many columns. Export the report and print it using a spreadsheet application.,太多的列。导出报表，并使用电子表格应用程序进行打印。
Torr,拖拉
Total (Without Tax),总计（不含税）
Total Active Items,总活动物料数
Total Additional Costs,总额外费用
Total Advance Paid,预付总额
Total Advance Paid: {0},预付款总额：{0}
Total Advance Received,收到的预付款总额
Total Advance Received: {0},收到的预付款总额：{0}
Total Allocated Amount,总已分配金额
Total Allocations,分配总额
Total Amount,总金额
Total Asset,总资产
Total Asset Cost,总资产成本
Total Assets,总资产
Total Budget,预算总额
Total Characters,总字符
Total Commission,总佣金
"Total Completed Qty is required for Job Card {0}, please start and complete the job card before submission",生产任务单 {0} 需要完成总数量，请在提交前开始并填写生产任务单
Total Cost,总成本
Total Credit Transactions,信贷交易总额
Total Credits,总学分
Total Debit Transactions,借记交易总额
Total Debits,借方总额
Total Expense,总费用
Total Experience,总经验
Total Gain/Loss,总收益/损失
Total Hold Time,总保持时间
Total Holidays,总假期
Total Income,总收入
Total Interest,总利息
Total Invoiced Amount,发票金额
Total Issues,问题总数
Total Items,物料总数
Total Landed Cost,总到岸成本
Total Landed Cost (Company Currency),总到岸成本（公司货币）
Total Ledgers,总账本
Total Liability,总负债
Total Message(s),总信息（s ）
Total Monthly Sales,每月销售总额
Total Net Weight,总净重
Total Number of Booked Depreciations ,已计提折旧总数
Total Only,仅显示合计
Total Operating Cost,总营运成本
Total Order Considered,总订货
Total Outstanding,总未付
Total Payment Request amount cannot be greater than {0} amount,付款申请总金额不得超过{0}金额
Total Payments,总付款
Total Picked Quantity {0} is more than ordered qty {1}. You can set the Over Picking Allowance in Stock Settings.,已拣货数量{0}超过订单数量{1}。可在库存设置中设置超拣许可量
Total Planned Qty,总计划数量
Total Qty,总数量
Total Quantity,总数量
Total Repair Cost,维修总成本
Total Revenue,总收入
Total Stock Summary,总库存总结
Total Stock Value,库存总价值
Total Supplied Qty,已供应总量
Total Target,总目标
Total Tax,总税额
Total Taxable Amount,应税总额
Total Time (in Mins),总时间（分钟）
Total Unpaid,未付总额
Total Variance,总差异
Total Vendor Invoices Cost (Company Currency),供应商发票总成本（公司货币）
Total Warehouses,仓库总数
Total Weight (kg),总重量（千克）
Total Workstation Time (In Hours),工作站总时间（小时）
Total contribution percentage should be equal to 100,总贡献百分比应等于100
Total distributed amount {0} must be equal to Budget Amount {1},总分配金额 {0} 必须等于预算金额 {1}
Total distribution percent must equal 100 (currently {0}),总分配百分比必须等于 100（当前为 {0}）
Total hours: {0},总时间：{0}
Total payments amount can't be greater than {},付款总额不可超过{}
Total percentage against cost centers should be 100,成本中心分配比例总和应为100%
Total quantity in delivery schedule cannot be greater than the item quantity,交货计划中的总数量不得超过物料数量
Total {0} ({1}),总{0}（{1}）
Totals (Company Currency),总计（本币）
Traceability,可追溯性
Tracebility Direction,可追溯方向
Track Semi Finished Goods,跟踪半成品
Track Service Level Agreement,跟踪服务水平协议
Tracking Status Info,跟踪状态信息
Tracking URL,跟踪链接
Transaction Currency,交易货币
Transaction Date,交易日期
Transaction Dates,交易日期
Transaction Deletion Document {0} has been triggered for company {1},已为公司 {1} 触发交易删除单据 {0}
Transaction Deletion Record To Delete,删除交易记录
Transaction Deletion Record {0} is already running. {1},事务删除记录 {0} 已在运行。 {1}
Transaction Deletion Record {0} is currently deleting {1}. Cannot save documents until deletion completes.,事务删除记录 {0} 当前正在删除 {1}。删除完成之前无法保存单据。
Transaction Information,交易信息
Transaction Matching Rules,交易撮合规则
Transaction Name,交易名称
Transaction Qty,交易数量
Transaction Threshold,交易门槛
Transaction Type,交易类型
Transaction Unreconciled,交易未对账
Transaction actions work when one or more unreconciled transactions are selected.,当选择一项或多项未核对的事务时，事务操作将起作用。
Transaction currency: {0} cannot be different from Bank Account({1}) currency: {2},交易货币{0}必须与银行账户{1}的货币{2}一致
Transaction date can't be earlier than previous movement date,交易日期不能早于上一个变动日期
Transaction for which tax is withheld,代扣税的交易
Transaction from which tax is withheld,扣税交易
"Transaction type column has ""C""/""D"" values",交易类型列具有“C”/“D”值
"Transaction type column has ""CR""/""DR"" values",交易类型列具有“CR”/“DR”值
"Transaction type column has ""Deposit""/""Withdrawal"" values",交易类型列有“存款”/“取款”值
Transactions,交易
Transactions Annual History,交易年历
Transactions are blocked or warned when outstanding balance exceeds this amount.,当未偿余额超过此金额时，交易将被阻止或发出警告。
Transactions to be imported into the system,待导入系统的交易
Transactions using Sales Invoice in POS are disabled.,POS中使用销售发票的交易已被禁用。
Transfer Account,转账账户
Transfer Extra Raw Materials to WIP (%),调拨额外原材料至在制品（%）
Transfer Materials,物料调拨
Transfer Recorded,转移记录
Transfer Status,调拨状态
Transfer Type,转移类型
Transfer and Issue,调拨与发放
Transferred Out,转出
Transferred Qty,已发料数量
Transferred Qty (in Stock UOM),转移数量（库存计量单位）
Transferred Raw Materials,已调拨原材料
Transferred from,转自
Transferred to,转移至
Travel Expenses,差旅费
Tree Type,树类型
Tree of Procedures,程序树
Trial Balance,试算平衡表
Trial Balance for Party,往来单位试算平衡表
Trial Period Start Date,试用期开始日期
Trial Period Start date cannot be after Subscription Start Date,试用期开始日期不可晚于订阅开始日期
Trialing,试用中
Try adjusting your search or filter criteria.,尝试调整您的搜索或过滤条件。
Try the {0} for a better experience.,尝试使用 {0} 以获得更好的体验。
Turnover Ratios,周转率
Twice Daily,每天两次
Two-way,双向
Type Of Call,通话类型
Type of Material,物料类型
Type of Payment,付款类型
Type of check,支票类型
Type of financial statement this template generates,此模板生成的财务报表类型
UAE VAT 201,阿联酋增值税201
UAE VAT Account,阿联酋增值税科目
UAE VAT Accounts,阿联酋增值税科目
UAE VAT Settings,阿联酋增值税设置
UOM Category,UOM类别
UOM Conversion Details,计量单位转换详情
UOM Conversion factor ({0} -> {1}) not found for item: {2},物料{2}的计量单位换算系数（{0}→{1}）未找到
UOM Defaults,计量单位默认值
UOM conversion factor required for UOM: {0} in Item: {1},物料{1}的计量单位{0}需要换算系数
UOM {0} not found in Item {1},物料{1}中未找到计量单位{0}
UPC,通用产品代码
UPC-A,UPC-A
URL can only be a string,网址必须为字符串格式
UnBuffered Cursor,非缓存游标
UnReconcile Allocations,取消核销分派
Unable to fetch DocType details. Please contact system administrator.,无法获取 DocType 详细信息。请联系系统管理员。
Unable to find exchange rate for {0} to {1} for key date {2}. Please create a Currency Exchange record manually,无法为关键日期{2}查找{0}到{1}的汇率。请手动创建汇率记录
Unable to find exchange rate for {0} to {1} for key date {2}. Please create a Currency Exchange record manually.,无法为关键日期{2}查找{0}到{1}的汇率。请手动创建汇率记录.
Unable to find score starting at {0}. You need to have standing scores covering 0 to 100,无法从{0}开始获得分数。你需要有0到100的常规分数
Unable to find the time slot in the next {0} days for the operation {1}. Please increase the 'Capacity Planning For (Days)' in the {2}.,未来{0}天内未找到工序{1}的可用时段，请在{2}中增加'产能计划周期（天）'
Unable to find variable:,无法找到变量：
Unallocated,未分配
Unallocated Amount,未分配金额
Unassigned Qty,未分配数量
Unclosed Fiscal Years Profit / Loss (Credit),未关闭的财年利润/损失
Under Graduate,本科
Under Warranty,在保修期内
Under Withheld,扣留下
"Under Working Hours table, you can add start and end times for a Workstation. For example, a Workstation may be active from 9 am to 1 pm, then 2 pm to 5 pm. You can also specify the working hours based on shifts. While scheduling a Work Order, the system will check for the availability of the Workstation based on the working hours specified.",在工作时间表中，可为工作站设置起止时间。例如，某工作站可能从上午9点到下午1点，下午2点到5点运行。也可按班次设置工作时间。系统在排产工单时会根据设置的工作时间检查工作站可用性
Undo Transaction Reconciliation,撤消交易对账
Undo {}?,撤消 {}？
Unexpected Naming Series Pattern,意外的命名系列模式
Unit,单位
Unit Price,单价
Unknown Caller,未知来电
Unlink Advance Payment on cancellation of order,取消订单时移除关联的预付款
Unlink Payment on cancellation of invoice,取消发票时移除关联的付款
Unlink external integrations,取消外部集成的链接
Unmatch Transaction?,交易不匹配？
Unmatched,无与伦比
Unpaid,未付
Unrealized Exchange Gain/Loss Account,未实现汇兑损益科目
Unrealized Profit / Loss Account,未实现损益科目
Unrealized Profit/Loss account for intra-company transfers,公司内部调拨未实现损益科目
Unreconcile,不可调和
Unreconciled Amount,未对账金额
Unreconciled Transactions,未对账交易
Unreserve,取消预留
Unreserve for Raw Materials,取消原材料预留
Unreserve for Sub-assembly,取消子装配件预留
Unresolved,未解决
Unscheduled,计划外
Unset Matched Payment Request,取消匹配付款申请
Unsupported Feature,不支持的功能
Unverified Webhook Data,未经验证的Webhook数据
Up,上
Upcoming Calendar Events ,即将到来的日历事件
Update Additional Information,更新附加信息
Update Auto Repeat Reference,更新自动重复参考
Update BOM Cost Automatically,自动更新BOM成本
Update Batch Qty,更新批次数量
Update Cost,更新成本
Update Cost Center Name / Number,更新成本中心名称/编号
Update Costing and Billing,更新成本核算与计费
Update Current Stock,更新当前库存
Update Price List based on,用哪个价格回写价格主数据
Update Print Format,更新打印格式
Update Stock,更新库存
Update Type,更新类型
Update existing Price List Rate,更新物料价格主数据
Update latest price in all BOMs,更新所有BOM的最新价格
Update stock must be enabled for the purchase invoice {0},采购发票{0}必须启用库存更新
Update the modified timestamp on new communications received in Lead & Opportunity.,更新线索与商机中收到新沟通的修改时间戳
Update timestamp on new communication,新沟通时更新时间戳
Updated {0} Financial Report Row(s) with new category name,使用新类别名称更新了 {0} 行财务报表行
Updating Costing and Billing fields against this Project...,正在更新本项目的成本核算与计费字段...
Updating Work Order status,正在更新工单状态
Updating details.,正在更新详细信息。
Updating...,更新中...
Upload Bank Statement,上传银行对账单
"Upload your bank statement file to start the import process. We support CSV, XLSX and PDF files.",上传您的银行对账单文件以开始导入过程。我们支持 CSV、XLSX 和 PDF 文件。
Uploading...,上传中...
"Upon enabling this, the JV will be submitted for a different exchange rate.",勾选后，日记账凭证提交时会使用不同的汇率
"Upon submission of the Sales Order, Work Order, or Production Plan, the system will automatically reserve the stock.",提交销售订单、工单或生产计划后，系统将自动预留库存
Upper Income,高收入
Use 'Repost in background' button to trigger background job. Job can only be triggered when document is in Queued or Failed status.,使用'后台重新过账'按钮触发后台任务。仅当单据处于排队或失败状态时可触发
Use <strong>Python</strong> filters to get Accounts,使用 <strong>Python</strong> 过滤器获取账户
Use CSV Sniffer,使用CSV格式检测
Use Default Warehouse,使用默认仓库
Use HTTP Protocol,使用HTTP协议
Use Legacy (Client side) Reactivity,使用传统（客户端）响应式
Use Multi-Level BOM,采用多级物料清单
Use Serial / Batch fields,启用明细行批号与序列号字段
Use Suggestion,使用建议
Use Transaction Date Exchange Rate,使用交易日汇率
Use a name that is different from previous project name,使用与之前项目名称不同的名称
Use legacy Budget Controller,使用旧版预算控制器
Use legacy controller for Period Closing Voucher,对期末结账凭证使用旧版控制器(python代码)
Used for Production Plan,用于生产计划
Used for inter-company transactions,用于公司间交易
Used to balance the books when recording extra purchase costs like freight or customs,用于在记录运费或关税等额外采购成本时平衡账目。
Used to pick the correct rate row inside the Tax Withholding Category for this supplier (e.g. Company vs Individual rates),用于为该供应商选择预扣税类别中的正确税率行（例如公司税率与个人税率）
Used with Financial Report Template,与财务报表模板一起使用
User ID not set for Employee {0},员工设置{0}为设置用户ID
User Resolution Time,用户解决时间
User don't have permissions to select/read this account.,用户无权选择/读取此账户。
User has not applied rule on the invoice {0},用户未在发票{0}上应用规则
User not allowed to synchronize data from Frappe CRM on ERPNext. Contact System Manager of ERPNext.,不允许用户在 ERPNext 上同步 Frappe CRM 的数据。请联系 ERPNext 系统管理员。
User {0} does not exist,用户{0}不存在
User {0} doesn't have any default POS Profile. Check Default at Row {1} for this User.,用户{0}没有任何默认的POS配置文件。检查此用户的行{1}处的默认值。
User {0} is already assigned to Employee {1},用户{0}已经被分配给员工{1}
User {} is disabled. Please select valid user/cashier,用户{}已禁用，请选择有效用户/收银员
"Users listed here can log into the customer portal to view their orders, invoices, and deliveries.",此处列出的用户可以登录客户门户查看他们的订单、发票和交货情况。
Using negative stock disables FIFO/Moving average valuation when inventory is negative.,启用负库存时，若库存为负将禁用先进先出/移动平均计价法
Utility Expenses,基础设施费用
VAT Accounts,增值税科目
VAT Amount (AED),增值税金额（迪拉姆）
VAT Audit Report,增值税审计报告
VAT on Expenses and All Other Inputs,费用及所有其他投入的增值税
VAT on Sales and All Other Outputs,销售及所有其他产出的增值税
Valid From date not in Fiscal Year {0},生效日期不在会计年度{0}内
Valid From must be after {0} as last GL Entry against the cost center {1} posted on this date,生效日期必须在{0}之后，因成本中心{1}的最后总账分录发布于该日期
Valid Up To,有效期至
Valid Up To date cannot be before Valid From date,有效期至日期不可早于生效日期
Valid Up To date not in Fiscal Year {0},有效期至日期不在会计年度{0}内
Valid till Date cannot be before Transaction Date,有效期至不可早于交易日期
Validate Material Transfer warehouses,校验物料移动-直接调拨仓库
Validate consumed quantity (as per BOM),验证消耗数量（根据 BOM）
Validity Details,有效期明细
Validity period of this quotation has ended.,此报价的有效期已经结束。
Valuation (I - K),计价（I-K）
Valuation Field Type,计价字段类型
Valuation rate for customer provided items has been set to zero.,客户提供物料的计价单价已设为零
Valuation rate for the item as per Sales Invoice (Only for Internal Transfers),按销售发票的物料计价单价（仅限内部调拨）
Valuation type charges can not be marked as Inclusive,计价类型费用不可标记为含税
Valuation type charges can not marked as Inclusive,估值类型罪名不能标记为包容性
Value (G - D),价值（G-D）
Value ({0}),值（{0}）
Value as on,截至价值
Value for Attribute {0} must be within the range of {1} to {2} in the increments of {3} for Item {4},物料{4}的属性{0}其属性值必须{1}到{2}范围内，且增量{3}
Value of New Capitalized Asset,新增资本化资产价值
Value of New Purchase,新购价值
Value of Scrapped Asset,报废资产价值
Value of Sold Asset,已售资产价值
Value of goods cannot be 0,货物价值不可为0
Vara,瓦拉（长度单位）
Variable Name,变量名
Variables,变量
Variance ({}),差异（{}）
Variant Attribute Error,变体属性错误
Variant BOM,变体BOM
Variant Based On cannot be changed,Variant Based On无法更改
Variant Item,变体物料
Variant Items,变体物料
Variant {0} and its template {1} cannot both be added to the same Pricing Rule,变体 {0} 及其模板 {1} 不能同时添加到同一定价规则中
Vehicle,车辆
Vehicle Date,车辆日期
Vehicle No,车辆编号
Vehicle Number,车号
Vendor Invoice,供应商发票
Vendor Invoices,供应商发票明细
Vendor Name,供应商名称
Venture Capital,创业投资
Verification failed please check the link,验证失败，请检查链接
Verify Email,验证电子邮件
Versta,维斯塔
Via Customer Portal,通过客户门户
Vice President,副总裁
Video,视频
Video Settings,视频设置
View Account Coverage,查看账户覆盖范围
View All Prices,查看所有价格
View BOM Update Log,查看物料清单更新日志
View Chart of Accounts,查看会计科目表
View Data Based on,数据查看依据
View Exchange Gain/Loss Journals,查看汇兑损益日记账
View Instructions,查看说明
View Leads,查看（销售）线索
View MRP,查看物料需求计划
View Now,立即查看
View Project Summary,查看项目摘要
View Stock Balance Report,查看库存余额报告
View Type,视图类型
View Work Order Summary Report,查看工单汇总报告
View all reconciliation actions taken in this session,查看本次会话中采取的所有对账操作
View all reconciliation actions taken in this session.,查看此会话中采取的所有对账操作。
View attachments,查看附件
View call log,查看通话记录
View older transaction,查看旧交易
View older transactions,查看较旧的交易
View transaction,查看交易
View transactions,查看交易
Vimeo,Vimeo的
Virtual DocType,虚拟单据类型
Visit the forums,访问论坛
Visits,访问次数
Voice,语音
Voice Call Settings,语音通话设置
Volt-Ampere,伏安
Voucher,凭证
Voucher Created,凭证已创建
Voucher Detail Reference,凭证明细参考
Voucher Details,凭证详情
Voucher No is mandatory,凭证编号必填
Voucher Type,凭证类型
Voucher {0} is over-allocated by {1},凭证{0}超额分配{1}
Voucher-wise Balance,按凭证余额
"WARNING: Exotel app has been separated from ERPNext, please install the app to continue using Exotel integration.",警告：Exotel应用已从ERPNext分离，请安装该应用以继续使用Exotel集成
WIP WH,在制品仓库
Wages,工资
Waiting for payment...,等待付款中...
Warehouse Capacity Summary,仓库容量汇总
Warehouse Capacity for Item '{0}' must be greater than the existing stock level of {1} {2}.,物料“{0}”的仓库容量必须大于现有库存量{1}{2}
Warehouse Contact Info,仓库联系方式
Warehouse Defaults,仓库默认设置
Warehouse Detail,仓库详细信息
Warehouse Disabled?,仓库是否禁用？
Warehouse Name,仓库名称
Warehouse Type,仓库类型
Warehouse and Reference,仓库及参考
Warehouse is mandatory,仓库信息必填
Warehouse is required to get producible FG Items,需要仓库才能获得可生产的 FG 物料
Warehouse not found against the account {0},账户{0}未关联仓库
Warehouse required for stock Item {0},物料{0}需要指定仓库
Warehouse wise Item Balance Age and Value,仓库级物料库龄和金额报表
Warehouse {0} does not belong to Company {1}.,仓库{0}不属于公司{1}
Warehouse {0} does not belong to company {1},仓库{0}不属于公司{1}
Warehouse {0} does not exist,仓库{0}不存在
"Warehouse {0} is not allowed for Sales Order {1}, it should be {2}",销售订单{1}不允许使用仓库{0}，应使用{2}
Warehouse: {0} does not belong to {1},仓库：{0}不属于{1}
Warehouses,仓库
Warn,警告
Warn or stop if Item rate is changed in Purchase Invoice or Purchase Receipt generated from a Purchase Order.,如果采购订单生成的采购发票或采购入库中的物料单价发生更改，则发出警告或停止。
Warning - Row {0}: Billing Hours are more than Actual Hours,警告 - 第{0}行：计费工时超过实际工时
Warning on Negative Stock,负库存预警
Warning!,警告！
Warning: Account changed for warehouse,警告：仓库账户已更改
Warning: Another {0} # {1} exists against stock entry {2},警告：库存凭证{2}中已存在另一个{0}＃{1}
Warning: Material Requested Qty is less than Minimum Order Qty,警告：物料需求数量低于最小起订量
Warning: Quantity exceeds maximum producible quantity based on quantity of raw materials received through the Subcontracting Inward Order {0}.,警告：数量超过基于受托加工单{0}接收的原材料数量的最大可生产数量。
Warning: Sales Order {0} already exists against Customer's Purchase Order {1},警告：已经有销售订单{0}关联了客户采购订单号{1}
Warning: This action cannot be undone!,警告：此操作无法撤消！
Warnings,警告
Warranty,质量保证
Warranty Claim,保修申请
Warranty Expiry (Serial),保修到期（序列号）
Warranty Expiry Date,保修到期日
Watch Video,观看视频
Watt,瓦特
Watt-Hour,瓦时
Wavelength In Gigametres,波长(吉米)
Wavelength In Kilometres,波长(千米)
Wavelength In Megametres,波长(兆米)
"We support uploading CSV, XLSX, XLS and PDF files. Please make sure the file contains the correct columns.",我们支持上传 CSV、XLSX、XLS 和 PDF 文件。请确保该文件包含正确的列。
We're here to help!,我们随时为您服务！
We've auto-detected the details of the statement file.,我们已自动检测对账单文件的详细信息。
We've found 1 existing transaction in the system that conflicts with the transactions in the statement file. Are you sure you want to proceed with the import?,我们发现系统中有 1 个现有事务与对账单文件中的事务冲突。您确定要继续导入吗？
We've found 1 transaction in the statement file that will be imported into the system. Please review the details below and click the 'Import' button to proceed.,我们在对账单文件中发现了 1 笔交易将被导入到系统中。请查看下面的详细信息，然后单击“导入”按钮继续。
We've found {0} existing transactions in the system that conflict with the transactions in the statement file. Are you sure you want to proceed with the import?,我们发现系统中有 {0} 个现有事务与对账单文件中的事务冲突。您确定要继续导入吗？
Website Attribute,网站属性
Website Filter Field,网站过滤字段
Website Image,网站图片
Website Item Group,网站物料组
Website Specifications,网站规格
Website:,网站:
Weekday,平日
Weekly Off,周末
Weight (kg),重量(公斤)
Weighting Function,加权函数
What do you need help with?,你有什么需要帮助的？
What do you use today?,今天你用什么？
What kind of work do you do?,你从事什么类型的工作？
What will be deleted:,将删除的内容：
WhatsApp,WhatsApp
"When a parent warehouse is chosen, the system conducts Project Qty checks against the associated child warehouses",选择父仓库时，系统将对关联子仓库执行预计数量检查。
"When checked, only cumulative threshold will be applied",选中后，仅应用累积阈值
"When checked, only transaction threshold will be applied for transaction individually",勾选后，单独交易仅应用交易阈值
"When creating an Item, entering a value for this field will automatically create an Item Price at the backend.",创建物料时填写此字段值，将自动在后台创建物料价格
"When enabled, transactions with this supplier will be blocked based on the Hold Type below",启用后，与该供应商的交易将根据下面的保留类型被阻止
"When there are multiple finished goods ({0}) in a Repack stock entry, the basic rate for all finished goods must be set manually. To set rate manually, enable the checkbox 'Set Basic Rate Manually' in the respective finished good row.",当重新包装库存移动中有多个成品 ({0}) 时，必须手动设置所有成品的成本。要手动设置成本，请启用相应成品行中的“手动设置成本”复选框。
"When you pay for something upfront (like annual insurance), the cost is held here and recognized gradually over time",当你预先支付某项费用（例如年度保险）时，这笔费用会暂时保留在这里，并随着时间的推移逐步体现。
"While creating account for Child Company {0}, parent account {1} not found. Please create the parent account in corresponding COA",为子公司{0}创建账户时未找到上级账户{1}，请在对应科目表中创建
White,白
Who are you setting this up for?,你这是为谁设置的？
Widowed,丧偶
Width of amount in word,文字表示的金额输出宽度
Will be auto-populated,将自动填充
Withholding Document,预扣文件
Within 1 day,1天内
Within 2 days,2天内
Within 3 days,3天内
Within 4 days,4天内
Within 5 days,5天内
Won Opportunities,已转化商机
Won Opportunity (Last 1 Month),已转化商机（上个月）
Work Done,已完成工作
Work Order Additional Item,工单附加物料
Work Order Mismatch,工单不匹配
Work Order Qty,工单数量
Work Order Qty Analysis,工单数量分析
Work Order Summary Report,工单总结报告
Work Order cannot be created for following reason: <br> {0},无法创建生产工单，原因：<br>{0}
Work Order {0} created,工作订单{0}已创建
Work Order {0} has no produced qty,工单 {0} 没有生产数量
Work Orders,工单
Workday {0} has been repeated.,工作日{0}已重复。
Working Hours,工作时间
Workstation Cost,工作站成本
Workstation Dashboard,工作站看板
Workstation Operating Component,工站工费成本构成
Workstation Operating Component Account,工作站运营组件科目
Write Off,内部销账
Write Off Outstanding Amount,注销未付金额
Writeoff,注销
Written Down Value,账面净值
Wrong Company,错误公司
Wrong Password,密码错误
Wrong Template,错误模板
Yard,码
Year End Date,年度结束日期
Year Name,年度名称
Year start date or end date is overlapping with {0}. To avoid please set company,新财年开始或结束日期与{0}重叠。请在公司主数据中设置
You are importing data for the code list:,您正在导入代码列表的数据：
You are not allowed to update as per the conditions set in {} Workflow.,根据{}工作流设置的条件，您无权更新
You are not authorized to make/edit Stock Transactions for Item {0} under warehouse {1} before this time.,您此时无权在仓库{1}下为物料{0}创建/编辑库存交易
You are not authorized to set Frozen value,您没有权限设定冻结值
You are picking more than required quantity for the item {0}. Check if there is any other pick list created for the sales order {1}.,您正在为物料{0}提货超过所需数量，请检查销售订单{1}是否已创建其他拣货单
You can add the original invoice {} manually to proceed.,您可以手动添加原始发票{}以继续
You can also add credit or debit values to pre-fill - these support both static values (like 200) or formulas (like transaction_amount * 0.25).,您还可以添加贷方或借方值来预填充 - 这些值支持静态值（如 200）或公式（如 transaction_amount * 0.25）。
You can also copy-paste this link in your browser,您也可以复制粘贴此链接到您的浏览器地址栏中
You can change the parent account to a Balance Sheet account or select a different account.,您可以将上级科目更改为资产负债表科目或选择其他科目
You can only have Plans with the same billing cycle in a Subscription,您只能在订阅中拥有相同结算周期的计划
You can only redeem max {0} points in this order.,您只能按此顺序兑换最多{0}个积分。
You can only select one mode of payment as default,只能选择一个支付方式作为默认
You can redeem upto {0}.,您最多可兑换{0}
You can reset the clearing dates of these entries here.,您可以在此处重置这些条目的清算日期。
"You can set it as a machine name or operation type. For example, stiching machine 12",可设置为机器名称或工序类型，例如：缝纫机12号
You can set up the rule to split the transaction across multiple accounts.,您可以设置规则以将交易拆分到多个科目。
You can't process the serial number {0} as it has already been used in the SABB {1}. {2} if you want to inward same serial number multiple times then enabled 'Allow existing Serial No to be Manufactured/Received again' in the {3},您无法处理序列号 {0}，因为它已在 SABB {1} 中使用。 {2} 如果您想多次传入相同的序列号，请在 {3} 中启用“允许再次制造/接收现有序列号”
You can't redeem Loyalty Points having more value than the Total Amount.,不可兑换价值超过总金额的忠诚度积分。
You cannot create or cancel any accounting entries with in the closed Accounting Period {0},在已关闭的会计期间{0}内无法创建或取消会计分录
You cannot edit root node.,您不能编辑根节点。
You cannot enable both the settings '{0}' and '{1}'.,您无法同时启用“{0}”和“{1}”设置。
"You cannot outward following {0} as either they are Delivered, Inactive or located in a different warehouse.",您无法追踪 {0} ，因为它们要么已交付，要么处于非活动状态，要么位于不同的仓库中。
You cannot redeem more than {0}.,您不能兑换超过{0}
You cannot restart a Subscription that is not cancelled.,您无法重新启动未取消的订阅。
You cannot submit empty order.,不能提交空订单
You cannot submit the order without payment.,未付款的订单不能提交
You cannot {0} this document because another Period Closing Entry {1} exists after {2},无法{0}此单据，因为存在后续的期间结账分录{1}在{2}之后
You do not have enough permission to access {0}: {1},您没有足够的权限访问{0}：{1}
You do not have permission to import and submit bank transactions,您没有导入和提交银行交易的权限
You do not have permission to import bank transactions,您无权导入银行交易
You don't have enough Loyalty Points to redeem,您的忠诚度积分不足
You don't have enough points to redeem.,您的积分不足以兑换
You don't have permission to create a Company Address. Please contact your System Manager.,您无权创建公司地址。请联系您的系统管理员。
You don't have permission to update Company details. Please contact your System Manager.,您无权更新公司详细信息。请联系您的系统管理员。
You don't have permission to update Received Qty DocField for item {0},您无权更新物料 {0} 的“已接收数量”DocField
You don't have permission to update this document. Please contact your System Manager.,您无权更新此单据。请联系您的系统管理员。
You had {} errors while creating opening invoices. Check {} for more details,创建期初发票时出现{}个错误，请检查{}获取详情
You have been invited to collaborate on the project {0}.,您已被邀请参与项目{0}的协作
You have enabled {0} and {1} in {2}. This can lead to prices from the default price list being inserted in the transaction price list.,您已在{2}中启用{0}和{1}。这可能导致默认价格表中的价格被插入交易价格表。
You have enabled {0} and {1} in {2}. This can lead to prices from the default price list being inserted into the transaction price list.,您已在{2}中启用{0}和{1}。这可能导致默认价格表中的价格被插入交易价格表。
You have entered a duplicate Delivery Note on Row,您在第行输入了重复的送货单
You have not added any bank accounts to your company.,您尚未向您的公司添加任何银行账户。
You have not performed any reconciliations in this session yet.,您尚未在此会话中执行任何调节。
You have unsaved changes. Do you want to save the invoice?,您有未保存的更改。是否要保存发票？
You must select a customer before adding an item.,添加物料前需先选择客户
You need to cancel POS Closing Entry {} to be able to cancel this document.,需先取消POS结算单{}才能取消此单据
You selected the account group {1} as {2} Account in row {0}. Please select a single account.,第{0}行选择账户组{1}作为{2}科目，请选择单个科目
YouTube,YouTube的
YouTube Interactions,YouTube互动数据
Your Name (required),您的姓名（必填）
Your email has been verified and your appointment has been scheduled,您的邮箱已验证，预约已安排
Your order is out for delivery!,您的订单已发货！
Youtube ID,YouTube ID
Youtube Statistics,YouTube统计
ZIP Code,邮编
Zero Rated,零税率
Zero quantity,零数量
Zip File,压缩文件
[Important] [ERPNext] Auto Reorder Errors,[重要][ERPNext]自动补货错误
`Allow Negative rates for Items`,`允许物料负单价`
after,之后
as Code,作为代码
as Description,作为描述
as Title,作为标题
as a percentage of finished item quantity,按完工数量百分比
as of {0},截至 {0}
at,于
based_on,基于
by {},由{}
cannot be greater than 100,不能大于100
dated {0},日期为{0}
description,描述
development,开发
discount applied,已应用折扣
doc_type,文档类型
e.g. Bank Charges,例如银行收费
example: Next Day Shipping,例如：次日发货
exchangerate.host,汇率服务商
fieldname,字段名称
frankfurter.dev,frankfurter.dev
frankfurter.dev - v2,frankfurter.dev - v2
hours,小时
lft,左值
must be between 0 and 100,必须在0到100之间
name,名称
or its descendants,或其子节点
out of 5,满分5分
paid to,付款至
payments app is not installed. Please install it from {0} or {1},未安装支付应用，请从{0}或{1}安装
payments app is not installed. Please install it from {} or {},未安装支付应用，请从{}或{}安装
per hour,每小时
product bundle item row's name in sales order. Also indicates that picked item is to be used for a product bundle,销售订单中产品套件行的名称，表示拣选的物料将用于产品套件
production,生产
ratings,评分
received from,收款自
reconciled,已核销
returned,已返还
rgt,RGT
sandbox,沙盒环境
sold,已售
subscription is already cancelled.,订阅已取消
target_ref_field,目标参考字段
temporary name,临时名称
title,标题
to unallocate the amount of this Return Invoice before cancelling it.,在取消前需先解除此退货发票的金额分配
transaction,交易
transaction selected,已选择交易
transactions,交易记录
transactions selected,已选择交易
unique e.g. SAVE20  To be used to get discount,唯一值，例如SAVE20，用于获取折扣
updated delivered quantity for item {0} to {1},将物料 {0} 的交付数量更新为 {1}
variance,差异
via Asset Repair,通过资产维修
via BOM Update Tool,通过物料清单更新工具
{0} '{1}' not in Fiscal Year {2},{0}“ {1}”不属于{2}财年
{0} <b>{1}</b> has submitted Assets. Remove Item <b>{2}</b> from table to continue.,{0}<b>{1}</b>已提交资产，请从表中移除物料<b>{2}</b>以继续
{0} Account not found against Customer {1}.,客户{1}未找到{0}科目
{0} Account: {1} ({2}) must be in either customer billing currency: {3} or Company default currency: {4},{0}科目：{1}({2})必须使用客户结算货币{3}或公司默认货币{4}
{0} Budget for Account {1} against {2} {3} is {4}. It is already exceeded by {5}.,{0}科目 {1} 相对于 {2} {3} 的预算为 {4}。它已经超过了{5}。
{0} Budget for Account {1} against {2} {3} is {4}. It will be exceeded by {5}.,{0}科目 {1} 相对于 {2} {3} 的预算为 {4}。将超过 {5}。
{0} Coupon used are {1}. Allowed quantity is exhausted,{0}优惠券已使用{1}次，可用次数已耗尽
{0} Operating Cost for operation {1},工序{1}的{0}运营成本
{0} Request for {1},{0}申请{1}
{0} Transaction(s) Reconciled,{0}笔交易已对账
{0} account is not of company {1},{0}科目不属于公司{1}
{0} account is not of type {1},{0}科目类型不是{1}
{0} account not found while submitting purchase receipt,提交采购收据时未找到{0}科目
{0} against Purchase Order {1},{0}不允许采购订单{1}
{0} against Sales Invoice {1},{0}不允许销售发票{1}
{0} against Sales Order {1},{0}不允许销售订单{1}
{0} already has a Parent Procedure {1}.,{0}已有父程序{1}。
{0} and {1} are mandatory,{0}和{1}必填
{0} can be either {1} or {2}.,{0} 可以是 {1} 或 {2}。
{0} can not be negative,{0}不能为负
{0} cannot be changed with opened Opening Entries.,存在未结期初凭证时无法更改{0}。
{0} cannot be used as a Main Cost Center because it has been used as child in Cost Center Allocation {1},{0}不能作为主成本中心，因其已被用作成本中心分配{1}的子项
{0} cannot be zero,{0}不能为零
{0} created,{0}已创建
{0} creation for the following records will be skipped.,将跳过以下记录的 {0} 创建。
{0} currency must be same as company's default currency. Please select another account.,{0}货币必须与公司默认货币一致，请选择其他账户
{0} does not belong to Company {1},{0}不属于公司{1}
{0} does not belong to the Company {1}.,{0} 不属于公司 {1}。
{0} entered twice in Item Tax,{0}输入了两次税项
{0} entered twice {1} in Item Taxes,{0}在物料税{1}中重复输入
{0} for {1},{0} {1}
{0} has Payment Term based allocation enabled. Select a Payment Term for Row #{1} in Payment References section,{0}已启用基于付款条件的分配，请在付款参考部分为第#{1}行选择付款条件
{0} has been modified after you pulled it. Please pull it again.,{0} 在您拉取后已被修改。请再拉一下。
{0} hours,{0}小时
{0} in row {1},{1}行中的{0}
{0} is a child table and will be deleted automatically with its parent,{0} 是子表，将与其父表一起自动删除
{0} is a mandatory Accounting Dimension. <br>Please set a value for {0} in Accounting Dimensions section.,{0}是必填会计维度，请在会计维度部分设置{0}的值
{0} is added multiple times on rows: {1},{0}在以下行被多次添加：{1}
{0} is already running for {1},{0}已在{1}运行
{0} is in Draft. Submit it before creating the Asset.,{0} 处于草稿状态。在创建资产之前提交。
{0} is mandatory for Item {1},{0}是{1}的必填项
{0} is mandatory. Maybe Currency Exchange record is not created for {1} to {2}.,{0}是必填项。{1}和{2}的货币转换记录可能还未生成。
{0} is not a CSV file.,{0} 不是 CSV 文件。
{0} is not a company bank account,{0}不是公司银行账户
{0} is not a group node. Please select a group node as parent cost center,{0}不是组节点，请选择组节点作为上级成本中心
{0} is not a valid Accounting Dimension.,{0} 不是有效的会计维度。
{0} is not a valid Value for Attribute {1} of Item {2}.,{0}不是物料{2}的属性{1}的有效值
{0} is not a valid {1} fieldname.,{0} 不是有效的 {1} 字段名称。
{0} is not added in the table,表中未添加{0}
{0} is not enabled in {1},{0}未在{1}中启用
{0} is open. Close the POS or cancel the existing POS Opening Entry to create a new POS Opening Entry.,{0}处于开启状态。请关闭POS或取消现有POS期初凭证以创建新的POS期初凭证。
{0} items disassembled,已拆卸 {0} 件物料
{0} items lost during process.,流程中丢失{0}件物料。
{0} items returned,退回了 {0} 件物料
{0} items to return,{0} 件物料需要退货
{0} must be negative in return document,{0}在退货凭证中必须为负
{0} not allowed to transact with {1}. Please change the Company or add the Company in the 'Allowed To Transact With'-Section in the Customer record.,不允许{0}与{1}进行交易。请更改公司或在客户记录的'允许交易对象'章节添加该公司
{0} parameter is invalid,{0}参数无效
{0} transactions will be imported into the system. Please review the details below and click the 'Import' button to proceed.,{0} 笔交易将导入到系统中。请查看下面的详细信息，然后单击“导入”按钮继续。
{0} units of Item {1} is not available in any of the warehouses. Other Pick Lists exist for this item.,任何仓库均无 {0} 件物料 {1}。此物料存在其他选择列表。
{0} units of {1} are required in {2} with the inventory dimension: {3} on {4} {5} for {6} to complete the transaction.,{2} 中需要 {0} 单位的 {1}，库存维度为：{4} {5} 的 {3}，以便 {6} 完成交易。
{0} units of {1} needed in {2} on {3} {4} to complete this transaction.,需在{2}的{3}{4}准备{1}的{0}单位以完成本交易
{0} until {1},{0}至{1}
{0} valid serial nos for Item {1},物料{1}有{0}个有效序列号
{0} view is currently unsupported in Custom Financial Report.,自定义财务报表当前不支持 {0} 视图。
{0} will be given as discount.,{0}将作为折扣发放
{0} will be set as the {1} in subsequently scanned items,{0}将被设置为后续扫描物料中的{1}
{0} {1},{0}{1}
{0} {1} Manually,手动{0}{1}
{0} {1} Partially Reconciled,{0}{1}部分对账
{0} {1} does not exist,{0} {1}不存在
{0} {1} has been modified. Please refresh.,{0} {1}已被修改过，请刷新。
{0} {1} has not been submitted so the action cannot be completed,{0} {1}尚未提交，因此无法完成此操作
{0} {1} is allocated twice in this Bank Transaction,银行交易中重复分配了{0}{1}
{0} {1} is already linked to Common Code {2}.,{0}{1}已关联至通用代码{2}
{0} {1} is cancelled or closed,{0} {1}被取消或关闭
{0} {1} is cancelled or stopped,{0} {1}被取消或停止
{0} {1} is closed,{0} {1} 已关闭
{0} {1} is disabled,{0} {1}已禁用
{0} {1} is frozen,{0} {1}已冻结
{0} {1} is fully billed,{0} {1}已完全开票
{0} {1} is not associated with {2} {3},{0} {1}与{2} {3}无关
{0} {1} is not submitted,{0} {1}未提交
{0} {1} is on hold,{0}{1}已暂挂
{0} {1} must be submitted,{0} {1}必须提交
{0} {1} not allowed to be reposted. You can enable it by adding it '{2}' table in {3}.,{0} {1} 不允许转发。您可以通过在 {3} 中添加“{2}”表来启用它。
{0} {1} status is {2}.,{0} {1}的状态为{2}.
{0} {1}: Account {2} does not belong to Company {3},{0} {1}科目{2}不属于公司{3}
{0} {1}: Account {2} is inactive,{0} {1}: 科目{2}无效
{0} {1}: Accounting Entry for {2} can only be made in currency: {3},{0} {1}在{2}会计分录只能用货币单位：{3}
{0} {1}: Cost Center is required for 'Profit and Loss' account {2}.,{0}{1}: 损益类科目{2}必须指定成本中心
{0} {1}: Cost Center {2} does not belong to Company {3},{0} {1}：成本中心{2}不属于公司{3}
{0} {1}: Cost Center {2} is a group cost center and group cost centers cannot be used in transactions,{0}{1}: 成本中心{2}为组成本中心，不可用于交易凭证
{0}%,{0}%
{0}% of total invoice value will be given as discount.,将按发票总额的{0}%作为折扣发放
{0}'s {1} cannot be after {2}'s Expected End Date.,{0}的{1}不得晚于{2}的预计结束日期
"{0}, {1} or {2} are the only allowed options.",{0}、{1} 或 {2} 是唯一允许的选项。
{0}: Child table (auto-deleted with parent),{0}：子表（与父表一起自动删除）
{0}: Not found,{0}未找到
{0}: Protected DocType,{0}：受保护的单据类型
{0}: Virtual DocType (no database table),{0}：虚拟 DocType（无数据库表）
{0}: remove invalid value(s) {1},{0}：删除无效值{1}
{0}: select the typed value {1} from the list or clear it,{0}：从列表中选择键入的值 {1} 或将其清除
{0}: {1} does not belong to the Company: {2},{0}: {1}不属于公司{2}
{0}: {1} does not exist,{0} {1}不存在。
{0}: {1} is a group account.,{0}：{1}为组科目。
{0}: {1} must be less than {2},{0}：{1}必须小于{2}
{count} Assets created for {item_code},已为{item_code}创建{count}项资产
{doctype} {name} is cancelled or closed.,{doctype}{name}已取消或关闭
{field_label} is mandatory for sub-contracted {doctype}.,外协{doctype}必须填写{field_label}
{item_name}'s Sample Size ({sample_size}) cannot be greater than the Accepted Quantity ({accepted_quantity}),{item_name}的样本量({sample_size})不得超过验收数量({accepted_quantity})
{ref_doctype} {ref_name} status is {status}.,{ref_doctype} {ref_name}的状态为{status}.
{},{}
{} can't be cancelled since the Loyalty Points earned has been redeemed. First cancel the {} No {},无法取消{}，因已兑换获得的积分。请先取消{}编号{}
{} has submitted assets linked to it. You need to cancel the assets to create purchase return.,{}已提交关联资产。需先取消资产才能创建采购退货
{} invoices,{} 发票
{} is a child company.,{}是子公司
{} {} is not affecting bank account {},{} {}未影响银行账户{}
 Salary slips starting on or after this date will be considered for arrear calculations,起始日期在此日期及之后的工资条将纳入欠薪计算范围
"""From Date"" can not be greater than or equal to ""To Date""",“起始日期”不能大于等于“结束日期”
% Utilization (B + NB) / T,利用率%（基本 + 非基本）/ 总时长
% Utilization (B / T),利用率%（基本 / 总时长）
'employee_field_value' and 'timestamp' are required.,必须提供'employee_field_value'和'timestamp'
) for {0},）用于{0}
...Fetching Employees,...正在获取员工数据
0.25,0.25
0.5,0.5
00:00,00:00
01:00,01:00
02:00,02:00
03:00,03:00
04:00,04:00
05:00,05:00
06:00,06:00
07:00,07:00
08:00,08:00
09:00,09:00
1.0,1.0
10:00,10:00
11:00,11:00
12:00,12:00
13:00,13:00
14:00,14:00
15:00,15:00
16:00,16:00
17:00,17:00
18:00,18:00
19:00,19:00
20:00,20:00
21:00,21:00
22:00,22:00
23:00,23:00
<b>Base</b> amount has not been set for the following employee(s): {0},<b>基本</b>金额未对以下员工设置：{0}
<b>Example:</b> SAL-{first_name}-{date_of_birth.year} <br>This will generate a password like SAL-Jane-1972,<b>示例：</b>SAL-{first_name}-{date_of_birth.year} <br>将生成类似SAL-Jane-1972的密码
<b>Total Leaves Allocated</b> are more than the number of days in the allocation period,<b>分配的总假期</b>超过分配周期天数
"<h3>Help</h3>

<p>Notes:</p>

<ol>
<li>Use field <code>base</code> for using base salary of the Employee</li>
<li>Use Salary Component abbreviations in conditions and formulas. <code>BS = Basic Salary</code></li>
<li>Use field name for employee details in conditions and formulas. <code>Employment Type = employment_type</code><code>Branch = branch</code></li>
<li>Use field name from Salary Slip in conditions and formulas. <code>Payment Days = payment_days</code><code>Leave without pay = leave_without_pay</code></li>
<li>Direct Amount can also be entered based on Condition. See example 3</li></ol>

<h4>Examples</h4>
<ol>
<li>Calculating Basic Salary based on <code>base</code>
<pre><code>Condition: base &lt; 10000</code></pre>
<pre><code>Formula: base * .2</code></pre></li>
<li>Calculating HRA based on Basic Salary<code>BS</code> 
<pre><code>Condition: BS &gt; 2000</code></pre>
<pre><code>Formula: BS * .1</code></pre></li>
<li>Calculating TDS based on Employment Type<code>employment_type</code> 
<pre><code>Condition: employment_type==""Intern""</code></pre>
<pre><code>Amount: 1000</code></pre></li>
</ol>","<h3>帮助</h3>

<p>注释：</p>

<ol>
<li>用字段 <code>base</code> 表示员工基本工资</li>
<li>在条件和公式中使用工资组成部分的缩写。 <code>BS = Basic Salary</code></li>
<li>在条件和公式中使用字段名称来显示员工详细信息。 <code>就业类型 = employment_type</code><code>分部 = branch</code></li>
<li>在条件和公式中使用工资单中的字段名称。 <code>账期 = payment_days</code><code>无薪假期 = leave_without_pay</code></li>
<li>也可以根据条件输入具体金额。参见示例 3</li></ol>

<h4>示例</h4>
<ol>
<li>根据 <code>base</code> 计算基本工资
<pre><code>条件：base &lt; 10000</code></pre>
<pre><code>公式：base * .2</code></pre></li>
<li>计算 HRA 基本工资 <code>BS</code>
<pre><code>条件：BS &gt; 2000</code></pre>
<pre><code>公式：BS * .1</code></pre></li>
<li>计算基于 TDS 的员工类型 <code>employment_type</code> 
<pre><code>条件：employment_type==""实习""</code></pre>
<pre><code>金额：1000</code></pre></li>
</ol>"
"<h4>Condition Examples</h4>
<ol>
<li>Applying tax if employee born between 31-12-1937 and 01-01-1958 (Employees aged 60 to 80)<br>
<code>Condition: date_of_birth&gt;date(1937, 12, 31) and date_of_birth&lt;date(1958, 01, 01)</code></li><br><li>Applying tax by employee gender<br>
<code>Condition: gender==""Male""</code></li><br>
<li>Applying tax by Salary Component<br>
<code>Condition: base &gt; 10000</code></li></ol>","<h4>条件示例</h4>
<ol>
<li>如果员工出生在 1937 年 12 月 31 日至 1958 年 1 月 1 日之间（员工年龄在 60 岁至 80 岁之间），则需纳税<br>
<code>条件：date_of_birth&gt;date(1937, 12, 31) and date_of_birth&lt;date(1958, 01, 01)</code></li><br><li>按员工性别算税<br>
<code>条件：gender==""男""</code></li><br>
<li>按工资组成算税<br>
<code>条件：base &gt; 10000</code></li></ol>"
<h5>Employees on Half Day</h5>,<h5>半日制员工</h5>
<h5>Unmarked Employees</h5>,<h5>未标记员工</h5>
<hr>,<hr>
"<span class=""h4""><b>Transactions &amp; Reports</b></span>","<span class=""h4""><b>交易 &amp; 报表</b></span>"
"<span style=""font-size: 18px;""><b>Masters &amp; Reports</b></span>","<span style=""font-size: 18px;""><b>雇主 &amp; 报告</b></span>"
<table class='table table-bordered'><tr><th>{0}</th><th>{1}</th></tr>,<table class='table table-bordered'><tr><th>{0}</th><th>{1}</th></tr>
A Job Requisition for {0} requested by {1} already exists: {2},由{1}申请的{0}职位申请已存在：{2}
A friendly reminder of an important date for our team.,关于团队重要日期的温馨提示
A {0} exists between {1} and {2} (,在{1}至{2}期间存在{0}（
Absent,缺勤
Absent Days,缺勤天数
Absent Records,缺勤记录
Account No,账号
"Account type should be set {0} for payroll payable account {1}, please set and try again",工资应付账户{1}的账户类型应设置为{0}，请设置后重试
Accrual,计提
Accrual Arrears,计提欠薪
Accrual Component,计提组件
Accrual Component can only be set for Earning Salary Components.,计提组件仅可为收入类工资组件设置
Accrual Component can only be set for Flexible Benefit Salary Components with accrual payout methods.,计提组件仅可为采用计提支付方式的弹性福利工资组件设置
Accrual Component must be set for Flexible Benefit Salary Components with accrual payout methods.,采用计提支付方式的弹性福利工资组件必须设置计提组件
Accrue and payout at end of payroll period,在薪资期末计提并支付
"Accrue per cycle, pay only on claim",按周期计提，仅报销时支付
Accrued Benefits,计提福利
Accrued Earnings Report,计提收入报告
Accrued amount {0} is less than paid amount {1} for Benefit {2} in payroll period {3},在薪资期间{3}中，福利{2}的计提金额{0}小于已付金额{1}
Action on Submission,提交时动作
Actual Amount,实际金额
Actual Encashable Days,实际可兑换天数
Actual Overtime Duration,实际加班时长
Actual balances aren't available because the leave application spans over different leave allocations. You can still apply for leaves which would be compensated during the next allocation.,由于请假申请跨越不同假期分配，当前无法显示实际余额。您仍可申请假期，差额将在下次分配时补足。
Add Day-wise Dates,添加逐日日期
Add Expense,添加费用
Add Feedback,添加反馈
Add Tax,添加税费
Add to Details,添加至明细
Add unused leaves from previous leave period's allocation to this allocation,将上一假期周期未使用的假期添加至本次分配
Added tax components from the Salary Component master as the salary structure didn't have any tax component.,薪资结构未配置税费组件，已自动从主薪资组件中添加税费项
Added to details,已添加至明细
Additional Amount,附加金额
Additional Information ,补充信息
Additional PF,附加公积金
Additional Salary,附加薪资
Additional Salary for referral bonus can only be created against Employee Referral with status {0},推荐奖金类附加薪资只能针对状态为{0}的员工推荐创建
Additional Salary for this salary component with {0} enabled already exists for this date,该薪资组件已存在启用{0}的附加薪资
Additional Salary: {0} already exist for Salary Component: {1} for period {2} and {3},薪资组件{1}在期间{2}至{3}已存在附加薪资{0}
Address of Organizer,组织者地址
Adjust Allocation,调整分配
Adjustment Created Successfully,调整项创建成功
Adjustment Type,调整类型
"Advance Account is mandatory. Please set the <a href=""/app/company/{0}#default_employee_advance_account"" target=""_blank"">Default Employee Advance Account</a> in the Company record {0} and submit this document.","预支账户为必填项。请在 <a href=""/app/company/{0}#default_employee_advance_account"" target=""_blank"">公司记录{0}</a> 中设置默认员工预支账户并提交本文档。"
Advance Account {} currency should be same as Salary Currency of Employee {}. Please select same currency Advance Account,预付款科目 {} 货币应与员工 {} 的工资货币相同。请选择相同币种预付款科目
All Exchange Gain/Loss amount of {0} has been booked through {1},{0} 的所有汇兑损益金额已通过 {1} 预订
All Goals,所有目标
All allocated assets should be returned before submission,提交前需归还所有已分配资产
All the mandatory tasks for employee creation are not completed yet.,员工建档的必填任务尚未全部完成
Allocate Based On Leave Policy,按假期政策分配
Allocate Leave,分配假期
Allocate leaves to {0} employee(s)?,是否为{0}名员工分配假期？
Allocated Leaves,已分配假期
Allocated Via,分配途径
Allocating Leave,假期分配中
Allocation Date,分配日期
Allocation Details,分配明细
Allocation Expired!,分配已过期！
Allocation is greater than the maximum allowed {0} for leave type {1},分配天数超过假期类型{1}允许的最大值{0}
Allocation to Adjust,待调整分配
Allocation was skipped due to exceeding annual allocation set in leave policy,由于超出休假政策中规定的年度分配，分配被跳过
Allocation was skipped due to maximum leave allocation limit set in leave type. Please increase the limit and retry failed allocation.,由于休假类型中设置的最大休假分配限制，分配被跳过。请增加限制并重试失败的分配。
Allow Encashment,允许兑换
Allow Leave Application After (Working Days),允许假期申请截止时间（工作日）
Allow Negative Balance,允许负余额
Allow User,授权用户
Allow Users,授权用户
Allow claim for full benefit amount,允许全额福利报销
Allows allocating more leaves than the number of days in the allocation period.,允许分配的假期数超过分配周期天数
Amount Based on Formula,公式计算金额
Amount based on formula,基于公式的金额
Amount paid against this encashment,本次兑换已支付金额
Amount scheduled for deduction via salary,计划通过薪资扣除的金额
Amount should not be less than zero,金额不能小于零
An Arrear document already exists for employee {0} with salary structure {1} in payroll period {2},员工{0}在薪资期间{2}已存在薪资结构{1}的欠薪文档
An attendance record is linked to this checkin. Please cancel the attendance before modifying time.,存在关联的考勤记录。修改时间前请先取消考勤记录
Annual Allocation,年度分配
Annual Allocation Exceeded,超出年度分配额度
Annual Salary,年薪
Annual Taxable Amount,年度应税金额
"Any other remarks, noteworthy effort that should go in the records",其他需记录的备注或突出贡献
Applicable Earnings Component,适用收入组件
Applicable Salary Components,适用工资组件
Applicable in the case of Employee Onboarding,适用于员工入职场景
Applicant name,申请人姓名
Application period cannot be across two allocation records,申请周期不可跨越两个分配记录
Application period cannot be outside leave allocation period,申请周期不可超出假期分配期间
Applications Received,已收申请
Applications received:,已接收申请：
Apply / Approve Leaves,申请/审批假期
Apply for Public Holiday,应用于公共假日
Apply for Weekend,应用于周末
Appointment Date,任命日期
Appointment Letter content,聘书内容
Appraisal,绩效考核
Appraisal Goal,考核目标
Appraisal KRA,关键绩效领域
Appraisal Linking,考核关联
Appraisal Template,考核模板
Appraisal Template Goal,考核模板目标
Appraisal Template Missing,考核模板缺失
Appraisal Template Title,考核模板标题
Appraisal Template not found for some designations.,部分职级未找到考核模板
Appraisal creation is queued. It may take a few minutes.,考核创建已加入队列，可能需要几分钟时间
Appraisal {0} already exists for Employee {1} for this Appraisal Cycle or overlapping period,员工{1}在本考核周期或重叠期间已存在考核{0}
Appraisal {0} does not belong to Employee {1},考核{0}不属于员工{1}
Appraisee,被考核人
Appraisees: {0},被考核人：{0}
Apprentice,实习生
Approval Status,审批状态
Approved,已批准
Approvers,审批人列表
Are you sure you want to delete the attachment,确认删除该附件？
Are you sure you want to delete the {0},确认删除{0}？
Are you sure you want to email the selected salary slips?,确认发送所选工资条？
Are you sure you want to reject the Employee Referral?,确认拒绝该员工推荐？
Arrear Component cannot be set for Salary Components based on taxable salary.,基于应税工资的工资组件不可设置欠薪组件
Arrear Start Date,欠薪起始日期
Arrears,欠薪
As per your assigned Salary Structure you cannot apply for benefits,根据您的薪资结构，无法申请此福利
Asset Recovery Cost for {0}: {1},{0}的资产回收成本：{1}
Assign Salary Structure to {0} employee(s)?,是否为{0}名员工分配薪资结构？
Assign Shift,分配班次
Assign Shift Schedule,分配班次表
Assigning Salary Structure,正在分配薪资结构
Assigning Structure...,分配结构中...
Assignment based on,分配依据
Associate Job Opening,关联职位空缺
At least one interview has to be selected.,至少需选择一个面试
Attach Proof,附证明
Attempted,尝试过
Attendance,考勤
Attendance Calendar,考勤日历
Attendance Date,考勤日期
Attendance ID,考勤编号
Attendance Request,考勤申请
Attendance Request History,考勤申请历史
Attendance To Date,考勤截止日期
Attendance Updated,考勤已更新
Attendance Warnings,考勤预警
Attendance date {0} can not be less than employee {1}'s joining date: {2},考勤日期{0}不得早于员工{1}的入职日期{2}
Attendance for all the employees under this criteria has been marked already.,符合条件的所有员工考勤已记录
Attendance for employee {0} is already marked for an overlapping shift {1}: {2},员工{0}的考勤已记录在重叠班次{1}：{2}中
Attendance for employee {0} is already marked for the date {1}: {2},员工{0}在日期{1}的考勤已记录：{2}
Attendance for employee {0} is already marked for the following dates: {1},员工{0}在以下日期已有考勤记录：{1}
Attendance for the following dates will be skipped/overwritten on submission,提交时将跳过/覆盖以下日期的考勤记录
Attendance from {0} to {1} has already been marked for the Employee {2},员工{2}在{0}至{1}期间的考勤已记录
Attendance has been marked for all the employees between the selected payroll dates.,所选薪资期间内的所有员工考勤已记录
Attendance is pending for these employees between the selected payroll dates. Mark attendance to proceed. Refer {0} for details.,这些员工在所选薪资期间的考勤待处理，请记录考勤后继续。详情参考{0}
Attendance marked successfully,考勤记录成功
Attendance not submitted for {0} as it is a Holiday.,{0}为节假日，未提交考勤
Attendance not submitted for {0} as {1} is on leave.,{0}因{1}请假未提交考勤
AttendanceRequestListView,考勤申请列表视图
Attendees,参会人员
Auto Attendance Settings,自动考勤设置
Automated Based on Goal Progress,基于目标进度自动化
Automatic Leave Allocation has failed for the following Earned Leaves: {0}. Please check {1} for more details.,以下带薪休假的自动休假分配失败：{0}。请查看{1}了解更多详情。
Automatically update Last Sync of Checkin,自动更新签到最后同步时间
Available Leave(s),可用假期
Average Feedback Score,平均反馈得分
"Average of Goal Score, Feedback Score, and Self Appraisal Score",目标评分、反馈评分与自评评分的平均值
Average rating of demonstrated skills,展示技能的平均评分
Avg Feedback Score,平均反馈分
Backdated Leave Application is restricted. Please set the {} in {},禁止补请假申请，请在{}设置{}
Bank Remittance,银行汇款
Below is the list of upcoming holidays for you:,以下是您即将到来的假期列表：
Benefit Amount,福利金额
Benefit Details,福利明细
Benefit amount of component {0} exceeds {1},组件{0}的福利金额超过{1}
Benefit amount of component {0} should be greater than 0,组件{0}的福利金额应大于0
Benefit amount {0} for Salary Component {1} should not be greater than maximum benefit amount {2} set in {3},工资组件{1}的福利金额{0}不应大于在{3}中设置的最大福利金额{2}
Bill Amount,账单金额
Birthday Reminder,生日提醒
Birthday Reminder 🎂,生日提醒 🎂
Bonus,奖金
Bonus Amount,奖金金额
Bonus Payment Date,奖金发放日期
Bonus Payment Date cannot be a past date,奖金发放日期不能为过去日期
Bulk Assignments,批量分配
"By default, the Final Score is calculated as the average of Goal Score, Feedback Score, and Self Appraisal Score. Enable this to set a different formula",默认最终得分为目标得分、反馈得分和自评得分的平均值，启用后可自定义计算公式
CTC,人力总成本
Calculate Final Score based on Formula,按公式计算最终得分
Calculate Gratuity Amount Based On,离职金计算依据
Calculated in days,按天数计算
Calls,通话记录
Cancellation Queued,取消已排队
Cannot Modify Time,不可修改时间
Cannot allocate leaves outside the allocation period {0} - {1},不可在分配期间{0}-{1}外分配假期
Cannot allocate more leaves due to maximum leave allocation limit of {0} in leave policy assignment,由于休假政策分配中的最大休假分配限制为 {0}，无法分配更多休假
Cannot allocate more leaves due to maximum leaves allowed limit of {0} in {1} leave type.,由于 {1} 休假类型中允许的最大休假限制为 {0}，因此无法分配更多休假。
Cannot break shift after end date,不可在结束日期后拆分班次
Cannot break shift before start date,不可在开始日期前拆分班次
Cannot cancel Shift Assignment: {0} as it is linked to Attendance: {1},无法取消班次分配{0}，因其关联考勤记录{1}
Cannot cancel Shift Assignment: {0} as it is linked to Employee Checkin: {1},无法取消班次分配{0}，因其关联员工签到{1}
Cannot create Salary Slip for Employee joining after Payroll Period,无法为薪资周期后入职员工创建工资条
Cannot create Salary Slip for Employee who has left before Payroll Period,无法为薪资周期前离职员工创建工资条
Cannot create a Job Applicant against a closed Job Opening,无法为已关闭的职位空缺创建申请人
Cannot create or change transactions against an Appraisal Cycle with status {0}.,无法对状态为{0}的考核周期创建或修改事务
Cannot find active Leave Period,未找到有效假期周期
Cannot mark attendance for an Inactive employee {0},无法为停用员工{0}记录考勤
Cannot submit. Attendance is not marked for some employees.,无法提交，部分员工考勤未记录
Cannot update allocation for {0} after submission,提交后不可更新{0}的分配
Cannot update status of Goal groups,无法更新目标组状态
Carry Forwarded Leaves,结转假期
Casual Leave,事假
Changed the status from {0} to {1} and Status for Other Half to {2} via Attendance Request,通过考勤申请将状态从{0}更改为{1}，并将另一半状态更改为{2}
Changed the status from {0} to {1} via Attendance Request,通过考勤申请将状态从{0}更改为{1}
Changing '{0}' to {1}.,正在将‘{0}’更改为{1}。
"Changing KRA in this parent goal will align all the child goals to the same KRA, if any.",修改父级目标的KRA将同步所有子目标KRA（如存在）
Check <a href='/app/List/Error Log?reference_doctype={0}'>{1}</a> for more details,查看<a href='/app/List/Error Log?reference_doctype={0}'>{1}</a>获取详情
Check Error Log {0} for more details.,查看错误日志{0}获取详情
Check In,签到
Check {0} for more details,查看{0}获取详情
Check-in,签到
Check-in Date,签到日期
Check-out,签退
Check-out Date,签退日期
Checkin Radius,签到半径
Child nodes can only be created under 'Group' type nodes,子节点只能在'组'类型节点下创建
"Choose how the hourly overtime amount is calculated:
<ol style=""padding-left:15px;""><li>Fixed Hourly Rate: A fixed, manually entered hourly rate.</li>
<li>Salary Component-Based:

(Sum of selected component amounts) ÷ (Payment Days) ÷ (Standard Daily Hours)</li></ol>","选择小时加班费计算方式：
<ol style=""padding-left:15px;""><li>固定小时费率：固定且手动输入的小时费率。</li>
<li>基于工资组件

（所选组件金额总和）÷（支付天数）÷（标准每日工时）</li></ol>"
Choose the date on which you want to create these components as arrears.,选择将这些组件创建为欠薪的日期
Claim Benefit For,申请福利对象
Claim an Expense,费用报销
Claimed,已申报
Claimed amount of employee {0} exceeds maximum amount eligible for claim {1},员工{0}的报销金额超过符合条件的最大报销金额{1}
Claimed amount of employee {0} should be greater than 0,员工{0}的报销金额应大于0
Closed On,关闭日期
Closes On,截止日期
Closes on:,截止于：
Closing Notes,结案说明
Company Information,公司信息
Compensatory Leave Request,补休申请
Compensatory Off,调休
Completing onboarding,完成入职流程
Component properties and references ,组件属性及引用
Condition & Formula,条件与公式
Condition and formula,条件与公式
Conditions and Formula variable and example,条件公式变量及示例
Conference,会议
Confirm {0},确认{0}
Consider Grace Period,考虑宽限期
Consolidate Leave Types,合并休假类型
Contact Number,联系电话
Could not update Goal,无法更新目标
Could not update goals,无法更新多个目标
Country Fixture Deletion Failed,国家基础数据删除失败
Country Setup failed,国家配置失败
Country of Residence,居住国家
Course,课程
Create Additional Salary,创建附加薪资
Create Appraisals,创建绩效考核
Create Interview,创建面试安排
Create Job Applicant,创建职位申请人
Create Job Opening,创建职位空缺
Create Overtime Slip For Eligible Employee(s),为符合条件的员工创建加班单
Create Overtime Slips,创建加班单
Create Salary Slips,批量创建工资条
Create Shifts After,创建班次时间范围
Creating Appraisals,正在创建绩效考核
Creating Salary Slips...,正在创建工资条...
Creating {0}...,正在创建{0}...
Creation Date,创建日期
Creation Failed,创建失败
Creation of Salary Structure Assignments has been queued. It may take a few minutes.,薪资结构分配创建已加入队列，可能需要几分钟时间
Creation of {0} has been queued. It may take a few minutes.,{0}创建已加入队列，可能需要几分钟时间
Currency of selected Income Tax Slab should be {0} instead of {1},所选所得税税级的币种应为{0}而非{1}
Current Count,当前数量
Current Employer ,当前雇主
Current Job Title,当前职位
Current Month Income Tax,本月所得税
Current Odometer Value should be greater than Last Odometer Value {0},当前里程表读数应大于上次读数{0}
Current Odometer value ,当前里程表读数
Current Openings,当前空缺职位
Current Payroll Period,当前薪资期间
Current Slab,当前税级
Current Work Experience,当前工作经验
"Currently, there is no {0} leave period for this date to create/update leave allocation.",当前没有适用于该日期的{0}假期周期用于创建/更新假期分配
Custom Range,自定义范围
Cycle Name,周期名称
Cycles,周期
Daily Work Summary,每日工作摘要
Daily Work Summary Group,每日工作摘要组
Daily Work Summary Group User,每日工作摘要组成员
Daily Work Summary Replies,每日工作摘要回复
Date Range Exceeded,日期范围超出
Date is repeated,日期重复
Date {0} is repeated in Overtime Details,日期{0}在加班明细中重复
Dates Based On,日期依据
Days to Reverse,待冲销天数
Days to Reverse must be greater than zero.,待冲销天数必须大于零
Decision Pending,待决策
Declarations,申报项
Declared Amount,申报金额
Deduction,扣除项
Deduction Arrears,扣款欠薪
Deduction from Salary,薪资扣除
Deductions,扣除项
Deductions before tax calculation,税前扣除项
Default Amount,默认金额
Default Base Pay,默认基本工资
Default Employee Advance Account,默认员工预支账户
Default Payroll Payable Account,默认应付薪资账户
Default Salary Structure,默认薪资结构
Delete Attachment,删除附件
Delete {0},删除{0}
Department Approver,部门审批人
Department {0} does not belong to company: {1},部门{0}不属于公司{1}
Depends On Payment Days,依赖计薪天数
Description of a Job Opening,职位空缺描述
Designation Skill,职级技能
"Details of Sponsor (Name, Location)",担保人详细信息（姓名，所在地）
"Disable {0} for the {1} component, to prevent the amount from being deducted twice, as its formula already uses a payment-days-based component.",请为{1}组件禁用{0}，因其公式已包含基于计薪天数的组件，避免重复扣除
Disable {0} or {1} to proceed.,禁用{0}或{1}以继续
Disabling Push Notifications...,正在禁用推送通知...
Do Not Include in Accounting Entries,不包含在会计分录入账中
Do not include in total,不计入合计
Do you want to update the Job Applicant {0} as {1} based on this interview result?,是否根据本次面试结果将职位申请人{0}状态更新为{1}？
Document {0} failed!,单据{0}处理失败！
Domestic,国内
Duplicate Attendance,重复考勤记录
Duplicate Claim Detected,检测到重复报销
Duplicate Job Requisition,重复职位申请
Duplicate Leave Adjustment,重复假期调整
Duplicate Overwritten Salary,重复覆盖薪资
Duplicate Salary Withholding,重复薪资代扣
ERROR({0}): {1},错误({0})：{1}
Early Exit By,早退处理人
Early Exits,早退记录
Earned Leave,带薪休假
Earned Leave Frequency,带薪休假分配频率
Earned Leave Schedule,带薪休假时间表
Earned Leaves,累计休假
Earned Leaves are allocated as per the configured frequency via scheduler.,带薪休假按配置频率通过调度程序自动分配
Earned Leaves are auto-allocated via scheduler based on the annual allocation set in the Leave Policy: {0},根据休假政策{0}设定的年度分配，带薪休假通过调度程序自动分配
Earned Leaves are leaves earned by an Employee after working with the company for a certain amount of time. Enabling this will allocate leaves on pro-rata basis by automatically updating Leave Allocation for leaves of this type at intervals set by 'Earned Leave Frequency.,带薪休假是员工在公司工作一定时间后获得的假期。启用后，系统将按'分配频率'定期自动按比例更新此类假期分配
Earning,收入项
Earning Arrears,收入欠薪
Earning Salary Component is required for Employee Referral Bonus.,员工推荐奖金需要收入类薪资组件
Earnings,收入项
Edit Expense Item,编辑费用项
Edit Expense Tax,编辑费用税费
Effective From,生效日期
Effective To,失效日期
Email Salary Slip to Employee,邮件发送工资条至员工
Email Salary Slips,批量发送工资条邮件
Emails salary slip to employee based on preferred email selected in Employee,根据员工档案首选邮箱发送工资条邮件
Employee A/C Number,员工银行账号
Employee Advance Account,员工预支科目
Employee Advance Balance,员工预支余额
Employee Advance Summary,员工预支汇总
Employee Analytics,员工分析
Employee Attendance Tool,员工考勤工具
Employee Benefit Application,员工福利申请
Employee Benefit Application Detail,员工福利申请明细
Employee Benefit Detail,员工福利明细
Employee Benefit Ledger,员工福利分类账
Employee Benefits,员工福利
Employee Birthday,员工生日
Employee Checkin History,员工签到历史
Employee Cost Center,员工成本中心
Employee Details,员工详细信息
Employee Emails,员工邮箱列表
Employee Feedback Rating,员工反馈评分
Employee Grade,员工职级
Employee Health Insurance,员工健康保险
Employee Image,员工照片
Employee Incentive,员工激励
Employee Info,员工基本信息
Employee Information,员工信息
Employee Journey,员工职业历程管理
Employee Leave Balance,员工假期余额
Employee Onboarding,员工入职流程
Employee Onboarding Template,员工入职模板
Employee Onboarding: {0} already exists for Job Applicant: {1},职位申请人{1}已存在员工入职流程{0}
Employee Promotion,员工晋升
Employee Promotion Details,员工晋升详情
Employee Promotion cannot be submitted before Promotion Date,晋升日期前不可提交晋升记录
Employee Property History,员工属性变更历史
Employee Referral,员工推荐
Employee Referral {0} already exists for email: {1},电子邮件的员工推荐 {0} 已存在：{1}
Employee Referral {0} is not applicable for referral bonus.,员工推荐{0}不符合推荐奖金条件
Employee Referrals,员工推荐记录
Employee Responsible ,责任人
Employee Separation,员工离职
Employee Separation Template,员工离职模板
Employee Settings,员工设置
Employee Skill,员工技能
Employee Skills,员工技能列表
Employee Status,员工状态
Employee Tax Exemption Sub Category,员工免税子类别
Employee Training,员工培训
Employee Transfer,员工调岗
Employee Transfer Detail,员工调岗明细
Employee advance account {0} should be of type {1}.,员工预支账户{0}应为{1}类型
"Employee can be named by Employee ID if you assign one, or via Naming Series. Select your preference here.",员工编号可通过指定员工ID或命名规则生成，请在此选择首选项
Employee name,员工姓名
Employee was marked Absent due to missing Employee Checkins.,因缺少签到记录，员工标记为缺勤
Employee was marked Absent for not meeting the working hours threshold.,因未达到工时阈值，员工标记为缺勤
Employee was marked Absent for other half due to missing Employee Checkins.,由于缺少员工打卡记录，该员工另一半被标记为缺勤
Employee {0} : {1},员工{0}：{1}
Employee {0} already has an Attendance Request {1} that overlaps with this period,员工{0}已有考勤申请{1}与本期间重叠
Employee {0} already has an active Shift {1}: {2} that overlaps within this period.,员工{0}存在活动班次{1}:{2}与本期间重叠
Employee {0} already submitted an application {1} for the payroll period {2},员工{0}已提交薪资期间{2}的申请{1}
Employee {0} has already applied for Shift {1}: {2} that overlaps within this period,员工{0}已申请与本期间重叠的班次{1}:{2}
Employee {0} has already applied for {1} between {2} and {3} : {4},员工{0}已在{2}至{3}期间申请{1}:{4}
"Employee {0} has already claimed the benefit '{1}' for {2} ({3}).<br>To prevent overpayments, only one claim per benefit type is allowed in each payroll cycle.",员工{0}已在{2}（{3}）期间报销过福利“{1}”。<br>为防止超额支付，每个薪资周期内每种福利类型仅允许报销一次
Employee {0} not found in Training Event Participants.,未在培训参与者中找到员工{0}
Employee {0} on Half day on {1},员工{0}在{1}为半日假
Employee {0} relieved on {1} must be set as 'Left',员工{0}于{1}离职需标记为'已离职'
Employee: {0} have to complete minimum {1} years for gratuity,员工{0}需满足最低{1}年工龄方可享受离职金
Employees HTML,员工HTML模板
Employees cannot give feedback to themselves. Use {0} instead: {1},员工不可自评，请使用{0}功能：{1}
Employees on Half Day HTML,半日制员工HTML
Employees will miss holiday reminders from {} until {}. <br> Do you want to proceed with this change?,员工将错过{}至{}期间的假期提醒。<br>是否继续此更改？
Employees without Feedback: {0},未提交反馈员工：{0}
Employees without Goals: {0},未设置目标员工：{0}
Employees working on a holiday,节假日工作员工
Employment Type,雇佣类型
Enable Auto Attendance,启用自动考勤
Enable Push Notifications,启用推送通知
"Enable this to use a specific multiplier for public holidays. If unchecked, the standard multiplier will be used instead.",启用此项可为公共假日使用特定乘数。若未勾选，将使用标准乘数
"Enable this to use a specific multiplier for weekends. If unchecked, the standard multiplier will be used instead.",启用此项可为周末使用特定乘数。若未勾选，将使用标准乘数
Enabled only for Employee Benefit components from Salary Structure Assignment,仅对来自薪资结构分配的员工福利组件启用
Enabling Push Notifications...,正在启用推送通知...
Encashment,折现
Encashment Amount,折现金额
Encashment Days,折现天数
Encashment Days cannot exceed {0} {1} as per Leave Type settings,根据假期类型设置，折现天数不得超过{0}{1}
Encashment Limit Applied,已应用折现限制
Encrypt Salary Slips in Emails,邮件工资条加密
End Date cannot be before Start Date,结束日期不得早于开始日期
Enter Interview Round,输入面试轮次
Enter a non-zero value to adjust.,请输入非零值进行调整。
Enter the Standard Working Hours for a normal work day. These hours will be used in calculations of reports such as Employee Hours Utilization and Project Profitability analysis.,输入标准工作日工时，该数值将用于员工工时利用率和项目盈利能力分析等报表
Enter the number of Leave Without Pay (LWP) days you want to reverse. This value cannot exceed the total LWP days recorded for the selected month,输入要冲销的无薪假（LWP）天数。该值不能超过所选月份记录的总LWP天数
Enter the number of leaves you want to allocate for the period.,输入本期间需分配的假期天数
Enter yearly benefit amounts,输入年度福利金额
Enter {0},输入{0}
Error creating {0},创建{0}时出错
Error deleting {0},删除{0}时出错
Error downloading PDF,下载 PDF 时出错
Error in formula or condition,公式或条件错误
Error in formula or condition: {0} in Income Tax Slab,所得税税级公式或条件错误：{0}
Error in some rows,部分行数据错误
Error updating {0},更新{0}时出错
Error while evaluating the {doctype} {doclink} at row {row_id}. <br><br> <b>Error:</b> {error} <br><br> <b>Hint:</b> {description},评估{doctype}{doclink}第{row_id}行时出错。<br><br><b>错误：</b>{error}<br><br><b>提示：</b>{description}
Evaluation,评估
Evaluation Date,评估日期
Evaluation Method cannot be changed as there are existing appraisals created for this cycle,本考核周期已存在考核记录，不可更改评估方法
Event Details,活动详情
Event Link,活动链接
Event Location,活动地点
Event Name,活动名称
Event Status,活动状态
Every 2 Weeks,每两周
Every 3 Weeks,每三周
Every 4 Weeks,每四周
"Everyone, let’s congratulate them on their work anniversary!",让我们共同祝贺他们的工作周年纪念！
"Everyone, let’s congratulate {0} on their birthday.",让我们共同祝贺{0}生日快乐！
Exam,考试
Exchange rate of Payment Entry against Employee Advance,付款分录与员工预付款的汇率
Exclude Holidays,排除节假日
Excluded {0} Non-Encashable Leaves for {1},已排除{1}的不可折现假期{0}
Existing Record,现有记录
Existing Shift Assignments,现有班次分配
Exit Details,离职详情
Exit Interview Summary,离职面谈汇总
Exit Interview {0} already exists for Employee: {1},员工{1}已存在离职面谈{0}
Exit Questionnaire Notification,离职问卷通知
Expected Salary Range per month,期望月薪范围
Expected Skill Set,预期技能要求
Expense Approver,费用审批人
Expense Claim Account,费用报销账户
Expense Claim Advance,费用预支报销
Expense Claim Detail,费用报销明细
Expense Claim Summary,费用报销汇总
Expense Claim Type,费用报销类型
Expense Claims,费用报销记录
Expense Date,费用日期
Expense Item,费用项
Expense Proof,费用凭证
Expense Tax,费用税费
Expense Type,费用类型
Expire Allocation,分配到期
Expire Leaves,过期假期处理
Expired Leave(s),过期假期
Expired Leaves,过期假期天数
Explanation,说明
Exporting...,导出中...
Failed to create/submit {0} for employees:,为员工创建/提交{0}失败：
Failed to delete defaults for country {0}.,删除国家{0}默认设置失败
Failed to download PDF: {0},无法下载 PDF： {0}
Failed to send the Interview Reschedule notification. Please configure your email account.,无法发送面试改期通知。请配置您的邮箱账户。
Failed to setup defaults for country {0}.,设置国家{0}默认值失败
Failed to submit some leave policy assignments:,部分休假政策分配提交失败：
Failed to update the Job Applicant status,更新职位申请人状态失败
Failed to {0} {1} for employees:,对员工{1}执行{0}操作失败：
Failure Reason,失败原因
Failure of Automatic Allocation of Earned Leaves,自动分配带薪休假失败
Feedback Count,反馈次数
Feedback HTML,反馈HTML模板
Feedback Reminder Notification Template,反馈提醒通知模板
Feedback Score,反馈得分
Feedback Summary,反馈汇总
Feedback already submitted for the Interview {0}. Please cancel the previous Interview Feedback {1} to continue.,面试{0}已存在反馈{1}，请取消后再提交新反馈
Feedback cannot be recorded for an absent Employee.,缺勤员工无法记录反馈
Feedback {0} added successfully,反馈{0}添加成功
Fetch Geolocation,获取地理位置
Fetch Overtime Details,获取加班明细
Fetch Shift,获取班次
Fetch Shifts,获取多个班次
Fetching Employees,正在获取员工数据
Fetching Shift,正在获取班次
Fetching your geolocation,正在获取您的地理位置
File Preview,文件预览
Fill the form and save it,填写表单并保存
Filled,已填写
Filter by Shift,按班次筛选
Final Score,最终得分
Final Score Formula,最终得分公式
First Name ,名字
Fixed Hourly Rate,固定小时费率
Flexible Benefit,弹性福利
Flexible Benefits,弹性福利
Flexible Component,弹性组件
Follow via Email,邮件关注
Food,餐饮
For Designation ,适用于职级
For Employee,员工专属
"For a day of leave taken, if you still pay (say) 50% of the daily salary, then enter 0.50 in this field.",若员工请假当天仍支付（例如）50%日薪，则在此字段输入0.50
Formula,公式
Fraction of Applicable Earnings ,适用收入比例
Fraction of Daily Salary for Half Day,半日假薪资比例
Fraction of Daily Salary per Leave,单日假薪资扣除比例
Fractional Cost,分摊成本
From Amount,起始金额
From Date must come before To Date,起始日期必须早于截止日期
From Date {0} cannot be after Payroll Period end date {1},起始日期{0}不能晚于薪资期间结束日期{1}
From Date {0} cannot be before Payroll Period start date {1},起始日期{0}不能早于薪资期间开始日期{1}
From date can not be less than employee's joining date.,起始日期不得早于员工入职日期
"From here, you can enable encashment for the balance leaves.",在此可启用剩余假期的折现功能
From(Year),起始（年份）
Fuchsia,紫红色
Fuel Expense,燃油费用
Fuel Expenses,燃油费用记录
Full and Final Asset,完全资产结算
Full and Final Outstanding Statement,完全未结清声明
Full-time,全职
Fully Sponsored,全额资助
Funded Amount,资助金额
Future Income Tax,未来所得税
Gain Loss Account,损益账户
Geolocation Error,地理位置错误
Geolocation is not supported by your current browser,当前浏览器不支持地理位置功能
Get Job Requisitions,获取职位申请
Get the app on your device for easy access & a better experience!,在设备上安装应用，获得更便捷的访问与更优体验！
Get the app on your iPhone for easy access & a better experience,在iPhone安装应用，获得更便捷的访问与更优体验
Gluten Free,无麸质
Go to Login,前往登录
Go to Reset Password page,前往重置密码页面
Goal Score,目标得分
Goal Score (%),目标得分（%）
Goal progress percentage cannot be more than 100.,目标进度百分比不可超过100%
Goal should be aligned with the same KRA as its parent goal.,子目标应与父目标的关键绩效领域一致
Goal should be owned by the same employee as its parent goal.,子目标应与父目标归属同一员工
Goal should belong to the same Appraisal Cycle as its parent goal.,子目标应与父目标属于同一考核周期
Goal updated successfully,目标更新成功
Goals updated successfully,目标批量更新成功
Grade,等级
Gratuity,离职金
Gratuity Applicable Component,适用离职金组件
Gratuity Rule,离职金规则
Gratuity Rule Slab,离职金规则分段
Gross Earnings,收益总额
Gross Pay,应发工资
Gross Pay (Company Currency),应发工资（公司币种）
Gross Year To Date,年度累计总收入
Gross Year To Date(Company Currency),年度累计总收入（公司币种）
Group goal's progress is auto-calculated based on the child goals.,组目标的进度根据子目标自动计算
HR & Payroll,人力资源与薪资
HR Settings,HR设置
HRMS,人力资源管理系统
Half Day,半日假
Half Day Date is mandatory,必须填写半日假日期
Half Day Marked Employee Header,半日制员工标识标题
Half Day Records,半日假记录
Has Certificate,持有证书
Health Insurance,健康保险
Health Insurance Name,健康保险名称
Health Insurance No,健康保险编号
Health Insurance Provider,健康保险提供商
Hey {}! This email is to remind you about the upcoming holidays.,您好{}！此邮件提醒您即将到来的假期。
"Hey, {0} 👋",您好，{0} 👋
Hiring Settings,招聘设置
Holidays this Month.,本月节假日
Holidays this Week.,本周节假日
Horizontal Break,横向分隔
Hour Rate (Company Currency),小时费率（公司币种）
Hourly Rate,小时费率
House rent paid days overlapping with {0},房租支付天数与{0}重叠
House rented dates should be atleast 15 days apart,房租起止日期至少间隔15天
IFSC,IFSC代码
IFSC Code,IFSC代码
Identification Document Number,证件号码
"If checked, flexible benefits are considered only if benefit application exists",若勾选，仅当存在福利申请时才考虑弹性福利
"If checked, overtime slip creation can be handled as part of payroll processing",若勾选，加班单创建可作为薪资处理的一部分进行处理
"If enabled, Tax Exemption Declaration will be considered for income tax calculation.",启用后，所得税计算将考虑免税申报
"If enabled, the amount will be excluded from accounting entries during Journal Entry creation.",若启用，该金额将在日记账凭证创建时排除在会计分录入账之外。
"If enabled, the component will be considered as a tax component and the amount will be auto-calculated as per the configured income tax slabs",启用后，该组件视为税务组件并按配置的所得税税级自动计算金额
"If enabled, the component will be considered in the Income Tax Deductions report",启用后，该组件将计入所得税扣除报告
"If enabled, the total no. of applications received for this opening will be displayed on the website",启用后，网站将显示该职位空缺的申请总数
"If enabled, this component allows to accrue amounts without adding them to earnings. The accrued balance is tracked in the Employee Benefit Ledger and can be paid out later as needed.",若启用，此组件允许计提金额而不将其添加到收入中。计提余额在员工福利分类账中追踪，可根据需要后续支付。
"If enabled, this component will be included in arrear calculations",若启用，此组件将包含在欠薪计算中
"If greater than zero, this sets the maximum benefit amount assignable to any employee",若大于零，此值设置可分配给任何员工的最大福利金额
"If set, the job opening will be closed automatically after this date",设置后，该职位空缺将在该日期后自动关闭
"If you are using loans in salary slips, please install the {0} app from Frappe Cloud Marketplace or GitHub to continue using loan integration with payroll.",若在工资条中使用贷款功能，请从Frappe云端市场或GitHub安装{0}应用以继续使用薪资集成贷款功能。
Import Attendance,导入考勤
In Time,准时
"In case of any error during this background process, the system will add a comment about the error on this Payroll Entry and revert to the Submitted status",后台处理过程中若发生错误，系统将在薪资条目添加错误注释并恢复至已提交状态
Incentive Amount,激励金额
Include Company Descendants,包含子公司
Include Holidays,包含节假日
Include holidays in Total no. of Working Days,将节假日计入总工作日数
Include holidays within leaves as leaves,将包含节假日的假期视为正常假期
Income Source,收入来源
Income Tax Amount,所得税金额
Income Tax Breakup,所得税明细
Income Tax Component,所得税组件
Income Tax Deducted Till Date,截至当前已扣所得税
Income Tax Slab is mandatory since the Salary Structure {0} has a tax component {1},薪资结构{0}包含税费组件{1}，必须设置所得税税级
Income Tax Slab must be effective on or before Payroll Period Start Date: {0},所得税税级生效日期不得晚于薪资周期开始日期{0}
Income Tax Slab: {0} is disabled,所得税税级{0}已禁用
Income from Other Sources,其他来源收入
Incorrect Weightage Allocation,权重分配错误
Inspection,检查
Install,安装
Install Frappe HR,安装Frappe HR系统
Insufficient Balance,余额不足
Insufficient leave balance for Leave Type {0},假期类型{0}余额不足
Interest Amount,利息金额
Intern,实习生
International,国际
Internet,互联网
Interview Detail,面试明细
Interview Feedback Reminder,面试反馈提醒
Interview Feedback {0} submitted successfully,面试反馈{0}提交成功
Interview Not Rescheduled,面试未改期
Interview Reminder,面试提醒
Interview Reminder Notification Template,面试提醒通知模板
Interview Rescheduled successfully,面试改期成功
Interview Round {0} is only applicable for the Designation {1},面试轮次{0}仅适用于职级{1}
Interview Round {0} is only for Designation {1}. Job Applicant has applied for the role {2},面试轮次{0}仅限职级{1}，而职位申请人申请的是{2}
Interview Scheduled Date,面试预定日期
Interview: {0} Rescheduled,面试改期：{0}
Invalid Accrual Component,无效计提组件
Invalid Additional Salary,无效附加薪资
Invalid Arrear Component,无效欠薪组件
Invalid Benefit Amounts,无效福利金额
Invalid Dates,无效日期
Invalid LWP Days Reversed,无效LWP天数冲销
Invalid Leave Ledger Entry,无效假期台账条目
Invalid Payroll Payable Account. The account currency must be {0} or {1},应付薪资账户无效，账户币种必须为{0}或{1}
Invalid Shift Times,无效班次时间
Invalid parameters provided. Please pass the required arguments.,参数无效，请传递必要参数
Is Allocated,已分配
Is Applicable for Referral Bonus,是否适用推荐奖金
Is Carry Forward,是否结转
Is Compensatory,是否为补休
Is Compensatory Leave,是否为调休假
Is Earned Leave,是否为带薪假
Is Expired,是否过期
Is Flexible Benefit,是否为弹性福利
Is Leave Without Pay,是否无薪假
Is Optional Leave,是否为可选假期
Is Salary Released,工资是否已发放
Is Salary Withheld,工资是否暂扣
Is Tax Applicable,是否适用税费
Job Applicant,职位申请人
Job Applicant Source,职位申请人来源
Job Applicant {0} created successfully.,职位申请人{0}创建成功
Job Applicants are not allowed to appear twice for the same Interview round. Interview {0} already scheduled for Job Applicant {1},同一面试轮次不得重复安排，职位申请人{1}已安排面试{0}
Job Application,职位申请
Job Application Route,职位申请路径
Job Description,职位描述
Job Offer Term,录用条款
Job Offer Terms,录用条款内容
Job Offer status,录用通知状态
Job Offer: {0} is already for Job Applicant: {1},职位申请人{1}已存在录用通知{0}
Job Opening Associated,关联职位空缺
Job Opening Template,职位空缺模板
Job Openings,职位空缺列表
Job Openings for the designation {0} are already open or the hiring is complete as per the Staffing Plan {1},职级{0}的职位空缺已开放或按人员配置计划{1}已完成招聘
Job Requisition {0} has been associated with Job Opening {1},职位申请{0}已关联职位空缺{1}
"Job profile, qualifications required etc.",岗位描述、资质要求等
Jobs,职位列表
KRA Evaluation Method,KRA评估方法
KRA updated for all child goals.,所有子目标KRA已更新
Key Responsibility Area,关键责任区
Key Result Area,关键成果领域
LWP Days Reversed ({0}) does not match actual Payroll Corrections total ({1}) for employee {2} from {3} to {4},员工{2}从{3}到{4}的LWP天数冲销（{0}）与实际薪资调整总额（{1}）不匹配
Last Odometer Value ,上次里程表读数
Last {0} was at {1},最后一次{0}时间为{1}
Late Entries,迟到记录
Late Entry By,迟到处理人
Latitude and longitude values are required for checking in.,签到需提供经纬度坐标
Latitude: {0}°,纬度：{0}°
Leave Adjustment,假期调整
Leave Adjustment for this allocation already exists: {0}. Please amend existing adjustment.,此分配已存在假期调整：{0}。请修改现有调整。
Leave Allocation,假期分配
Leave Allocation Exists,假期分配已存在
Leave Application,请假申请
Leave Application period cannot be across two non-consecutive leave allocations {0} and {1}.,请假期间不可跨越不连续的假期分配记录{0}和{1}
Leave Approval Notification,请假审批通知
Leave Approval Notification Template,请假审批通知模板
Leave Approver,请假审批人
Leave Approver Name,请假审批人姓名
Leave Balance,假期余额
Leave Balance Before Application,申请前假期余额
Leave Block List Allow,允许假期封存
Leave Blocked,已封存假期
Leave Control Panel,假期控制面板
Leave Encashment,假期折现
Leave Encashment Amount Per Day,每日假期折现金额
Leave History,假期历史
Leave Ledger,假期台账
Leave Ledger Entry,假期台账条目
"Leave Ledger Entry's To date needs to be after From date. Currently, From Date is {0} and To Date is {1}",假期台账截止日期需晚于起始日期。当前起始日期为{0}，截止日期为{1}
Leave Period,假期周期
Leave Policy,休假政策
Leave Policy Assignment Overlap,休假政策分配重叠
Leave Policy Detail,休假政策明细
Leave Policy Details,休假政策详情
Leave Policy: {0} already assigned for Employee {1} for period {2} to {3},员工{1}在{2}至{3}期间已分配休假政策{0}
Leave Status Notification,假期状态通知
Leave Type,假期类型
Leave Type Name,假期类型名称
Leave Type can either be compensatory or earned leave.,假期类型需为补休或带薪假
Leave Type can either be without pay or partial pay,假期类型需为无薪或部分带薪
Leave Type is mandatory,必须选择假期类型
Leave Type {0} is not encashable,假期类型{0}不可折现
Leave Without Pay,无薪假
Leave Without Pay does not match with approved {} records,无薪假与已批准的{}记录不符
"Leave allocation is skipped for {0}, because number of leaves to be allocated is 0.",跳过 {0} 的休假分配，因为要分配的休假数为 0。
Leave allocation {0} is linked with the Leave Application {1},假期分配{0}关联请假申请{1}
Leave already have been assigned for this Leave Policy Assignment,该休假政策分配已关联假期
Leave application is linked with leave allocations {0}. Leave application cannot be set as leave without pay,请假申请关联假期分配{0}，不可设为无薪假
Leave of type {0} cannot be longer than {1}.,{0}类型假期不可超过{1}天
Leave(s) Expired,过期假期
Leave(s) Pending Approval,待审批假期
Leave(s) Taken,已休假天数
Leaves & Holidays,假期与节假日
Leaves After Adjustment,调整后假期
Leaves Allocated,已分配假期
Leaves Expired,已过期假期
Leaves Pending Approval,待审批假期
Leaves for the Leave Type {0} won't be carry-forwarded since carry-forwarding is disabled.,假期类型{0}禁用结转，假期余额不可结转
Leaves per Year,年度假期天数
Leaves to Adjust,待调整假期
Leaves you can avail against a holiday you worked on. You can claim Compensatory Off Leave using Compensatory Leave Request. Click {0} to know more,可在工作日申请补休假，通过补休申请流程操作。点击{0}了解更多
Lifecycle,生命周期
Lime,青柠色
Link the cycle and tag KRA to your goal to update the appraisal's goal score based on the goal progress,将目标关联考核周期并标记KRA，系统将根据目标进度自动更新考核得分
Linked Project {} and Tasks deleted.,关联项目{}及任务已删除
Loan Product,贷款产品
Loan Repayment Entry,贷款还款分录
Loan cannot be repayed from salary for Employee {0} because salary is processed in currency {1},员工{0}薪资使用{1}币种处理，无法通过薪资扣款还贷
Locating...,定位中...
Lodging Required,需住宿
Log Out,退出登录
Log Type is required for check-ins falling in the shift: {0}.,班次{0}的签到需指定日志类型
Login Failed,登录失败
Login to Frappe HR,登录Frappe HR系统
Longitude: {0}°,经度：{0}°
MICR,磁墨字符识别码
Make Bank Entry,创建银行分录
Mandatory Benefit Application,强制福利申请
Mandatory fields required for this action:,执行此操作需填写以下必填字段：
Manual Rating,手动评分
Mark as In Progress,标记为进行中
Mark attendance as {0} for {1} on selected dates?,确认将{1}在所选日期标记为{0}？
Mark attendance for existing check-in/out logs before changing shift settings,修改班次设置前请先处理现有签到/签退记录
Mark {0} as Completed?,确认标记{0}为已完成？
Mark {0} {1} as {2}?,确认将{0} {1}标记为{2}？
Marked Attendance,已记录考勤
Marking Attendance,正在记录考勤
Max Amount Eligible For Claim,符合条件的最大报销金额
Max Benefit Amount,最高福利金额
Max Benefit Amount (Yearly),最高福利金额（年度）
Max Exemption Amount,最高豁免金额
Max Exemption Amount cannot be greater than maximum exemption amount {0} of Tax Exemption Category {1},最高豁免金额不得超过免税类别{1}的{0}
Maximum Benefit Amount,最大福利金额
Maximum Consecutive Leaves Exceeded,超过最大连续假期限制
Maximum Exemption Amount,最高免税额度
Maximum Leave Allocation Allowed per Leave Period,每个假期周期允许的最大分配天数
Maximum Overtime Hours Allowed,允许的最大加班时数
Maximum Overtime Hours Allowed Per Day,每日允许的最大加班时数
Maximum annual taxable income eligible for full tax relief. No tax is applied if income does not exceed this limit,符合全额税收减免资格的最大年度应税收入。若收入未超过此限额，则不征税
Maximum encashable leaves for {0} are {1},{0}类型假期的最大可折现天数为{1}
Maximum leave allowed in the leave type {0} is {1},假期类型{0}允许的最大休假天数为{1}
Meal Preference,餐饮偏好
Mileage,里程
Minimum Year for Gratuity,离职金最低服务年限
Minimum working days required since Date of Joining to apply for this leave,申请该假期需满足自入职日起的最低工作天数
Missing Advance Account,缺少预支账户
Missing Mandatory Field,缺少必填字段
Missing Opening Entries,缺少期初分录
Missing Relieving Date,缺失离职日期
Missing Salary Components,缺少工资组件
Missing Tax Slab,缺失税级
Mode of payment is required to make a payment,付款必须指定支付方式
Month To Date,本月累计
Month To Date(Company Currency),本月累计（公司币种）
Monthly Attendance Sheet,月度考勤表
More than one selection for {0} not allowed,{0}不允许选择多个选项
Multiple Additional Salaries with overwrite property exist for Salary Component {0} between {1} and {2}.,薪资组件{0}在{1}至{2}期间存在多个具有覆盖属性的附加薪资
Multiple Shift Assignments,多班次分配
"Multipliers that adjust the hourly overtime amount for specific scenarios

","针对特定场景调整小时加班费的乘数

"
My Advances,我的预支
My Claims,我的报销
My Leaves,我的假期
My Requests,我的申请
Name error,名称错误
Name of Organizer,组织者姓名
Net Pay,净工资
Net Pay (Company Currency),净工资（公司币种）
Net Pay Info,净工资信息
Net Pay cannot be less than 0,净工资不能小于零
Net Salary Amount,净薪资金额
New Expense Item,新建费用项
New Expense Tax,新建费用税费
New Feedback,新建反馈
New Leave(s) Allocated,新分配假期
New Leaves Allocated,新分配假期天数
New Leaves Allocated (In Days),新分配假期（天数）
New shift assignments will be created after this date.,新班次分配将在此日期后创建
No Bank/Cash Account found for currency {0}. Please create one under company {1}.,未找到货币 {0} 的银行/现金科目。请在公司 {1} 下创建一个。
No Employee Found,未找到员工
No Employee found for the given employee field value. '{}': {},根据员工字段值'{}': {} 未找到对应员工
No Employees Selected,未选择员工
No Leave Period Found,未找到假期周期
No Leaves Allocated to Employee: {0} for Leave Type: {1},员工{0}未分配{1}类型假期
No Salary Slip found for Employee: {0},未找到员工{0}的工资条
No Salary Slips with {0} found for employee {1} for payroll period {2}.,未找到员工{1}在薪资期间{2}包含{0}的工资条。
No Salary Structure Assignment found for employee {0} on date {1},未找到员工{0}在日期{1}的薪资结构分配
No Salary Structure Assignment found for employee {0} on or before {1},员工{0}在{1}或之前未分配薪资结构
No Salary Structure assigned to Employee {0} on the given date {1},员工{0}在指定日期{1}未分配薪资结构
No Salary Structures,无薪资结构
No Shift Requests Selected,未选择班次申请
No Staffing Plans found for this Designation,该职级未找到人员配置计划
No active Salary Structure Assignment found for employee {0} with salary structure {1} on or after arrear start date {2},未找到员工{0}在欠薪起始日期{2}或之后有效的薪资结构{1}分配
No active employee found associated with the email ID {0}. Try logging in with your employee email ID or contact your HR manager for access.,未找到与邮箱ID {0}关联的有效员工，请使用员工邮箱登录或联系HR获取权限
No additional expenses has been added,未添加额外费用
No advances found,未找到预支款项
No applicable Earning component found in last salary slip for Gratuity Rule: {0},按离职金规则{0}，最近工资条中未找到适用收入组件
No applicable Earning components found for Gratuity Rule: {0},离职金规则{0}未找到适用收入组件
No applicable slab found for the calculation of gratuity amount as per the Gratuity Rule: {0},根据离职金规则{0}未找到适用税级
No arrear components found in the existing salary slips.,在现有工资条中未找到欠薪组件。
No arrear components found in the salary slip. Ensure Arrear Component is checked in the Salary Component master.,在工资条中未找到欠薪组件。请确保在工资组件主数据中勾选“欠薪组件”。
No arrear details found,未找到欠薪明细
No attendance records found for employee {0} between {1} and {2},未找到员工{0}在{1}至{2}期间的考勤记录
No attendance records to create,无需创建考勤记录
No changes found in timings.,未发现时间变更
No employees found for the selected criteria,未找到符合筛选条件的员工
No expenses added,未添加费用明细
No feedback has been received yet,尚未收到反馈
No items selected,未选择项目
No leave allocation found for {0} for {1} on given date.,在指定日期未找到{0}的{1}假期分配。
No leave record found for employee {0} on {1},未找到员工{0}在{1}的假期记录
No more updates,无更多更新
No replies from,无来自的回复
No salary slips found,未找到工资单
No salary slips found for the selected employee from {0},未找到选定员工从{0}开始的工资条
No taxes added,未添加税费项目
No valid shift found for log time,未找到日志时间的有效班次
No {0} Selected,未选择{0}
No {0} added,未添加{0}
Non Taxable Earnings,非应税收入
Non-Vegetarian,非素食
Note: Shift will not be overwritten in existing attendance records,注意：现有考勤记录中的班次不会被覆盖
"Note: Your salary slip is password protected, the password to unlock the PDF is of the format {0}.",注意：工资条PDF密码格式为{0}
Notice Period,通知期
Notification Template,通知模板
Number Of Employees,员工人数
Number Of Positions,岗位数量
Number of Leaves,请假天数
Number of leaves eligible for encashment based on leave type settings,根据假期类型设置符合条件的可折现天数
OTP Code,一次性验证码
OTP Verification,一次性验证码核验
Obtained Average Rating,获得平均评分
Odometer Reading,里程表读数
Odometer Value,里程表数值
Off-Shift,非班次时间
Off-shift,非当班
Offer Term,录用条款
Offer Terms,录用条款内容
On Date,日期
On Duty,在岗
On Leave,休假中
Only Approvers can Approve this Request.,仅审批人可批准此请求
Only Completed documents can be submitted,仅完成状态的单据可提交
Only Employee Grievance with status {0} or {1} can be submitted,仅状态为{0}或{1}的员工申诉可提交
Only Interviewer Are allowed to submit Interview Feedback,仅面试官可提交面试反馈
Only Interviews with Cleared or Rejected status can be submitted.,仅通过或拒绝状态的面试可提交
Only Leave Applications with status 'Approved' and 'Rejected' can be submitted,仅'已批准'或'已拒绝'状态的请假申请可提交
Only Shift Request with status 'Approved' and 'Rejected' can be submitted,仅'已批准'或'已拒绝'状态的班次申请可提交
Only expired allocation can be cancelled,仅过期分配可取消
Only interviewers can submit feedback,仅面试官可提交反馈
Only users with the {0} role can create backdated leave applications,仅具有{0}角色的用户可创建补请假申请
Only {0} Goals can be {1},仅{0}类型目标可{1}
Open & Approved,开放且已批准
Open Feedback,开放反馈
Open Now,立即开放
Opening closed.,期初已关闭
Optional Leaves are holidays that Employees can choose to avail from a list of holidays published by the company.,可选假期是员工可从公司公布的假期列表中选择的节假日
Organizational Chart,组织架构图
Out Time,签退时间
Over Allocation,超额分配
Overall Average Rating,总体平均评分
Overlapping Attendance Request,重叠考勤申请
Overlapping Shift Attendance,重叠班次考勤
Overlapping Shift Requests,重叠班次申请
Overlapping Shifts,重叠班次
Overtime,加班
Overtime Amount Calculation,加班费计算
Overtime Details,加班明细
Overtime Duration,加班时长
Overtime Duration for {0} is greater than Maximum Overtime Hours Allowed,{0}的加班时长超过允许的最大加班时数
Overtime Salary Component,加班工资组件
Overtime Slip,加班单
Overtime Slip Creation Error for {0},{0}的加班单创建错误
Overtime Slip Creation Failed,加班单创建失败
Overtime Slip Step,加班单步骤
Overtime Slip Submission Error for {0},{0}的加班单提交错误
Overtime Slip Submission Failed,加班单提交失败
Overtime Slip Submitted,加班单已提交
Overtime Slip created for {0} employee(s),已为{0}名员工创建加班单
Overtime Slip creation is queued. It may take a few minutes,加班单创建已加入队列。可能需要几分钟时间
Overtime Slip submission is queued. It may take a few minutes,加班单提交已加入队列。可能需要几分钟时间
Overtime Slip:{0} has been created between {1} and {2},加班单：{0}已在{1}至{2}期间创建
Overtime Slips Created,加班单已创建
Overtime Slips submitted for {0} employee(s),已为{0}名员工提交加班单
Overtime Type,加班类型
Overtime earnings will be booked under this salary component for payout.,加班收入将计入此工资组件进行支付。
Overwrite Salary Structure Amount,覆盖薪资结构金额
PAN Number,永久账号号码
PF Account,公积金账户
PF Amount,公积金金额
PF Loan,公积金贷款
PWA Notification,渐进式Web应用通知
Parent Goal,父级目标
Partly Claimed and Returned,部分申报并退回
Password Policy,密码策略
Password policy cannot contain spaces or simultaneous hyphens. The format will be restructured automatically,密码策略不能包含空格或连续连字符。格式将自动调整
Pay Rate Multipliers,支付费率乘数
Pay Via Payment Entry,通过付款分录支付
Pay via Salary Slip,通过工资条支付
Payment Account is mandatory,支付账户为必填项
Payment Days,计薪天数
Payment Days Calculation Help,计薪天数计算说明
Payment Days Dependency,计薪天数依赖项
Payment and Accounting,支付与会计
Payment of {0} from {1} to {2},从{1}至{2}支付{0}
Payout,支付
Payout Method,支付方式
Payout Unclaimed Amount in Final Payroll Cycle,在最终薪资周期支付未申领金额
Payroll Correction,薪资调整
Payroll Correction Child,薪资调整子项
Payroll Cost Centers,薪资成本中心
Payroll Dashboard,薪资仪表板
Payroll Date,薪资日期
Payroll Employee Detail,员工薪资明细
Payroll Entry cancellation is queued. It may take a few minutes,薪资条目取消已加入队列，可能需要几分钟
Payroll Frequency,薪资频率
Payroll Info,薪资信息
Payroll Number,薪资编号
Payroll Period,薪资周期
Payroll Period Date,薪资周期日期
Payroll Periods,薪资周期列表
Payroll Settings,薪资设置
Payroll date can not be greater than employee's relieving date.,薪资日期不得晚于员工离职日期
Payroll date can not be less than employee's joining date.,薪资日期不得早于员工入职日期
Payroll date cannot be in the past. This is to ensure that claims are made for the current or future payroll cycles.,薪资日期不能为过去日期。此举旨在确保报销针对当前或未来薪资周期。
Pending Asset Returns,待归还资产
Pending FnF,待处理离职结算
Pending Interviews,待处理面试
Pending Questionnaires,待处理问卷
Percent Deduction,百分比扣除
Permanently cancel {0},永久取消{0}
Permanently submit {0},永久提交{0}
Planned number of Positions,计划岗位数量
Please Enable Auto Attendance and complete the setup first.,请先启用自动考勤并完成设置
Please Select Company First,请先选择公司
Please assign a Salary Structure for Employee {0} applicable from or before {1} first,请先为员工{0}分配自{1}或之前生效的薪资结构
Please check if employee is on leave or attendance with the same status exists for selected day(s).,请检查员工是否请假或所选日期存在相同状态考勤
Please confirm once you have completed your training,完成培训后请确认
Please create a new {0} for the date {1} first.,请先为日期{1}新建{0}
Please delete the Employee {0} to cancel this document,请先删除员工{0}以取消该单据
Please enable default incoming account before creating Daily Work Summary Group,创建每日工作摘要组前请先设置默认收入账户
Please enter the designation,请输入职级
"Please fill in Employee, Posting Date, and Company before fetching overtime details.",请在获取加班明细前填写员工、过账日期和公司。
Please reduce {0} to avoid shift time overlapping with itself,请调整{0}以避免班次时间重叠
Please select Employee,请选择员工
Please select Employee first.,请先选择员工
Please select Filter Based On,请选择筛选依据
Please select From Date and Payroll Frequency first,请先选择起始日期和薪资频率
Please select Shift Schedule and assignment date(s).,请选择班次表和分配日期
Please select Shift Type and assignment date(s).,请选择班次类型和分配日期
Please select a company first,请先选择公司
Please select a company first.,请先选择公司
Please select a csv file,请选择CSV文件
Please select a date.,请选择日期
Please select an Applicant,请选择申请人
Please select at least one Shift Request to perform this action.,请至少选择一个班次申请执行此操作
Please select at least one employee to perform this action.,请至少选择一名员工执行此操作
Please select at least one row to perform this action.,请至少选择一行执行此操作
Please select company.,请选择公司
Please select employee first,请先选择员工
Please select employees to create appraisals for,请选择要创建绩效考核的员工
Please select half day attendance status.,请选择半日考勤状态。
Please select month and year.,请选择月份和年份
Please select the Appraisal Cycle first.,请先选择考核周期
Please select the attendance status.,请选择考勤状态
Please select the employees you want to mark attendance for.,请选择要记录考勤的员工
Please select the salary slips to email,请选择要发送邮件的工资条
"Please set ""Default Payroll Payable Account"" in Company Defaults","请在公司默认设置中设置""默认薪资账户"""
Please set Basic and HRA component in Company {0},请在公司{0}设置基本工资和HRA组件
Please set Earning Component for Leave type: {0}.,请为假期类型{0}设置收入组件
Please set Payroll based on in Payroll settings,请在薪资设置中选择薪资计算依据
Please set Relieving Date for employee: {0},请设置员工{0}的离职日期
Please set a date range less than 90 days.,请设置小于90天的日期范围。
Please set account in Salary Component {0},请在薪资组件{0}设置账户
Please set default template for Leave Approval Notification in HR Settings.,请在HR设置中设置假期审批通知默认模板
Please set default template for Leave Status Notification in HR Settings.,请在HR设置中设置假期状态通知默认模板
Please set the Appraisal Template for all the {0} or select the template in the Employees table below.,请为所有{0}设置考核模板，或在下方员工表中选择模板
Please set the Company,请设置公司
Please set the Date Of Joining for employee {0},请设置员工{0}的入职日期
Please set the Holiday List.,请设置节假日列表
Please set the date range.,请设置日期范围。
Please set the relieving date for employee {0},请设置员工{0}的离职日期
Please set {0} and {1} in {2}.,请在{2}中设置{0}和{1}
Please set {0} for Employee {1},请为员工{1}设置{0}
Please set {0} for the Employee: {1},请为员工{1}设置{0}
Please set {0}.,请设置{0}
Please setup Employee Naming System in Human Resource > HR Settings,请在人力资源>HR设置中配置员工编号系统
Please setup numbering series for Attendance via Setup > Numbering Series,请通过设置>编号规则配置考勤编号系列
Please share your feedback to the training by clicking on 'Training Feedback' and then 'New',请点击'培训反馈'后点击'新建'提交反馈
Please specify the job applicant to be updated.,请指定要更新的职位申请人
"Please specify {0} and {1} (if any), for the correct tax calculation in future salary slips.",请填写{0}及{1}(如有)，以确保未来工资条正确计税
Please submit the {0} before marking the cycle as Completed,标记周期为已完成前请先提交{0}
Posting date,过账日期
Preferred Area for Lodging,首选住宿区域
Present,出勤
Present Records,出勤记录
Preview Salary Slip,预览工资条
Printed On {0},打印时间：{0}
Probationary Period,试用期间
Process Requests,处理请求
Process Shift Requests,处理班次申请
Process leave encashment via a separate Payment Entry instead of Salary Slip,通过独立付款分录处理假期折现而非工资条
Process {0} Shift Request(s) as <b>{1}</b>?,是否将{0}个班次申请处理为<b>{1}</b>？
Processing Requests,处理请求
Processing Requests...,正在处理请求...
Processing of Shift Requests has been queued. It may take a few minutes.,班次申请处理已加入队列，可能需要几分钟
Professional Tax Deductions,职业税扣除
Profit,利润
Promotion Date,晋升日期
Property already added,属性已添加
Provident Fund Deductions,公积金扣除
Public Holiday Multiplier,公共假日乘数
Publish Applications Received,公开已收申请数
Publish Salary Range,公开薪资范围
Publish on website,在网站发布
Purpose of Travel,差旅目的
Push Notification permission denied,推送通知权限被拒绝
Push notifications disabled,推送通知已禁用
Push notifications have been disabled on your site,您的站点已禁用推送通知
Quick Links,快速链接
Radius within which check-in is allowed (in meters),允许签到半径(米)
Re-allocate Leaves,重新分配假期
Reason for Adjustment,调整原因
Reason for skipping auto attendance:,跳过自动考勤的原因：
Recent Attendance Requests,最近考勤申请
Recent Expenses,最近费用
Recent Leaves,最近假期
Recent Shift Requests,最近班次申请
Recommended for a single biometric device / checkins via mobile app,推荐用于单一生物识别设备/移动端签到
Recruitment,招聘
Recruitment Analytics,招聘分析
Reduce,减少
Reducing maximum leaves allowed after allocation may cause scheduler to allocate incorrect number of earned leaves. Proceed with caution.,分配后减少允许的最大假期天数可能导致调度程序分配错误的应计假期天数。请谨慎操作。
Reduction is more than {0}'s available leave balance {1} for leave type {2},减少天数超过{0}在假期类型{2}下的可用假期余额{1}
Referral Bonus Payment Status,推荐奖金支付状态
Referral Details,推荐详情
Referrer Details,推荐人详情
Referrer Name,推荐人姓名
Refuelling Details,加油详情
Reject,拒绝
Reject Employee Referral,拒绝员工推荐
Rejection,拒绝
Release Withheld Salaries,发放代扣薪资
Released,已发放
Relieving Date ,离职日期
Relieving Date Missing,缺失离职日期
Remaining Benefits (Yearly),剩余福利（年度）
Rented Car,租用车辆
Repay From Salary can be selected only for term loans,仅定期贷款可选择从工资中偿还
Repeat On Days,重复天数
Replies,回复
Request Attendance,申请考勤
Request Leave,申请休假
Request a Leave,申请休假
Request a Shift,申请班次
Request an Advance,申请预支
Requested By (Name),申请人（姓名）
Reschedule Interview,重新安排面试
Responsibilities,职责
Resume Attachment,简历附件
Retained,留任
Retention Bonus,留任奖金
Retry Failed,重试失败
Retry Failed Allocations,重试失败的分配
Retry Successful,重试成功
Retrying allocations,重试分配
Return amount cannot be greater than unclaimed amount,返还金额不可超过未申领金额
Review various other settings related to Employee Leaves and Expense Claim,审阅与员工假期及费用报销相关的其他设置
Reviewer Name,审核人姓名
Revised CTC,修订后人力总成本
Role Allowed to Create Backdated Leave Application,允许创建补请假申请的角色
Roster,排班表
Roster Color,排班颜色
Round off Work Experience,四舍五入工作年限
Route to the custom Job Application Webform,指向自定义职位申请网页表单的路径
Row #{0}: Cannot set amount or formula for Salary Component {1} with Variable Based On Taxable Salary,行号#{0}：无法为薪资组件{1}设置金额或公式，因其基于应税工资变量
Row #{0}: The {1} Component has the options {2} and {3} enabled.,行号#{0}：组件{1}已启用{2}和{3}选项
Row #{0}: Timesheet amount will overwrite the Earning component amount for the Salary Component {1},行号#{0}：工时表金额将覆盖薪资组件{1}的收入项金额
Row No {0}: Amount cannot be greater than the Outstanding Amount against Expense Claim {1}. Outstanding Amount is {2},行号{0}：金额不可超过费用报销{1}的未结金额{2}
Row {0}# Paid Amount cannot be greater than Encashment amount,行号{0}# 已付金额不可超过折现金额
Row {0}# Paid Amount cannot be greater than Total amount,行号{0}# 已付金额不可超过总金额
Row {0}# Paid Amount cannot be greater than requested advance amount,行号{0}# 已付金额不可超过申请的预支金额
Row {0}: From (Year) can not be greater than To (Year),行号{0}：起始年份不可大于截止年份
Row {0}: Goal Score cannot be greater than {1},第{0}行：目标评分不能大于{1}
Row {0}: Paid amount {1} is greater than pending accrued amount {2} against loan {3},行号{0}：已付金额{1}超过贷款{3}的待计金额{2}
Row {0}: {1},行号{0}：{1}
Salary Component ,薪资组件
Salary Component Account,薪资组件账户
Salary Component Based,基于工资组件
Salary Component {0} cannot be selected more than once in Employee Benefits,工资组件{0}在员工福利中不能重复选择
Salary Component {0} is currently not used in any Salary Structure.,薪资组件{0}当前未在任何薪资结构中使用
Salary Component {0} must be of type 'Earning' to be used in Employee Benefit Ledger,工资组件{0}必须为“收入”类型才能用于员工福利分类账
Salary Details,薪资详情
Salary Information,薪资信息
Salary Paid Per,薪资支付周期
Salary Range,薪资范围
Salary Register,薪资登记表
Salary Slip,工资条
Salary Slip Leave,工资条假期
Salary Slip Reference,工资条参考
Salary Slip creation is queued. It may take a few minutes,工资条创建已加入队列，可能需要几分钟
Salary Slip not found.,未找到工资条。
Salary Slip submission is queued. It may take a few minutes,工资条提交已加入队列，可能需要几分钟
Salary Slip {0} failed for Payroll Entry {1},工资条{0}处理失败，关联薪资条目{1}
Salary Slips,工资条列表
Salary Slips Created,已创建工资条
"Salary Slips already exist for employees {}, and will not be processed by this payroll.",员工{}的工资条已存在，本次薪资处理将跳过
Salary Structure,薪资结构
Salary Structure Assignment,薪资结构分配
Salary Structure Assignment field,薪资结构分配字段
Salary Structure Assignment not found for employee {0} on date {1},未找到员工{0}在日期{1}的薪资结构分配
Salary Structure Missing,缺失薪资结构
Salary Structure must be submitted before submission of {0},提交{0}前需先提交薪资结构
Salary Structure not assigned for employee {0} for date {1},员工{0}在日期{1}未分配薪资结构
Salary Structure {0} does not belong to company {1},薪资结构{0}不属于公司{1}
Salary Structures updated successfully,薪资结构更新成功
Salary Withholding Cycle,薪资代扣周期
Salary Withholding {0} already exists for employee {1} for the selected period,员工{1}在选定期间已存在薪资代扣{0}
"Salary already processed for period between {0} and {1}, Leave application period cannot be between this date range.",薪资已在{0}至{1}期间处理，请假申请期间不可在此范围内
Salary breakup based on Earning and Deduction.,基于收入与扣除项的薪资明细
"Salary components of type Provident Fund, Additional Provident Fund or Provident Fund Loan are not set up.",未设置公积金、附加公积金或公积金贷款类型的工资组件。
Salary components should be part of the Salary Structure.,薪资组件应属于薪资结构的一部分
Salary slip emails have been enqueued for sending. Check {0} for status.,工资条邮件已加入发送队列，查看{0}了解状态
Sanctioned Amount (Company Currency),制裁金额（本币）
Score Earned,获得分数
Score must be less than or equal to 5,得分必须小于等于5
Scores,得分列表
Search for Jobs,搜索职位
Select Applicable Components for Overtime Type,选择加班类型适用的组件
Select Interview Round First,请先选择面试轮次
Select Interview first,请先选择面试
Select Month for LWP Reversal,选择LWP冲销月份
Select Payment Account to make Bank Entry,选择支付账户以创建银行分录
Select Payroll Frequency.,选择薪资频率
Select Property,选择属性
Select Shift Requests,选择班次申请
Select Terms and Conditions,选择条款与条件
Select Users,选择用户
Select the Employee for which you want to allocate leaves.,选择需要分配假期的员工
Select the Employee.,选择员工
"Select the Leave Type like Sick leave, Privilege Leave, Casual Leave, etc.",选择假期类型如病假、特权假、事假等
Select the date after which this Leave Allocation will expire.,选择本假期分配过期日期
Select the date from which this Leave Allocation will be valid.,选择本假期分配生效日期
Select the end date for your Leave Application.,选择请假申请截止日期
Select the salary components whose total will be used from the salary slip to calculate the hourly overtime rate.,选择将从工资条中提取总额用于计算小时加班费的工资组件。
Select the start date for your Leave Application.,选择请假申请开始日期
Select this if you want shift assignments to be automatically created indefinitely.,选择此项将无限期自动创建班次分配
"Select type of leave the employee wants to apply for, like Sick Leave, Privilege Leave, Casual Leave, etc.",选择员工申请的假期类型如病假、特权假、事假等
Select your Leave Approver i.e. the person who approves or rejects your leaves.,选择您的假期审批人
Self Appraisal Pending: {0},待自我评估：{0}
Self Appraisal Score,自我评估得分
Self Score,自我评分
Self-approval for Expense Claims is not allowed,不允许费用报销的自我审批
Self-approval for leaves is not allowed,禁止自我审批假期
Seminar,研讨会
Send Emails At,邮件发送时间
Send Exit Questionnaire,发送离职问卷
Send Exit Questionnaires,批量发送离职问卷
Sender Copy,发件人副本
Sending Failed due to missing email information for employee(s): {1},发送失败，缺失员工邮箱信息：{1}
Sent Successfully: {0},成功发送：{0}
Separation Activities,离职活动
Separation Begins On,离职流程开始日期
Service Details,服务明细
Service Expense,服务费用
"Set ""From(Year)"" and ""To(Year)"" to 0 for no upper and lower limit.","将 ""从(年份) ""和 ""到(年份) ""设置为 0 表示无上限和下限。"
Set Leave Details,设置休假明细
Set Relieving Date for Employee: {0},设置员工{0}的离职日期
Set opening balances for earnings and taxes from the previous employer,设置前雇主收入与税费期初余额
Set optional filters to fetch employees in the appraisee list,设置可选筛选条件获取被考核人列表
Set the default account for the {0} {1},为{0}{1}设置默认账户
Set the status to {0} if required.,必要时设置状态为{0}
Set {0} for selected employees,为选定员工设置{0}
Settings Missing,缺失配置
Settle against Advances,冲抵预支款
Settle all Payables and Receivables before submission,提交前需结清所有应收应付
Shared document with the user {0} with 'Submit' permission,已与用户{0}共享文档并授予“提交”权限
Shift Actual End Time,班次实际结束时间
Shift Actual Start Time,班次实际开始时间
Shift Assignment Details,班次分配明细
Shift Assignment History,班次分配历史
Shift Assignment: {0} created for Employee: {1},已为员工{1}创建班次分配{0}
Shift Assignments created for the schedule between {0} and {1} via background job,已通过后台任务为{0}至{1}期间的排班创建班次分配
Shift Details,班次详情
Shift End Time,班次结束时间
Shift Location,班次地点
Shift Request Approver,班次申请审批人
Shift Request Filters,班次申请筛选器
Shift Requests ending before this date will be excluded.,此日期前结束的班次申请将被排除
Shift Requests starting after this date will be excluded.,此日期后开始的班次申请将被排除
Shift Schedule,班次表
Shift Schedule Assignment,班次表分配
Shift Start Time,班次开始时间
Shift Status,班次状态
Shift Timings,班次时间
Shift Tools,班次工具
Shift assignments for {0} after {1} are already created. Please change {2} date to a date later than {3} {4},{0}在{1}之后的班次分配已创建。请将{2}日期更改为晚于{3}{4}的日期
Shift has been successfully updated to {0}.,班次已成功更新为{0}
Show Employee,显示员工
Show Salary Slip,显示工资条
Showing,显示中
Sick Leave,病假
Single Assignment,单次分配
Skill,技能
Skill Name,技能名称
Skills,技能列表
"Skipping Salary Structure Assignment for the following employees, as Salary Structure Assignment records already exists against them. {0}",以下员工薪资结构分配记录已存在，跳过分配：{0}
Source and target shifts cannot be the same,源班次与目标班次不可相同
Sponsored Amount,赞助金额
Staffing Details,人员配置明细
Staffing Plan,人员配置计划
Staffing Plan Detail,人员配置计划明细
Standard Multiplier,标准乘数
Standard Tax Exemption Amount,标准免税额度
"Start and end dates not in a valid Payroll Period, cannot calculate {0}.",起止日期不在有效薪资周期内，无法计算{0}
Start date cannot be greater than end date,开始日期不能大于结束日期
Start date cannot be greater than end date.,开始日期不能大于结束日期。
Start time and end time cannot be same.,开始与结束时间不可相同
Status for Other Half,其他部分状态
Stock Options,股票期权
Submission Date,提交日期
Submission Failed,提交失败
Submission of {0} before {1} is not allowed,禁止在{1}前提交{0}
Submit Feedback,提交反馈
Submit Now,立即提交
Submit Overtime Slips,提交加班单
Submit Proof,提交证明
Submit Salary Slip,提交工资条
Submit this Leave Application to confirm.,提交请假申请以确认
Submit this to create the Employee record,提交以创建员工档案
Submitted via Payroll Entry,通过薪资录入提交
Submitting Salary Slips and creating Journal Entry...,提交工资条并创建日记账分录...
Submitting Salary Slips...,正在提交工资条...
Subsidiary companies have already planned for {1} vacancies at a budget of {2}. Staffing Plan for {0} should allocate more vacancies and budget for {3} than planned for its subsidiary companies,子公司已规划{1}个空缺岗位，预算{2}。{0}的人员配置计划应为{3}分配更多空缺和预算
Successfully created {0} for employees:,成功为员工创建{0}：
Successfully {0} {1} for the following employees:,成功为以下员工{0}{1}：
Sum of all previous slabs,所有前期税级总和
Sum of benefit amounts {0} exceeds maximum limit of {1},福利金额总和{0}超过最大限额{1}
Sync {0},同步{0}
Syntax error,语法错误
Syntax error in condition: {0} in Income Tax Slab,所得税税级条件语法错误：{0}
Take Exact Completed Years,按整年计算
Tax Deducted Till Date,截至当前已扣税款
Tax Exemption Category,免税类别
Tax Exemption Declaration,免税申报
Tax Exemption Proofs,免税证明
Tax on additional salary,附加薪资税费
Tax on flexible benefit,弹性福利税费
Taxable Earnings Till Date,截至当前应税收入
Taxable Income Relief Threshold Limit,应税收入减免阈值限额
Taxi,出租车
Team Advances,团队预支
Team Claims,团队报销
Team Leaves,团队假期
Team Requests,团队申请
Team Updates,团队动态
Thank you for applying.,感谢您的申请。
The currency of {0} should be same as the company's default currency. Please select another account.,账户{0}的币种需与公司默认币种一致。请选择其他账户
The date on which Salary Component with Amount will contribute for Earnings/Deduction in Salary Slip. ,薪资组件金额计入工资条收入/扣除项的日期
The day(s) on which you are applying for leave are holidays. You need not apply for leave.,申请日期为节假日，无需请假
The days between {0} to {1} are not valid holidays.,{0}至{1}期间并非有效节假日
The first Approver in the list will be set as the default Approver.,列表首位审批人将设为默认审批人
The fraction of Daily Salary per Leave should be between 0 and 1,单日假薪资扣除比例应在0到1之间
The metrics for this report are calculated based on the {0}. Please set {0} in {1}.,本报告指标基于{0}计算，请在{1}设置{0}
The metrics for this report are calculated based on {0}. Please set {0} in {1}.,本报告指标基于{0}计算，请在{1}设置{0}
"The salary slip emailed to the employee will be password protected, the password will be generated based on the password policy.",邮件发送的工资条将密码保护，密码根据密码策略生成
Theory,理论
There are more holidays than working days this month.,本月节假日多于工作日
There are no arrear differences between existing and new salary structure components.,现有与新薪资结构组件之间无欠薪差异。
There are no vacancies under staffing plan {0},人员配置计划{0}下无空缺岗位
There is no Salary Structure assigned to {0}. First assign a Salary Structure.,没有分配给 {0} 的薪资结构。首先指定薪资结构。
There's no Employee with Salary Structure: {0}. Assign {1} to an Employee to preview Salary Slip,无员工使用薪资结构{0}。分配{1}给员工以预览工资条
"These leaves are holidays permitted by the company however, availing it is optional for an Employee.",此类假期为公司允许的节假日，员工可自主选择是否休假
This action will prevent making changes to the linked appraisal feedback/goals.,此操作将阻止修改关联的考核反馈/目标
"This check-in is outside assigned shift hours and will not be considered for attendance. If a shift is assigned, adjust its time window and Fetch Shift again.",当前签到时间超出班次时段不计入考勤。若已分配班次，请调整时间后重新获取班次
This compensatory leave will be applicable from {0}.,本补休假自{0}起生效
This employee already has a log with the same timestamp.{0},该员工已有相同时间戳记录{0}
This error can be due to invalid formula or condition.,可能由无效公式或条件导致
This error can be due to invalid syntax.,可能由语法错误导致
This error can be due to missing or deleted field.,可能由字段缺失或删除导致
This field allows you to set the maximum number of consecutive leaves an Employee can apply for.,本字段用于设置员工可申请的最大连续休假天数
This field allows you to set the maximum number of leaves that can be allocated annually for this Leave Type while creating the Leave Policy,本字段用于在创建休假政策时设置该假期类型的年度最大分配天数
This is based on the attendance of this Employee,基于该员工的考勤记录
This will overwrite the tax component {0} in the salary slip and tax won't be calculated based on the Income Tax Slabs,这将覆盖工资单中的税务组件{0}，且不再根据所得税税率表计算税额
Time taken to fill the open positions,填补空缺职位的耗时
Time to Fill,填补时间
Timesheet Details,工时明细
Timing,时间安排
To Amount,目标金额
To Date should be greater than From Date,截止日期应晚于起始日期
To User,接收用户
"To allow this, enable {0} under {1}.",要允许此操作，请在{1}下启用{0}
To apply for a Half Day check 'Half Day' and select the Half Day Date,要申请半天假，请勾选'半天假'并选择半天假日期
"To overwrite the salary component amount for a tax component, please enable {0}",要覆盖税务组件的薪资组件金额，请启用{0}
To(Year),至（年度）
To(Year) year can not be less than From(year),至（年度）不可早于起始年度
Today is {0}'s birthday 🎉,今天是{0}的生日🎉
Today {0} at our Company! 🎉,今天是{0}在我司的纪念日！🎉
Today {0} completed {1} {2} at our Company! 🎉,今天{0}在我们公司完成了{1} {2}！ 🎉
Total Accrued,总计提额
Total Actual Amount,实际总金额
Total Advance Amount,预支总金额
Total Advance Amount (Company Currency),预付款总额（本币）
Total Allocated Leave(s),总分配假期
Total Amount Reimbursed,已报销总金额
Total Amount cannot be zero,总金额不可为零
Total Asset Recovery Cost,资产回收总成本
Total Claimed Amount,申报总金额
Total Claimed Amount (Company Currency),索赔总额（本币）
Total Days Without Pay,无薪总天数
Total Declared Amount,申报总金额
Total Deduction,总扣除额
Total Deduction (Company Currency),总扣除额（公司币种）
Total Earning,总收入
Total Earnings,总收入
Total Estimated Budget,总预算估算
Total Estimated Cost,总成本估算
Total Exchange Gain/Loss,总汇兑损益
Total Exemption Amount,免税额总计
Total Goal Score,目标总分
Total Gross Pay,应发工资总额
Total Income Tax,所得税总额
Total Interest Amount,利息总金额
Total Leave Days,总请假天数
Total Leaves,总假期
Total Leaves ({0}),总假期（{0}）
Total Leaves Allocated,总分配假期
Total Leaves Encashed,已兑现总假期
Total Net Pay,实发工资总额
Total Overtime Duration,总加班时长
Total Payout,总支付额
Total Receivable Amount,应收总金额
Total Resignations,总离职人数
Total Sanctioned Amount,批准总金额
Total Sanctioned Amount (Company Currency),制裁总额（本币）
Total Score,总分
Total Self Score,自评总分
Total allocated leaves are more than maximum allocation allowed for {0} leave type for employee {1} in the period,分配假期总数超过员工{1}在期间内{0}假期类型的最大可分配数
Total in words (Company Currency),大写金额（公司币种）
Total leaves allocated cannot exceed annual allocation of {0}.,分配假期总数不可超过年度分配额{0}
Total of all employee benefits cannot be greater that Max Benefits Amount {0},所有员工福利总额不能大于最大福利金额{0}
Total salary booked against this component for this employee from the beginning of the year (payroll period or fiscal year) up to the current salary slip's end date.,本年度（薪资周期或会计年度）至当前工资单截止日，该员工本组件累计薪资总额
Total salary booked for this employee from the beginning of the month up to the current salary slip's end date.,本月至当前工资单截止日，该员工累计薪资总额
Total salary booked for this employee from the beginning of the year (payroll period or fiscal year) up to the current salary slip's end date.,本年度（薪资周期或会计年度）至当前工资单截止日，该员工累计薪资总额
"Total weightage for all {0} must add up to 100. Currently, it is {1}%",所有{0}的总权重必须为100%。当前为{1}%
Total working Days Per Year,年总工作日数
Trainer Email,培训师邮箱
Trainer Name,培训师姓名
Training,培训
Training Date,培训日期
Training Event:,培训活动：
Training Feedback,培训反馈
Training Program,培训计划
Training Result,培训结果
Trainings,培训记录
Transactions cannot be created for an Inactive Employee {0}.,无法为离职员工{0}创建交易记录
Travel,差旅
Travel Advance Required,需预支差旅费
Travel Funding,差旅经费
Travel Itinerary,差旅行程
Travel Request,差旅申请
Travel Request Costing,差旅申请成本核算
Travel To,目的地
Travel Type,差旅类型
Type of Proof,证明类型
Unable to retrieve your location,无法获取您的位置
Unarchive,取消归档
Unclaimed Amount (Company Currency),无人认领金额（本币）
Unlink Payment,解除付款关联
Unlinked Attendance record from Employee Checkins: {},已解除考勤记录与员工签到的关联：{}
Unlinked logs,未关联日志
Unmarked Attendance for days,未标记考勤天数
Unmarked Check-in Logs Found,发现未标记签到记录
Unmarked Days,未标记天数
Unmarked Employee Header,未标记员工标题
Unmarked Employees HTML,未标记员工HTML
Unmarked days,未标记天数
Unpaid Accrual,未支付计提额
Unpaid Expense Claim,未支付费用报销
Unsettled Transactions,未结算交易
Unsubmitted Appraisals,未提交考核
Unused leaves,未使用假期
Upcoming Holidays,即将到来的假期
Upcoming Holidays Reminder,假期临近提醒
Upcoming Shifts,即将排班
Update Expense,更新费用
Update Job Applicant,更新职位申请人
Update Progress,更新进度
Update Response,更新回复
Update Status,更新状态
Update Tax,更新税务
Updated status from {0} to {1} for date {2} in the attendance record {3},考勤记录{3}中日期{2}的状态已从{0}更新为{1}
Updated the Job Applicant status to {0},已将职位申请人状态更新为{0}
Updated the status of Job Offer {0} for the linked Job Applicant {1} to {2},已将关联的职位申请人{1}的录用通知{0}状态更新为{2}
Updated the status of linked Job Applicant {0} to {1},已更新关联职位申请人{0}的状态为{1}
Upload Attendance,上传考勤
Upload HTML,上传HTML
Upload images or documents,上传图片或文档
Used Leave(s),已用假期
Used Leaves,已用假期
Vacancies,空缺职位
Vacancies cannot be lower than the current openings,空缺职位不可少于当前空缺数
Vacancies fulfilled,已填补空缺
Validate Attendance,验证考勤
Validating Employee Attendance...,正在验证员工考勤...
Value / Description,数值/描述
Value missing,缺少数值
Vehicle Expenses,车辆费用
Vehicle Service,车辆服务
View Goals,查看目标
View Leave History,查看请假历史
View Salary Slips,查看工资单
Violet,紫色
WARNING: Loan Management module has been separated from ERPNext.,警告：贷款管理模块已从ERPNext中分离
Warning: Insufficient leave balance for Leave Type {0} in this allocation.,警告：本次分配中{0}假期类型的可用余额不足
Warning: Insufficient leave balance for Leave Type {0}.,警告：{0}假期类型的可用余额不足
Warning: {0} already has an active Shift Assignment {1} for some/all of these dates.,警告：{0}在部分/全部日期已有生效的班次分配{1}
Website Listing,官网职位列表
Weekend Multiplier,周末乘数
Weightage (%),权重（%）
"When set to 'Inactive', employees with conflicting active shifts will not be excluded.",设为'停用'时，冲突班次的有效员工将不被排除
Whereas allocation for Compensatory Leaves is automatically created or updated on submission of Compensatory Leave Request.,调休申请提交后将自动创建或更新对应的调休分配
Why is this Candidate Qualified for this Position?,该候选人为何适合此职位？
Withheld,暂扣
Work Anniversary Reminder,工作周年提醒
Work Experience Calculation Method,工作经验计算方式
Work From Home,居家办公
Work References,工作证明人
Work Summary for {0},{0}的工作总结
Worked On Holiday,假日工作
Working Days,工作日
Year To Date,本年累计
Year To Date(Company Currency),本年累计（公司币种）
Yearly Benefit,年度福利
"Yes, Proceed",确定继续
You are not present all day(s) between compensatory leave request days,调休申请日期间您未全天出勤
You can not define multiple slabs if you have a slab with no lower and upper limits.,存在无上下限的税率段时不可定义多个税率段
You can not request for your Default Shift: {0},不可申请默认班次{0}
You can only plan for upto {0} vacancies and budget {1} for {2} as per staffing plan {3} for parent company {4}.,根据母公司{4}的编制计划{3}，您最多可规划{2}的{0}个空缺职位及{1}预算
You can only submit Leave Encashment for a valid encashment amount,仅当存在有效兑现金额时可提交假期折现申请
"You can only upload JPG, PNG, PDF, TXT or Microsoft documents.",仅可上传JPG、PNG、PDF、TXT或Microsoft文档
You cannot reverse more than the total LWP days {0}. You have already reversed {1} days for this employee.,您不能冲销超过总LWP天数{0}。您已为该员工冲销{1}天。
You do not have permission to complete this action,您无权限执行此操作
You have no advances,您无预支款项记录
You have no leaves allocated,您无已分配的假期额度
You have no notifications,您当前无待阅通知
You have no requests,您无待处理请求
You have no upcoming holidays,您近期无节假日安排
You have no upcoming shifts,您暂无即将排班
"You may add additional details, if any, and submit the offer.",您可补充其他详细信息（如有）并提交录用通知
You must be within {0} meters of your shift location to check in.,需在班次地点{0}米范围内方可签到
You were only present for Half Day on {}. Cannot apply for a full day compensatory leave,您仅于{}出勤半天，不可申请全天调休
Your Interview session is rescheduled from {0} {1} - {2} to {3} {4} - {5},您的面试时段已从{0}{1}-{2}调整至{3}{4}-{5}
Your password has expired. Please reset your password to continue,密码已过期，请重置密码以继续
active,生效中
based on,基于
cancellation,取消
cancelled,已取消
create/submit,创建/提交
johndoe@mail.com,johndoe@mail.com
modify_half_day_status,修改半日状态
or for the Employee's Department: {0},或员工所属部门：{0}
process,处理
processed,已处理
review,评审
reviews,评审
submitted,已提交
via Salary Component sync,通过薪资组件同步
year,年度
years,年
{0} & {1},{0} & {1}
{0} & {1} more,{0} 及另外{1}项
{0} : {1},{0}：{1}
{0} <br> This error can be due to missing or deleted field.,{0} <br> 此错误可能由字段缺失或删除导致
{0} Appraisal(s) are not submitted yet,尚有{0}份考核未提交
{0} Field,{0} 字段
{0} Missing,缺失{0}
{0} Row #{1}: Formula is set but {2} is disabled for the Salary Component {3}.,{0} 行#{1}：已设置公式但薪资组件{3}的{2}未启用
{0} Row #{1}: {2} needs to be enabled for the formula to be considered.,{0} 行#{1}：需启用{2}才能使公式生效
{0} Unread,{0} 未读
{0} already allocated for Employee {1} for period {2} to {3},员工{1}在{2}至{3}期间已分配{0}
{0} already exists for employee {1} and period {2},员工{1}在期间{2}已存在{0}
{0} already has an active Shift Assignment {1} for some/all of these dates.,{0}在部分/全部日期已有生效的班次分配{1}
{0} applicable after {1} working days,{0}需在{1}个工作日之后生效
{0} balance,{0}余额
{0} completed {1} {2},{0}已完成{1} {2}
{0} created successfully!,{0}创建成功！
{0} deleted successfully!,{0}删除成功！
{0} failed!,{0}失败！
{0} has {1} enabled,{0}已启用{1}
{0} is an Accrual Component and this will be recorded as a payout in Employee Benefits Ledger,{0}为计提组件，这将作为支付记录在员工福利分类账中
{0} is an invalid Attendance Status.,{0}为无效考勤状态。
{0} is not a holiday.,{0}非节假日
{0} is not allowed to submit Interview Feedback for the Interview: {1},{0}无权提交面试{1}的反馈
{0} leaves allocated successfully,成功分配{0}天假期
{0} leaves from allocation for {1} leave type have expired and will be processed during the next scheduled job. It is recommended to expire them now before creating new leave policy assignments.,针对{1}假期类型分配的{0}天假期已过期，系统将在下次计划任务中自动处理。建议在新建假期政策分配前立即执行过期操作。
{0} leaves were manually allocated by {1} on {2},{1}于{2}手动分配了{0}天假期
{0} of {1} Completed,已完成{1}中的{0}
{0} successful!,{0}成功！
{0} successfully!,{0}成功！
{0} to {1} employee(s)?,确认将{0}应用于{1}名员工？
{0} updated successfully!,{0}更新成功！
{0} vacancies and {1} budget for {2} already planned for subsidiary companies of {3}. You can only plan for upto {4} vacancies and and budget {5} as per staffing plan {6} for parent company {3}.,子公司{3}已规划{2}的{0}个空缺职位及{1}预算。根据母公司{3}的编制计划{6}，您最多可规划{4}个空缺职位及{5}预算
{0} will be updated for the following Salary Structures: {1}.,将更新以下薪资结构{1}的{0}
{0} {1} {2}?,{0} {1} {2}?
{0}. Check error log for more details.,{0}。检查错误日志以获取更多详细信息。
{0}: From {0} of type {1},{0}：类型为{1}的{0}
{} ,{} 
{} Accepted,{} 已接受
{} Draft,{} 草稿
{} Unclaimed,{} 未认领
{} {} open for this position.,该职位有{}个{}空缺
Set Valuation Rate for Rejected Materials,设置拒收物料成本价
Traceability Direction,追溯方向
Backward,向后
Top Customers,大客户
Item-wise Annual Sales,年度单品销售额
Delivery Trends,销售出货趋势
Oldest Items,呆滞物料
Item Shortage Summary,缺货清单
Material Request Analysis,物料需求分析
Top Suppliers,核心供应商
Open Opportunity,在手商机
Incoming Leads,收到的线索
Opportunity Trends,商机趋势
Territory Wise Opportunity Count,区域商机数
Opportunities via Campaigns,营销转化的商机
Is Composite Component,是子资产
Rate,税率,Sales Taxes and Charges
Rate,税率,Purchase Taxes and Charges
Payslip,已关联工资单,Timesheet
Debit Note,扣款,Accounts Payable Summary
Debit Note,扣款,Accounts Payable
State,状态,Workflow Document State
State,状态,Workflow Transition
Credit Note,退款,Accounts Receivable
Weight,权重,Task
Period,频率,Auto Email
Rate,税率,Sales Taxes and Charges Template
Rate,税率,Purchase Taxes and Charges Template
Make,品牌,Vehicle
Make,品牌,Vehicle Log
Left,已离职,Employee
Accounts,科目,Accounting Dimension Filter
Account Name,户名,Bank Account
Account Type,账户类型,Bank Account
Payments,收款,Sales Invoice
Advance Payments,预收款,Sales Invoice
Advance Paid,预收款,Sales Order
Open Documents,关注的单据类型,Notification Settings
Outward,发出,Serial and Batch Bundle
Inward,收到,Serial and Batch Bundle
In Process,制程检验,Quality Inspection
Off,停机,Workstation
Base,基本工资,Salary Structure Assignment
Issue,资产发出,Asset Movement
Receipt,资产收到,Asset Movement
Transfer,资产移转,Asset Movement
Reset Desktop Layout,重置桌面布局
Edit Layout,编辑桌面布局
"Is Subcontracted","受托加工","Sales Order"
Subcontracted Quantity,"受托加工数量","Sales Order Item"
"Is Customer Provided Item","是客供料"
Is Subcontracted Item,是委外/受托加工物料
Freeze,冻结
Save Current Filter,保存筛选器
Scan Job Card Qrcode,扫描生产任务单二维码
"if not checked, it will be excluded from send to manufacture,manual transfer it to WIP warehouse without refer to work order instead","如不勾选表示此物料不按工单发料，工单发料明细不包含它；需手动将其转入车间仓"
"for equipment pool case, number of individual equipment","针对多台设备作为一个工站，这个是设备台数"
Physical SFG produced in-house,自制半成品
"for subcontract case, ticked means this item excluded from the to-be sent to supplier raw material list",针对委外场景，勾选则委外发料明细不包含此物料
Balance Sheet Settings,中国资产负责表设置
Profit and Loss Statement Settings,中国损益表设置
Fin Balance Sheet,中国资产负债表
Fin Profit and Loss Statement,中国损益表
Customer Part Number,客户物料名
Expenses Added To Stock Account,结转库存的费用科目
Expenses Added To Stock Contra Account,结转库存的费用备抵科目
HR Setup,人力资源设置
Shift and Attendance,班次与考勤
Leave Settings,请假设置
Expenses Settings,费用报销设置
Total Present (This Month),本月出勤总人数
Total Absent (This Month),本月缺勤总人数
Late Entry (This Month),本月迟到人次
Early Exit (This Month),本月早退人次
Timesheet Activity Breakup,工时表活动分布
Shift Assignment Breakup,排班分配分布
Department wise Timesheet Hours,各部门工时统计
Total Employees,员工总数
New Hires (This Year),今年新入职人数
Employee Exits (This Year),今年离职人数
Employees Joining (This Quarter),本季度入职人数
Employees Relieving (This Quarter),本季度离职人数
Hiring vs Attrition Count,入职与离职人数对比
Employees by Age,员工年龄分布
Gender Diversity Ratio,性别比例分布
Employees by Type,员工类型分布
Employees by Grade,员工职级分布
Employees by Branch,按分支机构/分公司员工分布
Designation Wise Employee Count,按职位统计员工数
Department Wise Employee Count,按部门统计员工数
Onboardings (This Month),本月入职办理数
Separations (This Month),本月离职办理数
Promotions (This Month),本月晋升人数
Transfers (This Month),本月调动人数
Trainings (This Month),本月培训场次
Y-O-Y Transfers,调动人数同比分析
Y-O-Y Promotions,晋升人数同比分析
Training Type,培训类型
Employee Lifecycle,员工生命周期
